date,water_level_m
2021-01-01 00:00:00,2.007080479837009
2021-01-01 01:00:00,2.084488428834016
2021-01-01 02:00:00,2.0707911410782116
2021-01-01 03:00:00,2.0566661789030487
2021-01-01 04:00:00,1.9851233889005566
2021-01-01 05:00:00,2.03359457741101
2021-01-01 06:00:00,1.8131604591851995
2021-01-01 07:00:00,2.0709079907852614
2021-01-01 08:00:00,2.334556469444167
2021-01-01 09:00:00,1.997130476802182
2021-01-01 10:00:00,2.0291943825386483
2021-01-01 11:00:00,2.102835866979339
2021-01-01 12:00:00,2.3900896579398285
2021-01-01 13:00:00,2.3579461438875513
2021-01-01 14:00:00,2.337555643221015
2021-01-01 15:00:00,2.160777345265979
2021-01-01 16:00:00,2.1671024488454664
2021-01-01 17:00:00,2.412408609681478
2021-01-01 18:00:00,2.4988236681711022
2021-01-01 19:00:00,2.4387218954169287
2021-01-01 20:00:00,2.5733591658106345
2021-01-01 21:00:00,2.2538983176975496
2021-01-01 22:00:00,2.369609131975451
2021-01-01 23:00:00,2.1673513956535286
2021-01-02 00:00:00,2.3549996247284284
2021-01-02 01:00:00,2.439381255988691
2021-01-02 02:00:00,2.286666409533187
2021-01-02 03:00:00,2.3563103258073053
2021-01-02 04:00:00,2.2591772964817802
2021-01-02 05:00:00,2.4323676384850925
2021-01-02 06:00:00,2.3456555178103713
2021-01-02 07:00:00,2.19095377654975
2021-01-02 08:00:00,2.2959530500794787
2021-01-02 09:00:00,2.2065068794284364
2021-01-02 10:00:00,2.142030874362068
2021-01-02 11:00:00,2.1719974190307125
2021-01-02 12:00:00,2.1965913579687264
2021-01-02 13:00:00,2.1731248619880508
2021-01-02 14:00:00,2.265329454999001
2021-01-02 15:00:00,2.302446591235605
2021-01-02 16:00:00,2.164700488033754
2021-01-02 17:00:00,2.3896282309488384
2021-01-02 18:00:00,2.058248665150381
2021-01-02 19:00:00,2.0988653792351593
2021-01-02 20:00:00,2.3285685251685053
2021-01-02 21:00:00,2.2043739297005556
2021-01-02 22:00:00,2.1314160581120003
2021-01-02 23:00:00,2.1579025473269677
2021-01-03 00:00:00,2.122341459583901
2021-01-03 01:00:00,2.121295201778659
2021-01-03 02:00:00,2.2542000557096533
2021-01-03 03:00:00,2.4137029249721196
2021-01-03 04:00:00,2.2173994795241674
2021-01-03 05:00:00,2.3228198499187593
2021-01-03 06:00:00,2.403996842604421
2021-01-03 07:00:00,2.068554758598673
2021-01-03 08:00:00,2.3190075103800663
2021-01-03 09:00:00,2.257305952370058
2021-01-03 10:00:00,2.2586197258844023
2021-01-03 11:00:00,2.0975698802367915
2021-01-03 12:00:00,2.107115683439178
2021-01-03 13:00:00,2.019892244354476
2021-01-03 14:00:00,2.168783689432144
2021-01-03 15:00:00,2.0780917718954526
2021-01-03 16:00:00,1.9658690262944014
2021-01-03 17:00:00,2.0238255897729482
2021-01-03 18:00:00,2.0764116291833354
2021-01-03 19:00:00,2.092568280268943
2021-01-03 20:00:00,2.110628825299265
2021-01-03 21:00:00,1.9126661459153615
2021-01-03 22:00:00,2.179749505127619
2021-01-03 23:00:00,2.117758279093089
2021-01-04 00:00:00,2.11856426317354
2021-01-04 01:00:00,2.1572142977750564
2021-01-04 02:00:00,1.9233599376197679
2021-01-04 03:00:00,2.092628830837705
2021-01-04 04:00:00,1.9921286894566115
2021-01-04 05:00:00,2.0550884754318344
2021-01-04 06:00:00,2.1731287565260495
2021-01-04 07:00:00,2.1388869105878276
2021-01-04 08:00:00,1.9741493227768827
2021-01-04 09:00:00,2.0159750942156087
2021-01-04 10:00:00,1.9049124726620463
2021-01-04 11:00:00,2.008196039133787
2021-01-04 12:00:00,2.223277413064259
2021-01-04 13:00:00,1.8905651248487
2021-01-04 14:00:00,2.1734319155186776
2021-01-04 15:00:00,2.118412036721175
2021-01-04 16:00:00,2.152276493240227
2021-01-04 17:00:00,1.9244492007768108
2021-01-04 18:00:00,1.9179210623878273
2021-01-04 19:00:00,2.1340075927299664
2021-01-04 20:00:00,2.0021756977292875
2021-01-04 21:00:00,2.0225749061580007
2021-01-04 22:00:00,1.9750990846283794
2021-01-04 23:00:00,2.0624886206376716
2021-01-05 00:00:00,2.0952908644733763
2021-01-05 01:00:00,2.237719498697494
2021-01-05 02:00:00,2.0461942678585983
2021-01-05 03:00:00,2.1004232604137725
2021-01-05 04:00:00,2.130416212452813
2021-01-05 05:00:00,2.2565999694597503
2021-01-05 06:00:00,2.0194531669791203
2021-01-05 07:00:00,2.1515963729169956
2021-01-05 08:00:00,2.1695120614237506
2021-01-05 09:00:00,1.9759869516972046
2021-01-05 10:00:00,1.9724506915862818
2021-01-05 11:00:00,2.0627792042282773
2021-01-05 12:00:00,2.009910239992782
2021-01-05 13:00:00,1.9445148754284047
2021-01-05 14:00:00,1.9769672873186475
2021-01-05 15:00:00,2.169123725201904
2021-01-05 16:00:00,2.1639375039075777
2021-01-05 17:00:00,2.086083298882546
2021-01-05 18:00:00,2.213532815891091
2021-01-05 19:00:00,2.051277049715026
2021-01-05 20:00:00,2.1223963938520747
2021-01-05 21:00:00,2.0585335739837856
2021-01-05 22:00:00,1.994405446657819
2021-01-05 23:00:00,1.9991757148374991
2021-01-06 00:00:00,2.0693434753968556
2021-01-06 01:00:00,1.935521861000702
2021-01-06 02:00:00,2.255585085728032
2021-01-06 03:00:00,2.1623988898136024
2021-01-06 04:00:00,2.1329442619972396
2021-01-06 05:00:00,2.136014406927372
2021-01-06 06:00:00,2.0462923434895126
2021-01-06 07:00:00,2.2251355950157983
2021-01-06 08:00:00,1.9002827089200667
2021-01-06 09:00:00,2.0816775811784587
2021-01-06 10:00:00,2.2769266059882423
2021-01-06 11:00:00,1.890447199350309
2021-01-06 12:00:00,1.9387106218836407
2021-01-06 13:00:00,2.0749478548786393
2021-01-06 14:00:00,2.111348048635462
2021-01-06 15:00:00,1.8179065180054377
2021-01-06 16:00:00,1.9681658270766567
2021-01-06 17:00:00,2.142262297457078
2021-01-06 18:00:00,1.9836950871032162
2021-01-06 19:00:00,2.113261514554885
2021-01-06 20:00:00,2.146065726273077
2021-01-06 21:00:00,1.990056627236442
2021-01-06 22:00:00,2.0349987622534056
2021-01-06 23:00:00,2.0449436996360766
2021-01-07 00:00:00,2.065906612252657
2021-01-07 01:00:00,2.065424467463196
2021-01-07 02:00:00,2.2123717988744334
2021-01-07 03:00:00,2.0246666161574236
2021-01-07 04:00:00,2.1432551000820586
2021-01-07 05:00:00,2.0760316185860024
2021-01-07 06:00:00,2.077102568790108
2021-01-07 07:00:00,2.0707902862049017
2021-01-07 08:00:00,2.091192067287716
2021-01-07 09:00:00,2.0301889921787892
2021-01-07 10:00:00,2.0719020755965225
2021-01-07 11:00:00,2.138778069028056
2021-01-07 12:00:00,2.120051645233651
2021-01-07 13:00:00,2.1124465667634893
2021-01-07 14:00:00,2.1356270230207217
2021-01-07 15:00:00,2.1424182156420346
2021-01-07 16:00:00,2.0637368461122483
2021-01-07 17:00:00,2.1697639357602703
2021-01-07 18:00:00,2.376598308712363
2021-01-07 19:00:00,2.163176441333357
2021-01-07 20:00:00,2.257991268144523
2021-01-07 21:00:00,2.1259508589791616
2021-01-07 22:00:00,2.05688179610783
2021-01-07 23:00:00,2.1303606961360373
2021-01-08 00:00:00,2.056225255363521
2021-01-08 01:00:00,2.2216245265239727
2021-01-08 02:00:00,2.1259835858223224
2021-01-08 03:00:00,2.192014185270392
2021-01-08 04:00:00,2.3609056907194934
2021-01-08 05:00:00,2.0710542015403552
2021-01-08 06:00:00,2.1367279697240993
2021-01-08 07:00:00,2.1674548363673396
2021-01-08 08:00:00,2.14485308759275
2021-01-08 09:00:00,2.041884447655559
2021-01-08 10:00:00,2.275671586368248
2021-01-08 11:00:00,2.3247396751910627
2021-01-08 12:00:00,2.1442744337418485
2021-01-08 13:00:00,1.980338823472477
2021-01-08 14:00:00,2.1861961982521585
2021-01-08 15:00:00,2.2728380622089555
2021-01-08 16:00:00,2.2337418157719098
2021-01-08 17:00:00,2.011892506650034
2021-01-08 18:00:00,2.1840171579190595
2021-01-08 19:00:00,1.9888771402749792
2021-01-08 20:00:00,2.0721125258425044
2021-01-08 21:00:00,2.1173112907913056
2021-01-08 22:00:00,2.2915430249517055
2021-01-08 23:00:00,2.174372659200303
2021-01-09 00:00:00,2.1293791814570877
2021-01-09 01:00:00,2.049598484653555
2021-01-09 02:00:00,2.2675934618014595
2021-01-09 03:00:00,2.010316702140461
2021-01-09 04:00:00,2.018490308193228
2021-01-09 05:00:00,2.07763838457868
2021-01-09 06:00:00,2.0012268782864204
2021-01-09 07:00:00,2.191891102597133
2021-01-09 08:00:00,2.2727234139548775
2021-01-09 09:00:00,2.1385189624981265
2021-01-09 10:00:00,2.0566032228197275
2021-01-09 11:00:00,2.238636333022175
2021-01-09 12:00:00,2.096822270092577
2021-01-09 13:00:00,2.085380908125575
2021-01-09 14:00:00,2.071842428295881
2021-01-09 15:00:00,2.1228264442135334
2021-01-09 16:00:00,2.0244054945134575
2021-01-09 17:00:00,2.1168530690356406
2021-01-09 18:00:00,2.1247274857150824
2021-01-09 19:00:00,1.986282157687271
2021-01-09 20:00:00,1.9950841348333548
2021-01-09 21:00:00,2.0002659915629586
2021-01-09 22:00:00,2.013744106823334
2021-01-09 23:00:00,2.125601385619928
2021-01-10 00:00:00,2.0809156990657725
2021-01-10 01:00:00,2.0563195685523747
2021-01-10 02:00:00,2.0353684726320327
2021-01-10 03:00:00,2.1181143542906997
2021-01-10 04:00:00,2.0012029741765134
2021-01-10 05:00:00,2.2110522893440847
2021-01-10 06:00:00,2.0562791617415286
2021-01-10 07:00:00,2.1688557594318003
2021-01-10 08:00:00,1.9506019827315633
2021-01-10 09:00:00,2.1176232277626483
2021-01-10 10:00:00,2.205986488664243
2021-01-10 11:00:00,2.110461931392145
2021-01-10 12:00:00,2.2781030067182044
2021-01-10 13:00:00,1.9649733907581914
2021-01-10 14:00:00,2.0020202381969803
2021-01-10 15:00:00,2.081444956574712
2021-01-10 16:00:00,2.237176309973842
2021-01-10 17:00:00,2.0908920905512267
2021-01-10 18:00:00,2.2202896052069465
2021-01-10 19:00:00,2.189110553765042
2021-01-10 20:00:00,2.245980297318652
2021-01-10 21:00:00,2.1429914699555743
2021-01-10 22:00:00,2.1697166425918892
2021-01-10 23:00:00,2.0171755937193083
2021-01-11 00:00:00,2.016851950232055
2021-01-11 01:00:00,2.2291830380931357
2021-01-11 02:00:00,2.0329912670386014
2021-01-11 03:00:00,1.9975373155604492
2021-01-11 04:00:00,1.9260238390401878
2021-01-11 05:00:00,1.9880985149572798
2021-01-11 06:00:00,2.1527667313885104
2021-01-11 07:00:00,1.9915493152976425
2021-01-11 08:00:00,2.364677536077285
2021-01-11 09:00:00,2.200572613283076
2021-01-11 10:00:00,1.9618597157738207
2021-01-11 11:00:00,2.2545955137335096
2021-01-11 12:00:00,1.8963090249231391
2021-01-11 13:00:00,2.0306370100884306
2021-01-11 14:00:00,2.16712117020786
2021-01-11 15:00:00,2.093986870257321
2021-01-11 16:00:00,2.076487338347017
2021-01-11 17:00:00,2.157609660214533
2021-01-11 18:00:00,1.9815147369697754
2021-01-11 19:00:00,2.3537518175344276
2021-01-11 20:00:00,2.019401658700216
2021-01-11 21:00:00,2.1767306578134007
2021-01-11 22:00:00,2.0908510829089866
2021-01-11 23:00:00,2.07899720913902
2021-01-12 00:00:00,2.266783482129143
2021-01-12 01:00:00,2.1539764020662924
2021-01-12 02:00:00,2.3692236851428934
2021-01-12 03:00:00,2.145943139585671
2021-01-12 04:00:00,1.993259071547257
2021-01-12 05:00:00,2.069355370036272
2021-01-12 06:00:00,2.044463229407697
2021-01-12 07:00:00,2.1421818209430827
2021-01-12 08:00:00,2.0817376035942097
2021-01-12 09:00:00,2.0208470993438183
2021-01-12 10:00:00,2.0500636844333755
2021-01-12 11:00:00,1.9274102941432505
2021-01-12 12:00:00,1.9358723493089482
2021-01-12 13:00:00,2.0388970526058485
2021-01-12 14:00:00,1.838064658209843
2021-01-12 15:00:00,2.1366570108912977
2021-01-12 16:00:00,1.925023308266772
2021-01-12 17:00:00,2.142328596232236
2021-01-12 18:00:00,2.132913108016262
2021-01-12 19:00:00,1.9362206800411337
2021-01-12 20:00:00,1.9807748023592584
2021-01-12 21:00:00,2.0613904979548567
2021-01-12 22:00:00,2.164956030911002
2021-01-12 23:00:00,1.959461944619848
2021-01-13 00:00:00,2.074948118513478
2021-01-13 01:00:00,1.9634337003978755
2021-01-13 02:00:00,1.7865127419531166
2021-01-13 03:00:00,2.2819643540746446
2021-01-13 04:00:00,1.9992719686962748
2021-01-13 05:00:00,2.2480768570238663
2021-01-13 06:00:00,2.05320954358801
2021-01-13 07:00:00,2.075188082266477
2021-01-13 08:00:00,2.1456344142592148
2021-01-13 09:00:00,2.0022747406490886
2021-01-13 10:00:00,1.9616018320259805
2021-01-13 11:00:00,2.1560809470101927
2021-01-13 12:00:00,2.0041111506563087
2021-01-13 13:00:00,2.085802136493078
2021-01-13 14:00:00,2.1663769915766604
2021-01-13 15:00:00,2.120236929485173
2021-01-13 16:00:00,1.753485563973207
2021-01-13 17:00:00,1.9954293600406179
2021-01-13 18:00:00,2.0135408211420267
2021-01-13 19:00:00,2.034995382002501
2021-01-13 20:00:00,2.0697553291514375
2021-01-13 21:00:00,2.1163620817443753
2021-01-13 22:00:00,2.1200243327439736
2021-01-13 23:00:00,2.077977128890144
2021-01-14 00:00:00,2.233355765332796
2021-01-14 01:00:00,2.0649676736743463
2021-01-14 02:00:00,1.9918055595994653
2021-01-14 03:00:00,2.188183123121862
2021-01-14 04:00:00,2.1158525446743486
2021-01-14 05:00:00,2.0234915367738773
2021-01-14 06:00:00,2.2748081930076682
2021-01-14 07:00:00,2.0398455253419745
2021-01-14 08:00:00,2.1044856522785995
2021-01-14 09:00:00,1.9656996365355446
2021-01-14 10:00:00,2.0433087087442336
2021-01-14 11:00:00,1.9545418655592195
2021-01-14 12:00:00,2.171808349084604
2021-01-14 13:00:00,2.0493741056526904
2021-01-14 14:00:00,2.222519958341357
2021-01-14 15:00:00,2.0169433504962986
2021-01-14 16:00:00,1.9263818711965977
2021-01-14 17:00:00,2.066279833175834
2021-01-14 18:00:00,2.004867511591682
2021-01-14 19:00:00,2.1585479009395407
2021-01-14 20:00:00,2.2878248284094562
2021-01-14 21:00:00,1.9251839386631386
2021-01-14 22:00:00,2.207792277448797
2021-01-14 23:00:00,2.125799492152821
2021-01-15 00:00:00,2.189797831458854
2021-01-15 01:00:00,2.0908271880602647
2021-01-15 02:00:00,2.092456864975164
2021-01-15 03:00:00,2.0360000214533085
2021-01-15 04:00:00,2.0156334449524915
2021-01-15 05:00:00,2.221638548931401
2021-01-15 06:00:00,2.1545654091801905
2021-01-15 07:00:00,2.0374009770194323
2021-01-15 08:00:00,2.169216985947944
2021-01-15 09:00:00,2.134531559132493
2021-01-15 10:00:00,1.8837124752096381
2021-01-15 11:00:00,2.113309151487403
2021-01-15 12:00:00,2.0643247458282463
2021-01-15 13:00:00,2.0893534853478224
2021-01-15 14:00:00,2.096521135202453
2021-01-15 15:00:00,2.081559506023596
2021-01-15 16:00:00,2.088290182484178
2021-01-15 17:00:00,2.4300517270864734
2021-01-15 18:00:00,2.1327337645638704
2021-01-15 19:00:00,2.1928575632047544
2021-01-15 20:00:00,2.0985628520766015
2021-01-15 21:00:00,2.0848360084054867
2021-01-15 22:00:00,2.228221399585816
2021-01-15 23:00:00,2.0218868154106167
2021-01-16 00:00:00,2.251902061433427
2021-01-16 01:00:00,2.182295677168983
2021-01-16 02:00:00,2.2116117473926407
2021-01-16 03:00:00,1.9188060820892678
2021-01-16 04:00:00,1.8727184331622972
2021-01-16 05:00:00,2.109393864781273
2021-01-16 06:00:00,2.06472125841228
2021-01-16 07:00:00,2.0902087874074167
2021-01-16 08:00:00,2.147413594566333
2021-01-16 09:00:00,2.10895692046449
2021-01-16 10:00:00,2.066853719253899
2021-01-16 11:00:00,2.1684358356892277
2021-01-16 12:00:00,2.213513397280813
2021-01-16 13:00:00,1.9344344646314287
2021-01-16 14:00:00,2.1233666567205987
2021-01-16 15:00:00,2.171804488953662
2021-01-16 16:00:00,2.058885356747827
2021-01-16 17:00:00,2.2258901663093855
2021-01-16 18:00:00,2.156727465866706
2021-01-16 19:00:00,2.0285054233137503
2021-01-16 20:00:00,2.1140216494592674
2021-01-16 21:00:00,1.9848744884767688
2021-01-16 22:00:00,2.119690446233016
2021-01-16 23:00:00,2.092601119739233
2021-01-17 00:00:00,2.195059572475232
2021-01-17 01:00:00,2.0046232621240536
2021-01-17 02:00:00,2.2012978157432483
2021-01-17 03:00:00,2.214418057252087
2021-01-17 04:00:00,2.0801641567169087
2021-01-17 05:00:00,2.1853850242759862
2021-01-17 06:00:00,2.1835062083352836
2021-01-17 07:00:00,2.175884720246672
2021-01-17 08:00:00,2.2893182864188506
2021-01-17 09:00:00,2.214184774694956
2021-01-17 10:00:00,2.1837950168103553
2021-01-17 11:00:00,2.06410578088653
2021-01-17 12:00:00,2.141301467719649
2021-01-17 13:00:00,2.0978152167466164
2021-01-17 14:00:00,2.238834601128009
2021-01-17 15:00:00,2.0974216122594855
2021-01-17 16:00:00,2.1151438946141616
2021-01-17 17:00:00,2.139745575963882
2021-01-17 18:00:00,2.0385774519958972
2021-01-17 19:00:00,2.1402435725832922
2021-01-17 20:00:00,1.994818777786765
2021-01-17 21:00:00,1.8958256322800038
2021-01-17 22:00:00,2.312113338135485
2021-01-17 23:00:00,2.0620842804715815
2021-01-18 00:00:00,2.0949979620087813
2021-01-18 01:00:00,2.1873934724300015
2021-01-18 02:00:00,2.1838239585282353
2021-01-18 03:00:00,2.1440026059322523
2021-01-18 04:00:00,2.2859331339584905
2021-01-18 05:00:00,2.0760324564758195
2021-01-18 06:00:00,2.0687586949037726
2021-01-18 07:00:00,2.291065240908438
2021-01-18 08:00:00,2.080853312052777
2021-01-18 09:00:00,2.070612497825813
2021-01-18 10:00:00,2.362059088742278
2021-01-18 11:00:00,2.0153620879594096
2021-01-18 12:00:00,2.0773876689311366
2021-01-18 13:00:00,2.173992039294098
2021-01-18 14:00:00,2.202036564246414
2021-01-18 15:00:00,2.25994300947184
2021-01-18 16:00:00,1.9725232675744522
2021-01-18 17:00:00,2.202852354997144
2021-01-18 18:00:00,2.113612933203336
2021-01-18 19:00:00,2.312741185856495
2021-01-18 20:00:00,2.2293636667130494
2021-01-18 21:00:00,2.504935312198519
2021-01-18 22:00:00,2.265211614925504
2021-01-18 23:00:00,2.116549078272897
2021-01-19 00:00:00,2.2239448067681975
2021-01-19 01:00:00,2.3108304576995407
2021-01-19 02:00:00,2.109280096812831
2021-01-19 03:00:00,2.287206443032969
2021-01-19 04:00:00,2.1569832761936407
2021-01-19 05:00:00,2.2436356134394244
2021-01-19 06:00:00,2.1766224424028917
2021-01-19 07:00:00,2.023889364806395
2021-01-19 08:00:00,2.258993040924316
2021-01-19 09:00:00,2.210458393267781
2021-01-19 10:00:00,2.1687996164647303
2021-01-19 11:00:00,2.1320784843522587
2021-01-19 12:00:00,2.2341002997251187
2021-01-19 13:00:00,2.2702084951122417
2021-01-19 14:00:00,2.0779404107278747
2021-01-19 15:00:00,2.2385558735465256
2021-01-19 16:00:00,2.1577838836514993
2021-01-19 17:00:00,2.261344197257397
2021-01-19 18:00:00,2.142111067860434
2021-01-19 19:00:00,2.2508653932611558
2021-01-19 20:00:00,2.221482390917788
2021-01-19 21:00:00,2.1956950913779876
2021-01-19 22:00:00,2.0260265526525307
2021-01-19 23:00:00,2.106494469733182
2021-01-20 00:00:00,2.164313684668862
2021-01-20 01:00:00,1.9822216198761564
2021-01-20 02:00:00,2.0742010014605254
2021-01-20 03:00:00,2.304581162866112
2021-01-20 04:00:00,2.0738990781071265
2021-01-20 05:00:00,2.0929556044899
2021-01-20 06:00:00,2.0567701998504835
2021-01-20 07:00:00,2.2949012579257677
2021-01-20 08:00:00,2.09097047669873
2021-01-20 09:00:00,2.1522617440524017
2021-01-20 10:00:00,2.0056399594085352
2021-01-20 11:00:00,2.183233076038868
2021-01-20 12:00:00,2.144153029992694
2021-01-20 13:00:00,2.0989846622163886
2021-01-20 14:00:00,2.2886409905366802
2021-01-20 15:00:00,1.9808004858952852
2021-01-20 16:00:00,2.278472853062724
2021-01-20 17:00:00,2.4402684764115157
2021-01-20 18:00:00,2.0680274434725336
2021-01-20 19:00:00,2.266153939377114
2021-01-20 20:00:00,2.272001840790002
2021-01-20 21:00:00,2.1637210579729316
2021-01-20 22:00:00,1.8868081493031257
2021-01-20 23:00:00,2.212645234090933
2021-01-21 00:00:00,2.1432321864082695
2021-01-21 01:00:00,2.068852717792006
2021-01-21 02:00:00,2.2364314783725314
2021-01-21 03:00:00,2.024765030617538
2021-01-21 04:00:00,2.100552681306329
2021-01-21 05:00:00,2.0243807218818093
2021-01-21 06:00:00,2.176671431167698
2021-01-21 07:00:00,2.006560166989084
2021-01-21 08:00:00,1.9887314204727455
2021-01-21 09:00:00,2.1821138792586727
2021-01-21 10:00:00,2.125441513781135
2021-01-21 11:00:00,1.9762705171967268
2021-01-21 12:00:00,2.091252760848618
2021-01-21 13:00:00,2.1159430740957363
2021-01-21 14:00:00,2.194047083976313
2021-01-21 15:00:00,2.0460023907066116
2021-01-21 16:00:00,2.008369922139198
2021-01-21 17:00:00,2.1061470160608726
2021-01-21 18:00:00,1.914284197962972
2021-01-21 19:00:00,2.2412690092028194
2021-01-21 20:00:00,2.2062394373287466
2021-01-21 21:00:00,1.796507925974134
2021-01-21 22:00:00,1.9426723177182041
2021-01-21 23:00:00,2.0069678449612782
2021-01-22 00:00:00,2.2759796076497096
2021-01-22 01:00:00,2.0556751661336974
2021-01-22 02:00:00,1.9827063381619388
2021-01-22 03:00:00,2.037854296441407
2021-01-22 04:00:00,1.8934005174510595
2021-01-22 05:00:00,2.012917226192403
2021-01-22 06:00:00,2.156224885213526
2021-01-22 07:00:00,2.283267531423094
2021-01-22 08:00:00,2.176993876630234
2021-01-22 09:00:00,2.147767897665079
2021-01-22 10:00:00,1.9056763896129059
2021-01-22 11:00:00,2.134934158988088
2021-01-22 12:00:00,2.0559953854944943
2021-01-22 13:00:00,1.917633062627917
2021-01-22 14:00:00,2.0927432786458415
2021-01-22 15:00:00,1.9460529632867705
2021-01-22 16:00:00,2.0386771008381195
2021-01-22 17:00:00,2.249322427089317
2021-01-22 18:00:00,2.0381511829506156
2021-01-22 19:00:00,2.0256634527436277
2021-01-22 20:00:00,2.037440237559006
2021-01-22 21:00:00,2.0819674123945173
2021-01-22 22:00:00,1.9937107311055606
2021-01-22 23:00:00,2.131616185632034
2021-01-23 00:00:00,1.9448759492651597
2021-01-23 01:00:00,2.15155324873424
2021-01-23 02:00:00,2.1547260073004666
2021-01-23 03:00:00,2.1913479132732157
2021-01-23 04:00:00,2.1687673070287827
2021-01-23 05:00:00,2.2361194601186583
2021-01-23 06:00:00,2.026070743047122
2021-01-23 07:00:00,2.063642103978643
2021-01-23 08:00:00,2.2902234707515134
2021-01-23 09:00:00,1.9751623731033607
2021-01-23 10:00:00,2.195636941012245
2021-01-23 11:00:00,2.0635368259650932
2021-01-23 12:00:00,2.0754143885935563
2021-01-23 13:00:00,1.992872286905554
2021-01-23 14:00:00,2.0618605070579887
2021-01-23 15:00:00,1.9449153984374328
2021-01-23 16:00:00,2.0664595412793063
2021-01-23 17:00:00,2.017631606988634
2021-01-23 18:00:00,1.9603390578805986
2021-01-23 19:00:00,1.935133366108359
2021-01-23 20:00:00,2.0823299257116292
2021-01-23 21:00:00,2.1926679804553735
2021-01-23 22:00:00,1.9778111880622342
2021-01-23 23:00:00,2.043889389691
2021-01-24 00:00:00,2.1582157426438404
2021-01-24 01:00:00,2.245940008575981
2021-01-24 02:00:00,1.9808469411457241
2021-01-24 03:00:00,2.174689201141713
2021-01-24 04:00:00,2.194102835980585
2021-01-24 05:00:00,2.1219510971049327
2021-01-24 06:00:00,2.0519993024309926
2021-01-24 07:00:00,2.1278665813940125
2021-01-24 08:00:00,2.178779797407791
2021-01-24 09:00:00,2.1106190718989444
2021-01-24 10:00:00,1.9867466717054876
2021-01-24 11:00:00,2.0311546300768373
2021-01-24 12:00:00,1.963551145817748
2021-01-24 13:00:00,2.047982037360615
2021-01-24 14:00:00,2.0224027959759114
2021-01-24 15:00:00,1.9194077366915572
2021-01-24 16:00:00,2.2618731343523093
2021-01-24 17:00:00,1.9717404064358537
2021-01-24 18:00:00,2.185287608701094
2021-01-24 19:00:00,2.0698367509144933
2021-01-24 20:00:00,2.0112978437295563
2021-01-24 21:00:00,2.010720534245723
2021-01-24 22:00:00,2.1514070838706356
2021-01-24 23:00:00,2.108189241668374
2021-01-25 00:00:00,1.952782020796936
2021-01-25 01:00:00,2.0384045926752434
2021-01-25 02:00:00,2.032446994054834
2021-01-25 03:00:00,1.9237896563843613
2021-01-25 04:00:00,2.1853287692640255
2021-01-25 05:00:00,2.081222703619655
2021-01-25 06:00:00,2.261309241165398
2021-01-25 07:00:00,1.9814804147947873
2021-01-25 08:00:00,2.0565656530768006
2021-01-25 09:00:00,1.9825658705783153
2021-01-25 10:00:00,2.082250031402867
2021-01-25 11:00:00,2.082083652716022
2021-01-25 12:00:00,2.0475663914133326
2021-01-25 13:00:00,1.9688700307335325
2021-01-25 14:00:00,1.9982994326047914
2021-01-25 15:00:00,2.080251155676146
2021-01-25 16:00:00,1.7456927989927642
2021-01-25 17:00:00,1.9611159632938744
2021-01-25 18:00:00,1.8596857917201064
2021-01-25 19:00:00,2.0001904941364863
2021-01-25 20:00:00,2.1457285398487245
2021-01-25 21:00:00,1.9155035198003136
2021-01-25 22:00:00,1.977366439883846
2021-01-25 23:00:00,1.9896119941653205
2021-01-26 00:00:00,1.9545776956187293
2021-01-26 01:00:00,1.9557354090055221
2021-01-26 02:00:00,2.123012340115551
2021-01-26 03:00:00,2.031002019381366
2021-01-26 04:00:00,1.8775808396347988
2021-01-26 05:00:00,2.033342827195202
2021-01-26 06:00:00,2.15627796641955
2021-01-26 07:00:00,2.127278936290793
2021-01-26 08:00:00,1.8833197969410218
2021-01-26 09:00:00,2.1597263286797586
2021-01-26 10:00:00,2.0376654395696807
2021-01-26 11:00:00,1.9421109979106395
2021-01-26 12:00:00,2.1176820572943726
2021-01-26 13:00:00,1.8789229810503494
2021-01-26 14:00:00,1.961332248548567
2021-01-26 15:00:00,1.9362766005578247
2021-01-26 16:00:00,1.926977157433516
2021-01-26 17:00:00,1.9861259913443587
2021-01-26 18:00:00,2.17516751990511
2021-01-26 19:00:00,2.099974823281519
2021-01-26 20:00:00,1.9779060329782403
2021-01-26 21:00:00,2.1068326441230916
2021-01-26 22:00:00,2.119207194894055
2021-01-26 23:00:00,2.0293537606038896
2021-01-27 00:00:00,1.971887811563861
2021-01-27 01:00:00,1.9917760275396152
2021-01-27 02:00:00,2.2895619215442577
2021-01-27 03:00:00,2.167063612747621
2021-01-27 04:00:00,1.927641283954174
2021-01-27 05:00:00,2.103993281072774
2021-01-27 06:00:00,2.089932097479596
2021-01-27 07:00:00,2.136252244664203
2021-01-27 08:00:00,2.035310349027197
2021-01-27 09:00:00,2.0880212759474
2021-01-27 10:00:00,2.130367218091857
2021-01-27 11:00:00,2.1302400415969562
2021-01-27 12:00:00,2.161324090577671
2021-01-27 13:00:00,2.1229891817185633
2021-01-27 14:00:00,2.2113840241343916
2021-01-27 15:00:00,2.094470892436436
2021-01-27 16:00:00,2.1907026387358104
2021-01-27 17:00:00,2.1496764003646742
2021-01-27 18:00:00,2.075318005253564
2021-01-27 19:00:00,2.2881801078705406
2021-01-27 20:00:00,2.144831604996622
2021-01-27 21:00:00,2.07468778956926
2021-01-27 22:00:00,2.0646623960165593
2021-01-27 23:00:00,2.1901574868080056
2021-01-28 00:00:00,2.1851779306591625
2021-01-28 01:00:00,2.0616060639131977
2021-01-28 02:00:00,2.191976119815673
2021-01-28 03:00:00,2.084126204704626
2021-01-28 04:00:00,2.244785425646771
2021-01-28 05:00:00,2.0778256687037207
2021-01-28 06:00:00,2.0530225589460245
2021-01-28 07:00:00,2.1431634530964976
2021-01-28 08:00:00,2.3606669884175226
2021-01-28 09:00:00,2.018507472236275
2021-01-28 10:00:00,2.1203439056561804
2021-01-28 11:00:00,2.1660044375623815
2021-01-28 12:00:00,2.0646459676031332
2021-01-28 13:00:00,2.2720838578227394
2021-01-28 14:00:00,2.2889683626062682
2021-01-28 15:00:00,2.167479022396257
2021-01-28 16:00:00,2.0896071430649075
2021-01-28 17:00:00,2.0111778263081765
2021-01-28 18:00:00,2.307959003714687
2021-01-28 19:00:00,2.1174597892217863
2021-01-28 20:00:00,2.08729032243863
2021-01-28 21:00:00,1.934590194184468
2021-01-28 22:00:00,1.9807803142143818
2021-01-28 23:00:00,1.9344700327583606
2021-01-29 00:00:00,2.231411615242871
2021-01-29 01:00:00,2.068300769193963
2021-01-29 02:00:00,1.9756958676230578
2021-01-29 03:00:00,1.9564855951545583
2021-01-29 04:00:00,2.018412304221913
2021-01-29 05:00:00,1.9081417027158731
2021-01-29 06:00:00,1.9775656944962898
2021-01-29 07:00:00,2.0670068663754346
2021-01-29 08:00:00,2.048062951012371
2021-01-29 09:00:00,1.978967036894664
2021-01-29 10:00:00,2.0066394530158562
2021-01-29 11:00:00,1.9960837847874997
2021-01-29 12:00:00,1.854488928338395
2021-01-29 13:00:00,1.9911194451896308
2021-01-29 14:00:00,2.036928057004197
2021-01-29 15:00:00,2.034153074698836
2021-01-29 16:00:00,1.966323106666868
2021-01-29 17:00:00,1.9864000290271595
2021-01-29 18:00:00,1.9049187732369286
2021-01-29 19:00:00,2.035186665529262
2021-01-29 20:00:00,1.969432914738594
2021-01-29 21:00:00,1.952891790028573
2021-01-29 22:00:00,2.0531817358014997
2021-01-29 23:00:00,1.9552956922075029
2021-01-30 00:00:00,2.0388185669395242
2021-01-30 01:00:00,2.179590738423957
2021-01-30 02:00:00,2.052912913590101
2021-01-30 03:00:00,1.9860833602681218
2021-01-30 04:00:00,2.0262457286115483
2021-01-30 05:00:00,2.1716692507953432
2021-01-30 06:00:00,1.8822979737696575
2021-01-30 07:00:00,2.096843587653203
2021-01-30 08:00:00,1.8686985009258885
2021-01-30 09:00:00,1.9685486620415358
2021-01-30 10:00:00,2.024646974544801
2021-01-30 11:00:00,1.9261260791275452
2021-01-30 12:00:00,1.9856641670766884
2021-01-30 13:00:00,2.0473138329064366
2021-01-30 14:00:00,2.131463708537428
2021-01-30 15:00:00,2.1581806337223703
2021-01-30 16:00:00,2.0210878316525296
2021-01-30 17:00:00,1.9439577295203216
2021-01-30 18:00:00,2.226229475022294
2021-01-30 19:00:00,2.1012216644005752
2021-01-30 20:00:00,2.0710220738610223
2021-01-30 21:00:00,2.1006326535673865
2021-01-30 22:00:00,2.1160520272503995
2021-01-30 23:00:00,1.9790085308544416
2021-01-31 00:00:00,2.116172333449293
2021-01-31 01:00:00,2.1300407914222688
2021-01-31 02:00:00,1.8389860373714055
2021-01-31 03:00:00,1.9445175018419572
2021-01-31 04:00:00,2.1373652924964714
2021-01-31 05:00:00,2.1429657100362265
2021-01-31 06:00:00,2.0514463056531365
2021-01-31 07:00:00,2.1748878418796487
2021-01-31 08:00:00,2.0661291881754473
2021-01-31 09:00:00,1.9612316050487972
2021-01-31 10:00:00,2.067990741957988
2021-01-31 11:00:00,2.1956070141941524
2021-01-31 12:00:00,2.210200587731836
2021-01-31 13:00:00,2.130862864992637
2021-01-31 14:00:00,1.9846029956538926
2021-01-31 15:00:00,2.0719314783007916
2021-01-31 16:00:00,2.157382838020683
2021-01-31 17:00:00,2.146097062561915
2021-01-31 18:00:00,1.9867569688756672
2021-01-31 19:00:00,2.054034055452592
2021-01-31 20:00:00,2.293444941279086
2021-01-31 21:00:00,2.26522913170606
2021-01-31 22:00:00,2.0871654899757766
2021-01-31 23:00:00,2.0514619155560445
2021-02-01 00:00:00,1.949898280942174
2021-02-01 01:00:00,1.9245063671002582
2021-02-01 02:00:00,2.0371045315086977
2021-02-01 03:00:00,2.136938031794263
2021-02-01 04:00:00,1.7391696050487788
2021-02-01 05:00:00,2.0298757935386
2021-02-01 06:00:00,2.1390672527997356
2021-02-01 07:00:00,1.9946052814042166
2021-02-01 08:00:00,2.157936084128473
2021-02-01 09:00:00,2.1627651804224284
2021-02-01 10:00:00,2.147002615379124
2021-02-01 11:00:00,2.020694795823688
2021-02-01 12:00:00,2.1613256198144493
2021-02-01 13:00:00,2.2113999990148976
2021-02-01 14:00:00,1.976921425427327
2021-02-01 15:00:00,2.1256825277450737
2021-02-01 16:00:00,2.1282117267972485
2021-02-01 17:00:00,2.161115873281742
2021-02-01 18:00:00,2.0556711337627505
2021-02-01 19:00:00,2.242870640229528
2021-02-01 20:00:00,2.0098488536174144
2021-02-01 21:00:00,1.9638865989204037
2021-02-01 22:00:00,2.0221656120444154
2021-02-01 23:00:00,2.073117948277527
2021-02-02 00:00:00,1.9386060757159456
2021-02-02 01:00:00,2.086192297998422
2021-02-02 02:00:00,1.8874111154490982
2021-02-02 03:00:00,2.1476071334885987
2021-02-02 04:00:00,2.113268681609357
2021-02-02 05:00:00,2.200960709514322
2021-02-02 06:00:00,2.2493044073498343
2021-02-02 07:00:00,2.20530374713196
2021-02-02 08:00:00,2.4257379847834484
2021-02-02 09:00:00,2.2556863809925254
2021-02-02 10:00:00,1.8541753978604483
2021-02-02 11:00:00,2.159479305561988
2021-02-02 12:00:00,2.1423274910139907
2021-02-02 13:00:00,2.223821040437438
2021-02-02 14:00:00,2.194212109649131
2021-02-02 15:00:00,2.0603440695466997
2021-02-02 16:00:00,2.027327214527593
2021-02-02 17:00:00,2.1467326444931647
2021-02-02 18:00:00,2.0655020202992334
2021-02-02 19:00:00,2.2067778469351955
2021-02-02 20:00:00,2.0193069577806027
2021-02-02 21:00:00,2.1690554614265554
2021-02-02 22:00:00,2.0935279762674748
2021-02-02 23:00:00,2.2050881282132253
2021-02-03 00:00:00,2.1653578245745493
2021-02-03 01:00:00,1.9851646966258116
2021-02-03 02:00:00,2.184033116142297
2021-02-03 03:00:00,2.0898324304094493
2021-02-03 04:00:00,1.9135318572256756
2021-02-03 05:00:00,2.225247096974525
2021-02-03 06:00:00,2.0156726219916035
2021-02-03 07:00:00,2.144116083979552
2021-02-03 08:00:00,2.134601126115832
2021-02-03 09:00:00,2.0388646607407606
2021-02-03 10:00:00,1.971659005606354
2021-02-03 11:00:00,1.9652732320907798
2021-02-03 12:00:00,2.032562111097439
2021-02-03 13:00:00,2.0580272671805675
2021-02-03 14:00:00,2.0988891659997697
2021-02-03 15:00:00,2.216359034919105
2021-02-03 16:00:00,2.293617385416816
2021-02-03 17:00:00,2.03401533531013
2021-02-03 18:00:00,2.2006190959806893
2021-02-03 19:00:00,2.297423403663814
2021-02-03 20:00:00,2.1095577029800476
2021-02-03 21:00:00,2.08525215886091
2021-02-03 22:00:00,2.378238921765049
2021-02-03 23:00:00,2.2165568882073523
2021-02-04 00:00:00,2.0681464205582736
2021-02-04 01:00:00,2.2356760665580424
2021-02-04 02:00:00,2.118438691385547
2021-02-04 03:00:00,2.2544165550388207
2021-02-04 04:00:00,2.1079823948776837
2021-02-04 05:00:00,2.090253565486842
2021-02-04 06:00:00,2.1429820663701644
2021-02-04 07:00:00,2.0341845537134557
2021-02-04 08:00:00,2.228146851955611
2021-02-04 09:00:00,2.2453129669599563
2021-02-04 10:00:00,2.0457813096337043
2021-02-04 11:00:00,2.1556633821706592
2021-02-04 12:00:00,2.105375793083474
2021-02-04 13:00:00,2.040354841464517
2021-02-04 14:00:00,2.0132297559620613
2021-02-04 15:00:00,1.8864731333017686
2021-02-04 16:00:00,1.9811527278476162
2021-02-04 17:00:00,2.166888818866129
2021-02-04 18:00:00,2.2451077802714345
2021-02-04 19:00:00,2.2351644136306126
2021-02-04 20:00:00,2.102169765100649
2021-02-04 21:00:00,2.1327468405596046
2021-02-04 22:00:00,2.1118992838773187
2021-02-04 23:00:00,2.0466594084096035
2021-02-05 00:00:00,2.1737337552195264
2021-02-05 01:00:00,2.017045183601367
2021-02-05 02:00:00,2.052872092094286
2021-02-05 03:00:00,2.1535916908682635
2021-02-05 04:00:00,1.8697436435842927
2021-02-05 05:00:00,2.190139102624785
2021-02-05 06:00:00,2.3203605604206388
2021-02-05 07:00:00,2.133262885238638
2021-02-05 08:00:00,2.033913415633733
2021-02-05 09:00:00,2.194209820033346
2021-02-05 10:00:00,2.1198265560419602
2021-02-05 11:00:00,2.4040274408314364
2021-02-05 12:00:00,2.2763129143862013
2021-02-05 13:00:00,2.0786785564153396
2021-02-05 14:00:00,2.090474447998632
2021-02-05 15:00:00,2.16114640889041
2021-02-05 16:00:00,2.1202883782827278
2021-02-05 17:00:00,2.071691400597638
2021-02-05 18:00:00,2.185626166966096
2021-02-05 19:00:00,2.290935845677693
2021-02-05 20:00:00,1.96596678061176
2021-02-05 21:00:00,1.9567441270609303
2021-02-05 22:00:00,1.9172865122115437
2021-02-05 23:00:00,2.048542666882535
2021-02-06 00:00:00,1.9213897429400815
2021-02-06 01:00:00,1.8959230533974678
2021-02-06 02:00:00,2.1528426009265065
2021-02-06 03:00:00,2.000107512220968
2021-02-06 04:00:00,2.285047470861053
2021-02-06 05:00:00,2.140468511113021
2021-02-06 06:00:00,2.076535168619065
2021-02-06 07:00:00,2.05627558777205
2021-02-06 08:00:00,1.9981240502073752
2021-02-06 09:00:00,2.0189053326885777
2021-02-06 10:00:00,1.9167943660388933
2021-02-06 11:00:00,2.177482689328507
2021-02-06 12:00:00,2.0286881322513
2021-02-06 13:00:00,2.1378713146196464
2021-02-06 14:00:00,2.00132345770725
2021-02-06 15:00:00,2.1834996099098176
2021-02-06 16:00:00,2.038294358641348
2021-02-06 17:00:00,1.9811041953040012
2021-02-06 18:00:00,2.1035832229048737
2021-02-06 19:00:00,2.137088057660378
2021-02-06 20:00:00,2.0965306789632154
2021-02-06 21:00:00,2.082472123102385
2021-02-06 22:00:00,2.0721714530262028
2021-02-06 23:00:00,2.032658732203939
2021-02-07 00:00:00,2.1318655354699287
2021-02-07 01:00:00,2.037525989220695
2021-02-07 02:00:00,2.0900465580183782
2021-02-07 03:00:00,1.8416191146702583
2021-02-07 04:00:00,1.9282998816880872
2021-02-07 05:00:00,2.196988241610857
2021-02-07 06:00:00,1.9848454196795071
2021-02-07 07:00:00,2.2414303905603425
2021-02-07 08:00:00,2.0419088173708215
2021-02-07 09:00:00,1.9805440084331336
2021-02-07 10:00:00,2.227254968366157
2021-02-07 11:00:00,1.9938571441325759
2021-02-07 12:00:00,1.9206706451613929
2021-02-07 13:00:00,2.091082942397061
2021-02-07 14:00:00,1.9956887509441494
2021-02-07 15:00:00,2.1460413033913803
2021-02-07 16:00:00,2.036156020988082
2021-02-07 17:00:00,2.0845486119633745
2021-02-07 18:00:00,2.0084703408842057
2021-02-07 19:00:00,2.0688209612795205
2021-02-07 20:00:00,2.025286825505103
2021-02-07 21:00:00,1.980891092583311
2021-02-07 22:00:00,2.062349839129019
2021-02-07 23:00:00,2.1527180644318964
2021-02-08 00:00:00,2.0917558593899472
2021-02-08 01:00:00,2.0243726501219337
2021-02-08 02:00:00,1.9946321267122695
2021-02-08 03:00:00,2.1882082468808286
2021-02-08 04:00:00,2.1251773376523726
2021-02-08 05:00:00,2.1500671746811078
2021-02-08 06:00:00,2.1619626789148305
2021-02-08 07:00:00,2.009514569732266
2021-02-08 08:00:00,2.0634054861338575
2021-02-08 09:00:00,2.295425999665083
2021-02-08 10:00:00,2.0232167450817067
2021-02-08 11:00:00,2.0594123847385863
2021-02-08 12:00:00,2.2572712865814575
2021-02-08 13:00:00,2.0652047475727002
2021-02-08 14:00:00,1.989073831297579
2021-02-08 15:00:00,1.997372074077765
2021-02-08 16:00:00,2.1474604774159154
2021-02-08 17:00:00,2.2315585646072544
2021-02-08 18:00:00,2.075062780077509
2021-02-08 19:00:00,2.123922863643913
2021-02-08 20:00:00,2.2224790776949983
2021-02-08 21:00:00,1.9522149721224904
2021-02-08 22:00:00,2.0975466564715535
2021-02-08 23:00:00,2.2944964207953737
2021-02-09 00:00:00,2.1040268400644138
2021-02-09 01:00:00,2.1301353621419956
2021-02-09 02:00:00,2.1709189656384997
2021-02-09 03:00:00,2.228728698404135
2021-02-09 04:00:00,2.13198790770319
2021-02-09 05:00:00,2.250221404561206
2021-02-09 06:00:00,2.1226551705277275
2021-02-09 07:00:00,2.130483125622919
2021-02-09 08:00:00,2.0386260220995607
2021-02-09 09:00:00,2.1190955346013567
2021-02-09 10:00:00,2.1896881073299967
2021-02-09 11:00:00,2.123099571942874
2021-02-09 12:00:00,1.9682008457333584
2021-02-09 13:00:00,2.199648439568204
2021-02-09 14:00:00,2.083197755792907
2021-02-09 15:00:00,2.16807509128111
2021-02-09 16:00:00,2.218656279462549
2021-02-09 17:00:00,2.167191542416733
2021-02-09 18:00:00,1.9364756155348606
2021-02-09 19:00:00,2.2091519357913816
2021-02-09 20:00:00,2.216392884142281
2021-02-09 21:00:00,1.9682597602520813
2021-02-09 22:00:00,2.121697660559212
2021-02-09 23:00:00,2.105202902162562
2021-02-10 00:00:00,2.275070986418752
2021-02-10 01:00:00,2.194961664536827
2021-02-10 02:00:00,2.1020520173480244
2021-02-10 03:00:00,2.195282314052105
2021-02-10 04:00:00,2.2392632258991645
2021-02-10 05:00:00,2.1866667377955733
2021-02-10 06:00:00,2.250523448449719
2021-02-10 07:00:00,2.057596123404204
2021-02-10 08:00:00,2.446837752078056
2021-02-10 09:00:00,2.1575034284312573
2021-02-10 10:00:00,2.1175648318535667
2021-02-10 11:00:00,2.1439123907889077
2021-02-10 12:00:00,2.100337629530191
2021-02-10 13:00:00,2.1747528684824258
2021-02-10 14:00:00,2.23706219795967
2021-02-10 15:00:00,2.178890035379001
2021-02-10 16:00:00,2.0744859190017637
2021-02-10 17:00:00,2.2053840526433905
2021-02-10 18:00:00,2.170170930575593
2021-02-10 19:00:00,2.1148932744591966
2021-02-10 20:00:00,2.1969965559390494
2021-02-10 21:00:00,2.1409525818339845
2021-02-10 22:00:00,2.146506446697728
2021-02-10 23:00:00,2.068817267136618
2021-02-11 00:00:00,2.085781088507405
2021-02-11 01:00:00,2.2167754787746676
2021-02-11 02:00:00,2.042554296337208
2021-02-11 03:00:00,2.0764504900303984
2021-02-11 04:00:00,2.303031010657071
2021-02-11 05:00:00,2.213109307610157
2021-02-11 06:00:00,2.1966589462523087
2021-02-11 07:00:00,2.239605658394739
2021-02-11 08:00:00,2.1706105754498184
2021-02-11 09:00:00,2.2451426869101194
2021-02-11 10:00:00,2.163599378076409
2021-02-11 11:00:00,2.234367096000518
2021-02-11 12:00:00,2.2114198505686744
2021-02-11 13:00:00,2.2617945447038346
2021-02-11 14:00:00,2.2397268978781675
2021-02-11 15:00:00,2.2826481466081026
2021-02-11 16:00:00,2.3422649394151898
2021-02-11 17:00:00,2.3694653499845257
2021-02-11 18:00:00,2.237878955252423
2021-02-11 19:00:00,2.012539130246214
2021-02-11 20:00:00,2.1587636383288715
2021-02-11 21:00:00,2.085749764603219
2021-02-11 22:00:00,2.0645436226599916
2021-02-11 23:00:00,2.4167713197554144
2021-02-12 00:00:00,2.305300485667745
2021-02-12 01:00:00,2.1798593948855896
2021-02-12 02:00:00,2.178974471959828
2021-02-12 03:00:00,2.163925906359848
2021-02-12 04:00:00,2.0899966023375858
2021-02-12 05:00:00,2.131459024483453
2021-02-12 06:00:00,2.3580217314197993
2021-02-12 07:00:00,2.3410761143698062
2021-02-12 08:00:00,2.1542391930976685
2021-02-12 09:00:00,2.0963387372200275
2021-02-12 10:00:00,2.393416129810222
2021-02-12 11:00:00,2.0326696784879914
2021-02-12 12:00:00,2.2611659607381442
2021-02-12 13:00:00,2.2706444450144683
2021-02-12 14:00:00,2.3751831304901643
2021-02-12 15:00:00,2.132830116655469
2021-02-12 16:00:00,2.278575909498513
2021-02-12 17:00:00,2.3283078083435553
2021-02-12 18:00:00,2.278767920856873
2021-02-12 19:00:00,2.2791128451840077
2021-02-12 20:00:00,2.258082095713087
2021-02-12 21:00:00,2.153162019005818
2021-02-12 22:00:00,2.0251783113034096
2021-02-12 23:00:00,2.372402761086634
2021-02-13 00:00:00,2.405900284833062
2021-02-13 01:00:00,2.446350505062702
2021-02-13 02:00:00,2.2655435633232646
2021-02-13 03:00:00,2.164410991238218
2021-02-13 04:00:00,2.162448400731222
2021-02-13 05:00:00,2.1084942167743144
2021-02-13 06:00:00,1.9513867552862645
2021-02-13 07:00:00,2.3110433738384737
2021-02-13 08:00:00,2.350804145005855
2021-02-13 09:00:00,2.0954242929773668
2021-02-13 10:00:00,2.427242706779481
2021-02-13 11:00:00,2.152799480310179
2021-02-13 12:00:00,2.2246547945229214
2021-02-13 13:00:00,2.1476352358455246
2021-02-13 14:00:00,2.1913372908593627
2021-02-13 15:00:00,2.102787250843291
2021-02-13 16:00:00,2.1446434093385673
2021-02-13 17:00:00,2.22657255834063
2021-02-13 18:00:00,2.1785496767830246
2021-02-13 19:00:00,2.291608942300061
2021-02-13 20:00:00,2.202332899372265
2021-02-13 21:00:00,2.071282986930926
2021-02-13 22:00:00,2.274437035730569
2021-02-13 23:00:00,2.2497223086929807
2021-02-14 00:00:00,2.252304169962364
2021-02-14 01:00:00,2.2077178805844713
2021-02-14 02:00:00,2.3166329595868134
2021-02-14 03:00:00,2.2628868452002706
2021-02-14 04:00:00,2.163945256839236
2021-02-14 05:00:00,2.32196795305412
2021-02-14 06:00:00,2.1109861022720158
2021-02-14 07:00:00,2.1078011244547077
2021-02-14 08:00:00,2.0118607791994636
2021-02-14 09:00:00,2.2738850265496815
2021-02-14 10:00:00,2.1904160214290935
2021-02-14 11:00:00,1.9497796521986148
2021-02-14 12:00:00,2.0471968262575926
2021-02-14 13:00:00,2.1422052042075217
2021-02-14 14:00:00,2.0314185977558203
2021-02-14 15:00:00,1.9339007878712147
2021-02-14 16:00:00,1.9806055871792587
2021-02-14 17:00:00,2.140724996851348
2021-02-14 18:00:00,2.0448467479476755
2021-02-14 19:00:00,1.91830865092215
2021-02-14 20:00:00,2.1174016594698712
2021-02-14 21:00:00,2.1782358455055224
2021-02-14 22:00:00,2.049036071522609
2021-02-14 23:00:00,2.193309919185352
2021-02-15 00:00:00,2.008966330635409
2021-02-15 01:00:00,2.001199315793419
2021-02-15 02:00:00,2.3101003662037756
2021-02-15 03:00:00,2.1159842145773684
2021-02-15 04:00:00,2.3900295011548294
2021-02-15 05:00:00,2.153155661361292
2021-02-15 06:00:00,2.0405863516599485
2021-02-15 07:00:00,2.055810156596729
2021-02-15 08:00:00,2.0367632879848205
2021-02-15 09:00:00,2.00627449708564
2021-02-15 10:00:00,2.229621637434827
2021-02-15 11:00:00,1.9294966887784866
2021-02-15 12:00:00,2.1278622413320765
2021-02-15 13:00:00,2.182156527371035
2021-02-15 14:00:00,2.0067466005605716
2021-02-15 15:00:00,1.9813502303229795
2021-02-15 16:00:00,2.41088510316443
2021-02-15 17:00:00,2.2451523729905567
2021-02-15 18:00:00,2.055307590230035
2021-02-15 19:00:00,2.0974878810504207
2021-02-15 20:00:00,2.1821604229577702
2021-02-15 21:00:00,2.120042195657094
2021-02-15 22:00:00,2.279627968157963
2021-02-15 23:00:00,2.0109197559085707
2021-02-16 00:00:00,2.142616381186807
2021-02-16 01:00:00,2.128836981010257
2021-02-16 02:00:00,1.9742036451276361
2021-02-16 03:00:00,1.9598748459420952
2021-02-16 04:00:00,1.9563025162618333
2021-02-16 05:00:00,2.0938842285426613
2021-02-16 06:00:00,2.036956409210344
2021-02-16 07:00:00,1.9644929646067606
2021-02-16 08:00:00,2.0466144658945673
2021-02-16 09:00:00,2.1717759963821526
2021-02-16 10:00:00,2.2106012073048342
2021-02-16 11:00:00,2.053486662510571
2021-02-16 12:00:00,2.3170002866311035
2021-02-16 13:00:00,2.097099344929543
2021-02-16 14:00:00,2.2954726437867543
2021-02-16 15:00:00,2.141359236276292
2021-02-16 16:00:00,2.2576898191825636
2021-02-16 17:00:00,2.181170227763259
2021-02-16 18:00:00,2.3725358992730543
2021-02-16 19:00:00,2.178608146722415
2021-02-16 20:00:00,2.206869213249818
2021-02-16 21:00:00,2.216979731574777
2021-02-16 22:00:00,2.3423345402333444
2021-02-16 23:00:00,2.2849513528300154
2021-02-17 00:00:00,2.2326357544384963
2021-02-17 01:00:00,2.28459432341878
2021-02-17 02:00:00,2.0598489092164156
2021-02-17 03:00:00,2.106332358555018
2021-02-17 04:00:00,2.1007718493133187
2021-02-17 05:00:00,2.2975338028759063
2021-02-17 06:00:00,2.2273969163965477
2021-02-17 07:00:00,2.2653963765473173
2021-02-17 08:00:00,2.11611183218168
2021-02-17 09:00:00,2.3111470971773898
2021-02-17 10:00:00,2.1950009723866404
2021-02-17 11:00:00,2.3115802978488595
2021-02-17 12:00:00,2.3589658033074192
2021-02-17 13:00:00,2.4605484630682266
2021-02-17 14:00:00,2.36483312487235
2021-02-17 15:00:00,2.2281530945711263
2021-02-17 16:00:00,2.409307021589534
2021-02-17 17:00:00,2.2631269492768302
2021-02-17 18:00:00,2.4690767991166505
2021-02-17 19:00:00,2.26249257554868
2021-02-17 20:00:00,2.3134220541124217
2021-02-17 21:00:00,2.05363622124515
2021-02-17 22:00:00,2.2412482269385032
2021-02-17 23:00:00,2.060401098604901
2021-02-18 00:00:00,2.261845476713337
2021-02-18 01:00:00,2.3018524966510108
2021-02-18 02:00:00,1.979405479187947
2021-02-18 03:00:00,2.0517973839881685
2021-02-18 04:00:00,2.2675867242707737
2021-02-18 05:00:00,2.157181322132238
2021-02-18 06:00:00,2.3224924919085024
2021-02-18 07:00:00,2.1869708256079092
2021-02-18 08:00:00,2.239837749429479
2021-02-18 09:00:00,2.1003070446005303
2021-02-18 10:00:00,2.185486340099126
2021-02-18 11:00:00,2.1357752287034693
2021-02-18 12:00:00,2.14948067735094
2021-02-18 13:00:00,2.1497051291619944
2021-02-18 14:00:00,2.1807790978494133
2021-02-18 15:00:00,2.119807345197155
2021-02-18 16:00:00,2.200825212012685
2021-02-18 17:00:00,1.9351793002056148
2021-02-18 18:00:00,2.2507190916110638
2021-02-18 19:00:00,2.2100162493218947
2021-02-18 20:00:00,1.9755492186465409
2021-02-18 21:00:00,2.0691636626899994
2021-02-18 22:00:00,2.12391295379931
2021-02-18 23:00:00,2.104328806006325
2021-02-19 00:00:00,2.069245707498186
2021-02-19 01:00:00,2.2872731063709866
2021-02-19 02:00:00,2.2190173815970957
2021-02-19 03:00:00,2.043729004827577
2021-02-19 04:00:00,2.2973786499072957
2021-02-19 05:00:00,2.0611455667054503
2021-02-19 06:00:00,2.039683797649572
2021-02-19 07:00:00,2.0893722853722188
2021-02-19 08:00:00,2.0024762313347977
2021-02-19 09:00:00,2.1354746078955995
2021-02-19 10:00:00,2.08342254674312
2021-02-19 11:00:00,2.0482027350934082
2021-02-19 12:00:00,2.085299137990931
2021-02-19 13:00:00,2.1143749701811645
2021-02-19 14:00:00,2.1618001986739075
2021-02-19 15:00:00,2.1826203142680503
2021-02-19 16:00:00,2.1402183087320696
2021-02-19 17:00:00,2.147373509111562
2021-02-19 18:00:00,2.1420212857699754
2021-02-19 19:00:00,2.184487957544705
2021-02-19 20:00:00,2.151343957316618
2021-02-19 21:00:00,2.2637633649854862
2021-02-19 22:00:00,2.0941497581698703
2021-02-19 23:00:00,2.081989412916465
2021-02-20 00:00:00,2.1378361889018964
2021-02-20 01:00:00,1.9406509143514816
2021-02-20 02:00:00,2.195098727385972
2021-02-20 03:00:00,2.0472896187112886
2021-02-20 04:00:00,2.124228050254527
2021-02-20 05:00:00,2.088587486832291
2021-02-20 06:00:00,2.209922315883392
2021-02-20 07:00:00,2.2350838227249024
2021-02-20 08:00:00,2.0855550065532436
2021-02-20 09:00:00,2.2066371196694545
2021-02-20 10:00:00,2.0313258601963367
2021-02-20 11:00:00,1.9957763555248829
2021-02-20 12:00:00,2.209317600343699
2021-02-20 13:00:00,2.025694481343908
2021-02-20 14:00:00,2.0267737228791853
2021-02-20 15:00:00,2.2101198578209593
2021-02-20 16:00:00,2.1967266207645544
2021-02-20 17:00:00,2.074796503110445
2021-02-20 18:00:00,2.172395888957751
2021-02-20 19:00:00,2.069356440924935
2021-02-20 20:00:00,1.9730420060021006
2021-02-20 21:00:00,2.1159784732334184
2021-02-20 22:00:00,2.328809882292717
2021-02-20 23:00:00,1.9150482308007346
2021-02-21 00:00:00,2.0401431380709285
2021-02-21 01:00:00,2.0099550553586423
2021-02-21 02:00:00,1.9666302733516479
2021-02-21 03:00:00,2.0077687156945503
2021-02-21 04:00:00,1.9580929071332704
2021-02-21 05:00:00,2.2559003839228047
2021-02-21 06:00:00,2.0894124725219982
2021-02-21 07:00:00,2.21487324676196
2021-02-21 08:00:00,2.07271353825784
2021-02-21 09:00:00,2.1565281660495863
2021-02-21 10:00:00,2.1144488233012266
2021-02-21 11:00:00,2.007516549323428
2021-02-21 12:00:00,2.0509521134309363
2021-02-21 13:00:00,2.226863076391287
2021-02-21 14:00:00,2.235326804582322
2021-02-21 15:00:00,2.1338189347843235
2021-02-21 16:00:00,2.206801369009632
2021-02-21 17:00:00,2.0523529934985407
2021-02-21 18:00:00,2.2962019883273026
2021-02-21 19:00:00,2.208956046700158
2021-02-21 20:00:00,2.16662009611724
2021-02-21 21:00:00,2.077245362534797
2021-02-21 22:00:00,2.1709028300126465
2021-02-21 23:00:00,2.138530646830751
2021-02-22 00:00:00,2.228121041065238
2021-02-22 01:00:00,2.3183208163127107
2021-02-22 02:00:00,2.2254146826101238
2021-02-22 03:00:00,2.1730347381322086
2021-02-22 04:00:00,1.9050380652714485
2021-02-22 05:00:00,2.159036417273524
2021-02-22 06:00:00,2.1837266445839174
2021-02-22 07:00:00,2.0730788619217333
2021-02-22 08:00:00,1.9972909737071751
2021-02-22 09:00:00,2.017313311631899
2021-02-22 10:00:00,2.223625613972495
2021-02-22 11:00:00,2.195566369754785
2021-02-22 12:00:00,1.9603085711174122
2021-02-22 13:00:00,2.165019825041218
2021-02-22 14:00:00,2.2217739942704786
2021-02-22 15:00:00,2.3184698141224267
2021-02-22 16:00:00,2.2644878731928277
2021-02-22 17:00:00,2.2297128837282165
2021-02-22 18:00:00,2.1346213517255164
2021-02-22 19:00:00,2.0121828751428334
2021-02-22 20:00:00,2.18725783314217
2021-02-22 21:00:00,2.1620872044203208
2021-02-22 22:00:00,2.2069986532102197
2021-02-22 23:00:00,2.166423649029969
2021-02-23 00:00:00,2.145814497119862
2021-02-23 01:00:00,2.2527883015248045
2021-02-23 02:00:00,2.303470578725888
2021-02-23 03:00:00,2.2239165411140918
2021-02-23 04:00:00,2.287304553264907
2021-02-23 05:00:00,2.1781645394432094
2021-02-23 06:00:00,2.1316786144058955
2021-02-23 07:00:00,2.214101437908391
2021-02-23 08:00:00,2.062379476585769
2021-02-23 09:00:00,2.1718475027470876
2021-02-23 10:00:00,2.315477372555834
2021-02-23 11:00:00,2.287738131139368
2021-02-23 12:00:00,2.237365939079463
2021-02-23 13:00:00,2.173244180358133
2021-02-23 14:00:00,2.00387015704291
2021-02-23 15:00:00,1.9224524104820675
2021-02-23 16:00:00,2.0622538320241266
2021-02-23 17:00:00,2.1746475750016265
2021-02-23 18:00:00,2.165632499531077
2021-02-23 19:00:00,2.238409992432584
2021-02-23 20:00:00,2.310213596487839
2021-02-23 21:00:00,1.9117821136502127
2021-02-23 22:00:00,2.1910255470055535
2021-02-23 23:00:00,2.0802193125387296
2021-02-24 00:00:00,2.266850608671075
2021-02-24 01:00:00,2.149343756648092
2021-02-24 02:00:00,2.066681191929294
2021-02-24 03:00:00,2.453843307487753
2021-02-24 04:00:00,2.22376391302498
2021-02-24 05:00:00,2.161401883553094
2021-02-24 06:00:00,2.0235160125563256
2021-02-24 07:00:00,2.2550917668285146
2021-02-24 08:00:00,2.186910227215214
2021-02-24 09:00:00,2.1425952439384983
2021-02-24 10:00:00,2.0832297018846218
2021-02-24 11:00:00,2.240441789420756
2021-02-24 12:00:00,2.18208232446955
2021-02-24 13:00:00,2.2182498852395547
2021-02-24 14:00:00,2.2880210784040265
2021-02-24 15:00:00,2.167598236025367
2021-02-24 16:00:00,2.190554307538944
2021-02-24 17:00:00,2.017940221297847
2021-02-24 18:00:00,2.1890447817304506
2021-02-24 19:00:00,2.176593441526708
2021-02-24 20:00:00,2.1822145586336554
2021-02-24 21:00:00,2.002133539200907
2021-02-24 22:00:00,2.207168245869431
2021-02-24 23:00:00,2.245580489335041
2021-02-25 00:00:00,1.9991879921286178
2021-02-25 01:00:00,2.338454714340541
2021-02-25 02:00:00,2.094510071583134
2021-02-25 03:00:00,2.315218345208415
2021-02-25 04:00:00,2.1631099039311636
2021-02-25 05:00:00,2.1420434152480627
2021-02-25 06:00:00,2.082045512912549
2021-02-25 07:00:00,2.1549458775874135
2021-02-25 08:00:00,2.314427741449322
2021-02-25 09:00:00,2.025824564587768
2021-02-25 10:00:00,2.0091990302621494
2021-02-25 11:00:00,2.1214358925279204
2021-02-25 12:00:00,2.127973410309714
2021-02-25 13:00:00,2.162552068161485
2021-02-25 14:00:00,2.1055982314606734
2021-02-25 15:00:00,2.32740436918535
2021-02-25 16:00:00,2.212231017851063
2021-02-25 17:00:00,1.9689585114012975
2021-02-25 18:00:00,2.197541831271335
2021-02-25 19:00:00,2.308645120173131
2021-02-25 20:00:00,2.0630455662131753
2021-02-25 21:00:00,2.1607571271131745
2021-02-25 22:00:00,2.098817769760133
2021-02-25 23:00:00,2.061152716291818
2021-02-26 00:00:00,2.13517311258996
2021-02-26 01:00:00,2.039429835312447
2021-02-26 02:00:00,1.9774103178191915
2021-02-26 03:00:00,2.0914078194410672
2021-02-26 04:00:00,1.8477036610951487
2021-02-26 05:00:00,2.0113781751934736
2021-02-26 06:00:00,1.9693062393772136
2021-02-26 07:00:00,1.8728251067239756
2021-02-26 08:00:00,2.325945000321908
2021-02-26 09:00:00,2.0954622985018467
2021-02-26 10:00:00,2.049957817559038
2021-02-26 11:00:00,2.086153183360153
2021-02-26 12:00:00,2.057381178488856
2021-02-26 13:00:00,2.133487957490183
2021-02-26 14:00:00,1.913527481535719
2021-02-26 15:00:00,1.8858235402002381
2021-02-26 16:00:00,2.120040903133506
2021-02-26 17:00:00,2.1400190960271175
2021-02-26 18:00:00,1.9964393366460924
2021-02-26 19:00:00,2.05401331794934
2021-02-26 20:00:00,1.9559767176452725
2021-02-26 21:00:00,2.132454686172965
2021-02-26 22:00:00,2.1007331559824616
2021-02-26 23:00:00,2.0608640486115974
2021-02-27 00:00:00,2.087091359504896
2021-02-27 01:00:00,2.1107024445349443
2021-02-27 02:00:00,1.9040896352169285
2021-02-27 03:00:00,2.1118758910589714
2021-02-27 04:00:00,1.9300875294219644
2021-02-27 05:00:00,1.9994879017465608
2021-02-27 06:00:00,1.9750239118622674
2021-02-27 07:00:00,2.1873669479498483
2021-02-27 08:00:00,2.198252067294766
2021-02-27 09:00:00,2.13993154466642
2021-02-27 10:00:00,2.135093218806076
2021-02-27 11:00:00,1.9716251772419162
2021-02-27 12:00:00,2.1122116557163344
2021-02-27 13:00:00,2.2597971472534666
2021-02-27 14:00:00,1.985855782041631
2021-02-27 15:00:00,2.190169513200383
2021-02-27 16:00:00,2.036297255248633
2021-02-27 17:00:00,2.094718263728495
2021-02-27 18:00:00,1.9768847295850236
2021-02-27 19:00:00,2.1410937223120445
2021-02-27 20:00:00,2.154397099453962
2021-02-27 21:00:00,2.23957541601588
2021-02-27 22:00:00,2.05718342165395
2021-02-27 23:00:00,2.205729670870358
2021-02-28 00:00:00,2.287244921325911
2021-02-28 01:00:00,2.1527958912535468
2021-02-28 02:00:00,2.089081826048615
2021-02-28 03:00:00,2.1190532944385647
2021-02-28 04:00:00,2.288174396262937
2021-02-28 05:00:00,2.103480893638065
2021-02-28 06:00:00,2.2876733606717994
2021-02-28 07:00:00,2.225590514535198
2021-02-28 08:00:00,2.0420791062396813
2021-02-28 09:00:00,2.1725617143063864
2021-02-28 10:00:00,2.1168256599104707
2021-02-28 11:00:00,2.2775923307430412
2021-02-28 12:00:00,2.108604583696851
2021-02-28 13:00:00,2.210642138283244
2021-02-28 14:00:00,2.230554618829659
2021-02-28 15:00:00,2.3342301019135845
2021-02-28 16:00:00,2.0772990349194465
2021-02-28 17:00:00,2.2140291840885764
2021-02-28 18:00:00,2.109306864638483
2021-02-28 19:00:00,2.3018642153013382
2021-02-28 20:00:00,2.103855669307332
2021-02-28 21:00:00,2.052810261801773
2021-02-28 22:00:00,2.343848544546825
2021-02-28 23:00:00,2.0876788599662683
2021-03-01 00:00:00,2.189498568218912
2021-03-01 01:00:00,2.1508186577980664
2021-03-01 02:00:00,2.2792691338133726
2021-03-01 03:00:00,2.2183012279161445
2021-03-01 04:00:00,2.301038037336158
2021-03-01 05:00:00,2.081966030508782
2021-03-01 06:00:00,2.1783016771283905
2021-03-01 07:00:00,2.124283016720755
2021-03-01 08:00:00,2.248606917916893
2021-03-01 09:00:00,2.2505150592768985
2021-03-01 10:00:00,2.0746443589873396
2021-03-01 11:00:00,2.208792330033841
2021-03-01 12:00:00,2.3893965762047698
2021-03-01 13:00:00,2.125815018342747
2021-03-01 14:00:00,2.1193020430740765
2021-03-01 15:00:00,2.2227960893927015
2021-03-01 16:00:00,2.1154208122028613
2021-03-01 17:00:00,1.9534871751529908
2021-03-01 18:00:00,2.115916874623736
2021-03-01 19:00:00,2.167386146734282
2021-03-01 20:00:00,2.2458357866184304
2021-03-01 21:00:00,2.0005263095087513
2021-03-01 22:00:00,2.201170698167108
2021-03-01 23:00:00,1.8955410540686897
2021-03-02 00:00:00,2.2416920374058518
2021-03-02 01:00:00,2.0479067140789877
2021-03-02 02:00:00,2.2810765510250746
2021-03-02 03:00:00,2.318315910456845
2021-03-02 04:00:00,2.1180262546934894
2021-03-02 05:00:00,2.104607212230405
2021-03-02 06:00:00,2.054514830602465
2021-03-02 07:00:00,2.218409533617514
2021-03-02 08:00:00,2.133660126023217
2021-03-02 09:00:00,2.2054890741692605
2021-03-02 10:00:00,2.28052844201653
2021-03-02 11:00:00,2.1476897805273363
2021-03-02 12:00:00,2.27132287206999
2021-03-02 13:00:00,2.24029445222171
2021-03-02 14:00:00,2.1920538428674594
2021-03-02 15:00:00,2.2839246329790357
2021-03-02 16:00:00,2.12565897243998
2021-03-02 17:00:00,2.3274227207865668
2021-03-02 18:00:00,2.176272016741533
2021-03-02 19:00:00,2.0382755314534973
2021-03-02 20:00:00,1.9870166639271751
2021-03-02 21:00:00,2.2429769238899895
2021-03-02 22:00:00,2.0245600002260447
2021-03-02 23:00:00,1.9741482213768862
2021-03-03 00:00:00,2.1113429048695194
2021-03-03 01:00:00,2.133032673796368
2021-03-03 02:00:00,2.0182181765146425
2021-03-03 03:00:00,2.0461378529372394
2021-03-03 04:00:00,2.0425455420425043
2021-03-03 05:00:00,2.047569820453769
2021-03-03 06:00:00,1.936606405276506
2021-03-03 07:00:00,2.1407662314854368
2021-03-03 08:00:00,1.9524363019037432
2021-03-03 09:00:00,2.058718839034433
2021-03-03 10:00:00,2.201731021874571
2021-03-03 11:00:00,1.819183264214353
2021-03-03 12:00:00,2.1065421600268923
2021-03-03 13:00:00,1.8185069823694635
2021-03-03 14:00:00,2.116964698175603
2021-03-03 15:00:00,2.294806525814378
2021-03-03 16:00:00,2.1902779412930125
2021-03-03 17:00:00,1.9732534775327033
2021-03-03 18:00:00,2.0226063192692245
2021-03-03 19:00:00,1.9929097373756979
2021-03-03 20:00:00,2.057291442239832
2021-03-03 21:00:00,2.031546300627167
2021-03-03 22:00:00,2.1525121972420043
2021-03-03 23:00:00,2.0073607525457016
2021-03-04 00:00:00,2.1098789085781986
2021-03-04 01:00:00,1.9440142509939375
2021-03-04 02:00:00,1.9883692538978204
2021-03-04 03:00:00,2.139138690461238
2021-03-04 04:00:00,2.14718772651667
2021-03-04 05:00:00,2.0150749653781523
2021-03-04 06:00:00,2.2530569125162647
2021-03-04 07:00:00,2.121482675915182
2021-03-04 08:00:00,2.260005006175124
2021-03-04 09:00:00,2.0037433869850476
2021-03-04 10:00:00,1.8954323969296654
2021-03-04 11:00:00,1.9608912331422559
2021-03-04 12:00:00,2.0490486196651587
2021-03-04 13:00:00,2.107271804458016
2021-03-04 14:00:00,1.8060598050716967
2021-03-04 15:00:00,2.0636292995023964
2021-03-04 16:00:00,2.1482648711287213
2021-03-04 17:00:00,2.115837282237024
2021-03-04 18:00:00,2.0462728882402437
2021-03-04 19:00:00,2.266910279455559
2021-03-04 20:00:00,2.0202098586359534
2021-03-04 21:00:00,2.40616785933135
2021-03-04 22:00:00,2.186614032921592
2021-03-04 23:00:00,2.010494316577554
2021-03-05 00:00:00,2.226742491882321
2021-03-05 01:00:00,2.1369132564266557
2021-03-05 02:00:00,1.898290094150699
2021-03-05 03:00:00,2.128226939548468
2021-03-05 04:00:00,2.2483108832223953
2021-03-05 05:00:00,2.382288370586612
2021-03-05 06:00:00,2.068293665970088
2021-03-05 07:00:00,2.1412316520586927
2021-03-05 08:00:00,2.178372205137883
2021-03-05 09:00:00,2.2438812968601476
2021-03-05 10:00:00,2.0809821777601853
2021-03-05 11:00:00,2.1874555802922417
2021-03-05 12:00:00,2.1747162185631947
2021-03-05 13:00:00,2.1804642747758467
2021-03-05 14:00:00,2.012539883057334
2021-03-05 15:00:00,2.2533554507773785
2021-03-05 16:00:00,2.1914565093202416
2021-03-05 17:00:00,2.0910620610768764
2021-03-05 18:00:00,2.093660711201263
2021-03-05 19:00:00,2.1192579997594447
2021-03-05 20:00:00,2.136362429555442
2021-03-05 21:00:00,2.2077221852960895
2021-03-05 22:00:00,2.0554170309210487
2021-03-05 23:00:00,2.1086422429567726
2021-03-06 00:00:00,2.2410937371202047
2021-03-06 01:00:00,2.1174435890754912
2021-03-06 02:00:00,2.0175891659872716
2021-03-06 03:00:00,2.1763321294150852
2021-03-06 04:00:00,2.1846686613109623
2021-03-06 05:00:00,2.444316973216678
2021-03-06 06:00:00,2.1193561128166394
2021-03-06 07:00:00,2.0954697175802064
2021-03-06 08:00:00,2.0930395746307373
2021-03-06 09:00:00,2.2057073279206376
2021-03-06 10:00:00,2.178498416878312
2021-03-06 11:00:00,1.9420611697485486
2021-03-06 12:00:00,2.324650150528312
2021-03-06 13:00:00,1.9843176628236048
2021-03-06 14:00:00,2.163769553867285
2021-03-06 15:00:00,2.2062623583723466
2021-03-06 16:00:00,2.083126299164699
2021-03-06 17:00:00,2.303922858713614
2021-03-06 18:00:00,2.160263287108478
2021-03-06 19:00:00,2.0947102857845343
2021-03-06 20:00:00,2.191225272742878
2021-03-06 21:00:00,2.1274502089458664
2021-03-06 22:00:00,2.1577385897376122
2021-03-06 23:00:00,1.970106077701233
2021-03-07 00:00:00,1.9451668150322454
2021-03-07 01:00:00,2.033644113629312
2021-03-07 02:00:00,2.03696659099637
2021-03-07 03:00:00,1.9704474263140197
2021-03-07 04:00:00,1.8889879870136976
2021-03-07 05:00:00,2.2525884339326208
2021-03-07 06:00:00,2.097083502068761
2021-03-07 07:00:00,2.050919929009394
2021-03-07 08:00:00,1.9997979391509966
2021-03-07 09:00:00,2.2572393532085036
2021-03-07 10:00:00,2.125704811781672
2021-03-07 11:00:00,2.128029269203267
2021-03-07 12:00:00,2.0634863988245256
2021-03-07 13:00:00,1.9951099420963734
2021-03-07 14:00:00,2.0259502479352234
2021-03-07 15:00:00,1.9894919044518886
2021-03-07 16:00:00,2.1590471742268234
2021-03-07 17:00:00,2.0777946030174417
2021-03-07 18:00:00,2.220793862299811
2021-03-07 19:00:00,2.175484518442348
2021-03-07 20:00:00,2.055727089136564
2021-03-07 21:00:00,1.9912714626696408
2021-03-07 22:00:00,2.0613881957526092
2021-03-07 23:00:00,2.215047915866846
2021-03-08 00:00:00,2.254505667966366
2021-03-08 01:00:00,1.9414091519622725
2021-03-08 02:00:00,1.9614282846452453
2021-03-08 03:00:00,2.0370891055457854
2021-03-08 04:00:00,2.171354920625223
2021-03-08 05:00:00,2.2915137864631454
2021-03-08 06:00:00,2.0242331516898218
2021-03-08 07:00:00,2.1527996180447055
2021-03-08 08:00:00,2.221246862541869
2021-03-08 09:00:00,2.12186643217791
2021-03-08 10:00:00,2.066408813188893
2021-03-08 11:00:00,2.288047326747835
2021-03-08 12:00:00,2.1136246374956498
2021-03-08 13:00:00,1.9696708256543052
2021-03-08 14:00:00,2.0946717195007905
2021-03-08 15:00:00,2.3124698651208186
2021-03-08 16:00:00,2.2147257002842045
2021-03-08 17:00:00,2.1720520598547166
2021-03-08 18:00:00,2.0809137514164555
2021-03-08 19:00:00,2.1132940960390996
2021-03-08 20:00:00,2.1943454946765364
2021-03-08 21:00:00,2.2132217780071697
2021-03-08 22:00:00,2.120485504409271
2021-03-08 23:00:00,1.9145194117455937
2021-03-09 00:00:00,2.1555549426385703
2021-03-09 01:00:00,2.1480385451905977
2021-03-09 02:00:00,2.295154400717249
2021-03-09 03:00:00,2.0014314456317703
2021-03-09 04:00:00,2.244019500461943
2021-03-09 05:00:00,2.115459664804334
2021-03-09 06:00:00,2.2114909658187694
2021-03-09 07:00:00,2.2886415861261353
2021-03-09 08:00:00,2.229614064782733
2021-03-09 09:00:00,2.141773826132629
2021-03-09 10:00:00,2.051073861002455
2021-03-09 11:00:00,2.1136647592726763
2021-03-09 12:00:00,2.171730817079918
2021-03-09 13:00:00,1.9889351719984876
2021-03-09 14:00:00,2.0379212722898687
2021-03-09 15:00:00,2.3412696053016084
2021-03-09 16:00:00,1.9998402712493781
2021-03-09 17:00:00,2.0814024261116058
2021-03-09 18:00:00,2.310414543894521
2021-03-09 19:00:00,2.1864769655058027
2021-03-09 20:00:00,2.150362690680277
2021-03-09 21:00:00,2.125579649516197
2021-03-09 22:00:00,2.236767091006719
2021-03-09 23:00:00,2.2219923935577395
2021-03-10 00:00:00,1.9830094841557124
2021-03-10 01:00:00,2.1139812849990713
2021-03-10 02:00:00,2.2716141761354045
2021-03-10 03:00:00,2.1523777883964943
2021-03-10 04:00:00,2.226800940892504
2021-03-10 05:00:00,2.2519295933361616
2021-03-10 06:00:00,2.1651543565834745
2021-03-10 07:00:00,2.209933566730372
2021-03-10 08:00:00,2.3216411453553407
2021-03-10 09:00:00,2.0740183195882254
2021-03-10 10:00:00,2.424326792633981
2021-03-10 11:00:00,2.328476496378528
2021-03-10 12:00:00,2.09617119717198
2021-03-10 13:00:00,2.255726884166375
2021-03-10 14:00:00,2.243514310353082
2021-03-10 15:00:00,2.307592398024576
2021-03-10 16:00:00,2.152201000830907
2021-03-10 17:00:00,2.1294233209756572
2021-03-10 18:00:00,2.0015358689804508
2021-03-10 19:00:00,2.238711794770832
2021-03-10 20:00:00,1.990828319378184
2021-03-10 21:00:00,2.2817226887160067
2021-03-10 22:00:00,2.1448831886952937
2021-03-10 23:00:00,2.140536438756618
2021-03-11 00:00:00,2.220036628887359
2021-03-11 01:00:00,2.1329845897184234
2021-03-11 02:00:00,2.037354219221993
2021-03-11 03:00:00,2.2426154789335526
2021-03-11 04:00:00,2.084808945303388
2021-03-11 05:00:00,2.0865146981764946
2021-03-11 06:00:00,2.008961960506242
2021-03-11 07:00:00,2.2494020058456536
2021-03-11 08:00:00,2.250629272741938
2021-03-11 09:00:00,2.2478810207995785
2021-03-11 10:00:00,1.8629777709937683
2021-03-11 11:00:00,2.210018671420486
2021-03-11 12:00:00,2.297684171052291
2021-03-11 13:00:00,2.21911826735759
2021-03-11 14:00:00,2.1889990190712427
2021-03-11 15:00:00,2.283814063527724
2021-03-11 16:00:00,2.0341771914122826
2021-03-11 17:00:00,1.967750759114776
2021-03-11 18:00:00,2.120366791966766
2021-03-11 19:00:00,1.9115030760675742
2021-03-11 20:00:00,2.323937224290882
2021-03-11 21:00:00,2.0107066225734336
2021-03-11 22:00:00,2.2359205428130338
2021-03-11 23:00:00,2.250901677104221
2021-03-12 00:00:00,2.0913257043749853
2021-03-12 01:00:00,2.237840045335065
2021-03-12 02:00:00,2.1214456724420034
2021-03-12 03:00:00,2.162450477792449
2021-03-12 04:00:00,2.0579070863656086
2021-03-12 05:00:00,2.1098657501057287
2021-03-12 06:00:00,2.2075312289523588
2021-03-12 07:00:00,1.9428808965444144
2021-03-12 08:00:00,2.072547855011534
2021-03-12 09:00:00,2.083977448657889
2021-03-12 10:00:00,2.1188528832536786
2021-03-12 11:00:00,2.174566986869645
2021-03-12 12:00:00,1.9716563659444009
2021-03-12 13:00:00,2.1953356404732687
2021-03-12 14:00:00,2.2010775127233555
2021-03-12 15:00:00,2.117177797892295
2021-03-12 16:00:00,2.2107944304157323
2021-03-12 17:00:00,1.9061187017874923
2021-03-12 18:00:00,2.05222259988757
2021-03-12 19:00:00,2.1057285375328147
2021-03-12 20:00:00,2.341629126543636
2021-03-12 21:00:00,2.277639131696915
2021-03-12 22:00:00,2.1593217870601578
2021-03-12 23:00:00,1.985962416296325
2021-03-13 00:00:00,2.1067735367353726
2021-03-13 01:00:00,2.356988331004715
2021-03-13 02:00:00,2.2117014781453435
2021-03-13 03:00:00,2.0540735398285994
2021-03-13 04:00:00,2.172221415520466
2021-03-13 05:00:00,2.1979921736902197
2021-03-13 06:00:00,2.092521449031365
2021-03-13 07:00:00,2.2932661987963603
2021-03-13 08:00:00,2.3774325920271133
2021-03-13 09:00:00,2.1247613588747374
2021-03-13 10:00:00,1.9629904452677778
2021-03-13 11:00:00,2.2517009905561007
2021-03-13 12:00:00,2.2132038291277065
2021-03-13 13:00:00,2.261006178335287
2021-03-13 14:00:00,2.1339372332922606
2021-03-13 15:00:00,2.3763554195412513
2021-03-13 16:00:00,2.1381273306828272
2021-03-13 17:00:00,2.147825579168945
2021-03-13 18:00:00,2.1188510673469403
2021-03-13 19:00:00,2.0284196929233924
2021-03-13 20:00:00,2.158955751037942
2021-03-13 21:00:00,2.074761622381868
2021-03-13 22:00:00,2.117867512949563
2021-03-13 23:00:00,2.210699119610963
2021-03-14 00:00:00,2.2425530058218466
2021-03-14 01:00:00,2.2471116970247658
2021-03-14 02:00:00,2.0704571855268847
2021-03-14 03:00:00,2.3324998531276795
2021-03-14 04:00:00,2.057846467975066
2021-03-14 05:00:00,2.2914943248825392
2021-03-14 06:00:00,2.2556285802110083
2021-03-14 07:00:00,2.1938824101531953
2021-03-14 08:00:00,2.2536235693405184
2021-03-14 09:00:00,2.063270225289676
2021-03-14 10:00:00,2.204712627808051
2021-03-14 11:00:00,2.2782068594806293
2021-03-14 12:00:00,2.232249622592411
2021-03-14 13:00:00,2.218586625489147
2021-03-14 14:00:00,2.0696708356679254
2021-03-14 15:00:00,2.29815302624604
2021-03-14 16:00:00,2.160775916056375
2021-03-14 17:00:00,2.2058269572609417
2021-03-14 18:00:00,2.0702329864012503
2021-03-14 19:00:00,2.096750152729224
2021-03-14 20:00:00,2.057747899724501
2021-03-14 21:00:00,2.165347754938866
2021-03-14 22:00:00,2.0708505444484357
2021-03-14 23:00:00,2.349400983776797
2021-03-15 00:00:00,2.134860372119021
2021-03-15 01:00:00,2.2178707177291628
2021-03-15 02:00:00,2.057928062816722
2021-03-15 03:00:00,2.0381817573606074
2021-03-15 04:00:00,2.1553760317775064
2021-03-15 05:00:00,2.194596731126013
2021-03-15 06:00:00,2.1023692985538855
2021-03-15 07:00:00,2.136610776765216
2021-03-15 08:00:00,2.168675702719723
2021-03-15 09:00:00,2.1307116292138097
2021-03-15 10:00:00,2.2192763334337386
2021-03-15 11:00:00,2.0137202164116372
2021-03-15 12:00:00,2.1403705915324074
2021-03-15 13:00:00,2.129848554796305
2021-03-15 14:00:00,1.9415695440963892
2021-03-15 15:00:00,2.115438698006233
2021-03-15 16:00:00,1.9896637611617785
2021-03-15 17:00:00,2.1882244366277126
2021-03-15 18:00:00,1.9707429410152975
2021-03-15 19:00:00,2.2682014383427282
2021-03-15 20:00:00,2.185261822991034
2021-03-15 21:00:00,2.1078248965341033
2021-03-15 22:00:00,2.1085949183174795
2021-03-15 23:00:00,1.9995413239791515
2021-03-16 00:00:00,2.055570432357228
2021-03-16 01:00:00,2.107494309217309
2021-03-16 02:00:00,2.009903280461928
2021-03-16 03:00:00,1.9805213568049997
2021-03-16 04:00:00,2.1808810123691083
2021-03-16 05:00:00,2.207007226549287
2021-03-16 06:00:00,2.132659049723731
2021-03-16 07:00:00,2.011457533780079
2021-03-16 08:00:00,2.1297614245728687
2021-03-16 09:00:00,2.141755127035007
2021-03-16 10:00:00,2.182377188489715
2021-03-16 11:00:00,2.294885475364554
2021-03-16 12:00:00,1.9978135432239919
2021-03-16 13:00:00,2.1277316942635496
2021-03-16 14:00:00,2.0154390602738643
2021-03-16 15:00:00,2.3142670583204152
2021-03-16 16:00:00,2.2554502236696963
2021-03-16 17:00:00,2.275048079072597
2021-03-16 18:00:00,2.1021106442776416
2021-03-16 19:00:00,2.1969168208988243
2021-03-16 20:00:00,2.0102707296027855
2021-03-16 21:00:00,2.366408557446698
2021-03-16 22:00:00,2.1895069375054366
2021-03-16 23:00:00,2.087573810561511
2021-03-17 00:00:00,2.1491285256434356
2021-03-17 01:00:00,1.9469207729450246
2021-03-17 02:00:00,2.16481591342454
2021-03-17 03:00:00,1.924350146174169
2021-03-17 04:00:00,2.043002130225743
2021-03-17 05:00:00,2.1707782248413907
2021-03-17 06:00:00,2.088432040817391
2021-03-17 07:00:00,2.092537919338044
2021-03-17 08:00:00,2.2413736567790266
2021-03-17 09:00:00,2.2082493502257634
2021-03-17 10:00:00,1.979300426308339
2021-03-17 11:00:00,2.1552135939788375
2021-03-17 12:00:00,1.9703471123799485
2021-03-17 13:00:00,1.91350030719698
2021-03-17 14:00:00,2.3708736115992846
2021-03-17 15:00:00,2.0089681697287096
2021-03-17 16:00:00,2.036028616850761
2021-03-17 17:00:00,2.3518221182797747
2021-03-17 18:00:00,2.2551478364149533
2021-03-17 19:00:00,2.1707414758827737
2021-03-17 20:00:00,2.035609006365185
2021-03-17 21:00:00,2.059624608801794
2021-03-17 22:00:00,2.044730075838965
2021-03-17 23:00:00,2.166483985051587
2021-03-18 00:00:00,2.2465203390951713
2021-03-18 01:00:00,2.0860053502063636
2021-03-18 02:00:00,2.107396190106141
2021-03-18 03:00:00,2.1939474850448404
2021-03-18 04:00:00,1.973135892339436
2021-03-18 05:00:00,2.1157450851709347
2021-03-18 06:00:00,2.161713903895949
2021-03-18 07:00:00,2.054209686577621
2021-03-18 08:00:00,2.17676740712279
2021-03-18 09:00:00,2.2030007218881105
2021-03-18 10:00:00,2.079376960637009
2021-03-18 11:00:00,1.9784334068595142
2021-03-18 12:00:00,2.056684602955516
2021-03-18 13:00:00,2.2029225386290223
2021-03-18 14:00:00,2.2526130066881374
2021-03-18 15:00:00,2.084839379174898
2021-03-18 16:00:00,2.1046216030523888
2021-03-18 17:00:00,2.3009205237289536
2021-03-18 18:00:00,2.096261572230652
2021-03-18 19:00:00,2.2260589569171563
2021-03-18 20:00:00,2.1308839590864426
2021-03-18 21:00:00,2.1597940403315765
2021-03-18 22:00:00,2.2165664404416567
2021-03-18 23:00:00,2.1123631958880624
2021-03-19 00:00:00,1.93364372495021
2021-03-19 01:00:00,2.0058022203665327
2021-03-19 02:00:00,2.055157191369574
2021-03-19 03:00:00,2.043489126813219
2021-03-19 04:00:00,2.1837558458193813
2021-03-19 05:00:00,2.0494241007154774
2021-03-19 06:00:00,2.0500773106769032
2021-03-19 07:00:00,2.2480567917516625
2021-03-19 08:00:00,2.0974050877780765
2021-03-19 09:00:00,2.23872825381018
2021-03-19 10:00:00,2.17687117967158
2021-03-19 11:00:00,2.124879415647488
2021-03-19 12:00:00,2.1365039488794193
2021-03-19 13:00:00,2.1436321893409285
2021-03-19 14:00:00,2.2561096751312304
2021-03-19 15:00:00,2.1631418759624763
2021-03-19 16:00:00,2.274283686763526
2021-03-19 17:00:00,1.9762598475188489
2021-03-19 18:00:00,2.055317783354042
2021-03-19 19:00:00,2.010055329770953
2021-03-19 20:00:00,2.14636226995677
2021-03-19 21:00:00,2.141620227557723
2021-03-19 22:00:00,2.145923754696234
2021-03-19 23:00:00,2.303605259021298
2021-03-20 00:00:00,2.166892654406305
2021-03-20 01:00:00,2.3416504364706574
2021-03-20 02:00:00,2.059625287878599
2021-03-20 03:00:00,2.0437693594133157
2021-03-20 04:00:00,2.2830700661997194
2021-03-20 05:00:00,2.236521468312962
2021-03-20 06:00:00,2.1436548738299495
2021-03-20 07:00:00,2.0892972500104854
2021-03-20 08:00:00,2.089528357614513
2021-03-20 09:00:00,2.0520075981565955
2021-03-20 10:00:00,2.0636434946699818
2021-03-20 11:00:00,2.2076015992136133
2021-03-20 12:00:00,2.0920524735123247
2021-03-20 13:00:00,2.2731558128327594
2021-03-20 14:00:00,2.201994787418841
2021-03-20 15:00:00,2.059647118387833
2021-03-20 16:00:00,2.1940792616247875
2021-03-20 17:00:00,2.1177660509000167
2021-03-20 18:00:00,1.9789867525186249
2021-03-20 19:00:00,2.0244150598476507
2021-03-20 20:00:00,2.027114215444486
2021-03-20 21:00:00,2.186847063631857
2021-03-20 22:00:00,2.1471546387709846
2021-03-20 23:00:00,1.935293956698586
2021-03-21 00:00:00,2.3418461079623656
2021-03-21 01:00:00,2.137967213733602
2021-03-21 02:00:00,2.2032106024423252
2021-03-21 03:00:00,2.1158609410124187
2021-03-21 04:00:00,2.08513085224122
2021-03-21 05:00:00,2.152537734097444
2021-03-21 06:00:00,2.1952388044279427
2021-03-21 07:00:00,2.040056133080811
2021-03-21 08:00:00,2.2484845219757603
2021-03-21 09:00:00,2.1184146004606887
2021-03-21 10:00:00,2.0629902374747884
2021-03-21 11:00:00,2.008530963995477
2021-03-21 12:00:00,1.9297573991267312
2021-03-21 13:00:00,2.1097615675721513
2021-03-21 14:00:00,1.9777497987407637
2021-03-21 15:00:00,2.099462078598671
2021-03-21 16:00:00,2.2229184388090526
2021-03-21 17:00:00,2.1699890219382127
2021-03-21 18:00:00,2.241562483660992
2021-03-21 19:00:00,2.0048938842313158
2021-03-21 20:00:00,2.0681823098069065
2021-03-21 21:00:00,2.050645513060389
2021-03-21 22:00:00,2.116794012550929
2021-03-21 23:00:00,2.0977166730559604
2021-03-22 00:00:00,2.2711014686328808
2021-03-22 01:00:00,2.162534069404326
2021-03-22 02:00:00,2.0725707700443263
2021-03-22 03:00:00,2.1032395729209
2021-03-22 04:00:00,2.3687436090507656
2021-03-22 05:00:00,2.2939100900519636
2021-03-22 06:00:00,2.1139964393008746
2021-03-22 07:00:00,1.9300462886105059
2021-03-22 08:00:00,2.0952319559220123
2021-03-22 09:00:00,1.9917422126209197
2021-03-22 10:00:00,1.9612175494768278
2021-03-22 11:00:00,2.162920082411197
2021-03-22 12:00:00,2.3786808236966803
2021-03-22 13:00:00,2.1999953124386424
2021-03-22 14:00:00,2.125244958294671
2021-03-22 15:00:00,2.0773023759363727
2021-03-22 16:00:00,1.9805409680145198
2021-03-22 17:00:00,2.3442777477893975
2021-03-22 18:00:00,2.1364956963078288
2021-03-22 19:00:00,2.1448354258393882
2021-03-22 20:00:00,2.0259396428312253
2021-03-22 21:00:00,2.062692135874064
2021-03-22 22:00:00,2.21529254514879
2021-03-22 23:00:00,2.11804608092596
2021-03-23 00:00:00,2.190858960300647
2021-03-23 01:00:00,2.1687250673132263
2021-03-23 02:00:00,2.010305981701753
2021-03-23 03:00:00,2.1941874444627825
2021-03-23 04:00:00,2.048412021909571
2021-03-23 05:00:00,2.433439710372852
2021-03-23 06:00:00,2.2093708172415285
2021-03-23 07:00:00,2.0484853565794614
2021-03-23 08:00:00,2.054531347411315
2021-03-23 09:00:00,2.240336431943141
2021-03-23 10:00:00,2.2554674920242217
2021-03-23 11:00:00,2.09206710168825
2021-03-23 12:00:00,2.225425875414922
2021-03-23 13:00:00,1.9567622773617341
2021-03-23 14:00:00,2.0143759150750293
2021-03-23 15:00:00,2.195632914175418
2021-03-23 16:00:00,2.248019910273703
2021-03-23 17:00:00,2.0617363739916597
2021-03-23 18:00:00,2.3116705211780877
2021-03-23 19:00:00,2.333463816767426
2021-03-23 20:00:00,2.0496043786797986
2021-03-23 21:00:00,2.060561760222664
2021-03-23 22:00:00,2.2153587165774624
2021-03-23 23:00:00,2.276249839523051
2021-03-24 00:00:00,1.9432157251422222
2021-03-24 01:00:00,2.386476288534921
2021-03-24 02:00:00,2.170622282137335
2021-03-24 03:00:00,2.0915620349399755
2021-03-24 04:00:00,1.978391441109526
2021-03-24 05:00:00,2.03864194564499
2021-03-24 06:00:00,2.0722548800664984
2021-03-24 07:00:00,1.9943621648417622
2021-03-24 08:00:00,2.2380728491414064
2021-03-24 09:00:00,2.1190110107279874
2021-03-24 10:00:00,1.9843127358846824
2021-03-24 11:00:00,1.9869601880225685
2021-03-24 12:00:00,2.069881055087562
2021-03-24 13:00:00,1.9834925514901411
2021-03-24 14:00:00,2.0760305775981576
2021-03-24 15:00:00,1.9994915591402316
2021-03-24 16:00:00,1.957609794146766
2021-03-24 17:00:00,2.0979652378350404
2021-03-24 18:00:00,1.9375311748285369
2021-03-24 19:00:00,1.8892221252884145
2021-03-24 20:00:00,2.1686560158357024
2021-03-24 21:00:00,2.3194098137057835
2021-03-24 22:00:00,2.051332265362749
2021-03-24 23:00:00,2.0227889251300204
2021-03-25 00:00:00,2.2063941792602084
2021-03-25 01:00:00,1.9957103671035774
2021-03-25 02:00:00,2.061343064746337
2021-03-25 03:00:00,2.002022100938408
2021-03-25 04:00:00,1.9085718512620153
2021-03-25 05:00:00,2.0994176286738844
2021-03-25 06:00:00,2.0261526773303102
2021-03-25 07:00:00,1.9191566598244214
2021-03-25 08:00:00,2.0586061039184624
2021-03-25 09:00:00,2.0771568906837166
2021-03-25 10:00:00,2.009751808589131
2021-03-25 11:00:00,2.1009509687942223
2021-03-25 12:00:00,2.2042157934888578
2021-03-25 13:00:00,2.1057630179318187
2021-03-25 14:00:00,1.9600904832235757
2021-03-25 15:00:00,2.0233482114359234
2021-03-25 16:00:00,2.0431086944821892
2021-03-25 17:00:00,1.9391640057492603
2021-03-25 18:00:00,2.055449888430456
2021-03-25 19:00:00,2.114725506849023
2021-03-25 20:00:00,1.9786782457363252
2021-03-25 21:00:00,2.097182065992251
2021-03-25 22:00:00,2.026410977810332
2021-03-25 23:00:00,2.1200394829600375
2021-03-26 00:00:00,2.0683874546084997
2021-03-26 01:00:00,1.8681127883125093
2021-03-26 02:00:00,2.1292459890182363
2021-03-26 03:00:00,2.136447552500941
2021-03-26 04:00:00,2.218674975113552
2021-03-26 05:00:00,2.0107240045511734
2021-03-26 06:00:00,2.1608491153771885
2021-03-26 07:00:00,2.1217170557881793
2021-03-26 08:00:00,2.1569300909132108
2021-03-26 09:00:00,2.0818826353079887
2021-03-26 10:00:00,2.2518015531237388
2021-03-26 11:00:00,1.981306352350879
2021-03-26 12:00:00,2.220385526495666
2021-03-26 13:00:00,2.0602950407154847
2021-03-26 14:00:00,2.1112035755815963
2021-03-26 15:00:00,2.143664608641878
2021-03-26 16:00:00,1.9636386634098342
2021-03-26 17:00:00,2.2758075123735626
2021-03-26 18:00:00,2.1041632228474425
2021-03-26 19:00:00,2.209666325191596
2021-03-26 20:00:00,2.190424977962146
2021-03-26 21:00:00,2.2478008896234756
2021-03-26 22:00:00,2.057692929711293
2021-03-26 23:00:00,1.9879424884040127
2021-03-27 00:00:00,1.974930587144178
2021-03-27 01:00:00,2.0279283685534137
2021-03-27 02:00:00,1.9981065438874086
2021-03-27 03:00:00,1.971036250717738
2021-03-27 04:00:00,2.066563246199452
2021-03-27 05:00:00,2.127490870118572
2021-03-27 06:00:00,1.960702532207333
2021-03-27 07:00:00,1.7521363915586152
2021-03-27 08:00:00,2.1271041592577227
2021-03-27 09:00:00,2.1431765756056302
2021-03-27 10:00:00,2.0538140955369473
2021-03-27 11:00:00,2.028976606136892
2021-03-27 12:00:00,2.017378791699937
2021-03-27 13:00:00,2.158602073677675
2021-03-27 14:00:00,2.163405462923389
2021-03-27 15:00:00,1.9642786221505055
2021-03-27 16:00:00,2.1168167373236533
2021-03-27 17:00:00,2.014059292066161
2021-03-27 18:00:00,2.3214430220835958
2021-03-27 19:00:00,2.0325600756469595
2021-03-27 20:00:00,2.1899869391998017
2021-03-27 21:00:00,1.9806095147984955
2021-03-27 22:00:00,2.1479024049089874
2021-03-27 23:00:00,2.008821004957742
2021-03-28 00:00:00,1.7791416452887403
2021-03-28 01:00:00,2.140267054552676
2021-03-28 02:00:00,2.126506660901803
2021-03-28 03:00:00,2.0756522703512665
2021-03-28 04:00:00,1.9252543730445089
2021-03-28 05:00:00,1.999358513494748
2021-03-28 06:00:00,2.1084323519912695
2021-03-28 07:00:00,2.1519014680498336
2021-03-28 08:00:00,1.9876499573515305
2021-03-28 09:00:00,2.052493428940297
2021-03-28 10:00:00,2.135285462443215
2021-03-28 11:00:00,2.1576291378470516
2021-03-28 12:00:00,2.1215303452193415
2021-03-28 13:00:00,1.949603994577729
2021-03-28 14:00:00,2.2453492887280753
2021-03-28 15:00:00,2.0969385538970524
2021-03-28 16:00:00,2.0933249627374537
2021-03-28 17:00:00,2.105869577667354
2021-03-28 18:00:00,2.0680044480422746
2021-03-28 19:00:00,2.2554014597198315
2021-03-28 20:00:00,1.9200292279136668
2021-03-28 21:00:00,1.9946075950327329
2021-03-28 22:00:00,2.0676411435383795
2021-03-28 23:00:00,1.934531825238775
2021-03-29 00:00:00,2.041456212782113
2021-03-29 01:00:00,2.3200340263200365
2021-03-29 02:00:00,1.9675782987196584
2021-03-29 03:00:00,2.1090083401814486
2021-03-29 04:00:00,2.0064816840277095
2021-03-29 05:00:00,2.1656427376342404
2021-03-29 06:00:00,2.0213289977718674
2021-03-29 07:00:00,2.089827904206314
2021-03-29 08:00:00,2.123458560614983
2021-03-29 09:00:00,2.0002854209456378
2021-03-29 10:00:00,2.0685958776473563
2021-03-29 11:00:00,2.122377321707844
2021-03-29 12:00:00,2.105480852022138
2021-03-29 13:00:00,2.028306794984706
2021-03-29 14:00:00,1.9235471729159241
2021-03-29 15:00:00,2.02407350823129
2021-03-29 16:00:00,1.967998341014301
2021-03-29 17:00:00,2.205742074745923
2021-03-29 18:00:00,2.0973955568427396
2021-03-29 19:00:00,2.1512574702186273
2021-03-29 20:00:00,2.005641010222369
2021-03-29 21:00:00,2.0339694653589215
2021-03-29 22:00:00,2.141484294132818
2021-03-29 23:00:00,2.1942934796936084
2021-03-30 00:00:00,2.023833881915738
2021-03-30 01:00:00,1.9788957817319341
2021-03-30 02:00:00,1.9731626406376588
2021-03-30 03:00:00,1.9930420963196103
2021-03-30 04:00:00,1.9982461730280838
2021-03-30 05:00:00,2.08064739875871
2021-03-30 06:00:00,2.1018723471693006
2021-03-30 07:00:00,1.9277466689555955
2021-03-30 08:00:00,2.065845250228612
2021-03-30 09:00:00,2.127280461741701
2021-03-30 10:00:00,2.1850102284942383
2021-03-30 11:00:00,2.040637283031079
2021-03-30 12:00:00,2.0764291179131624
2021-03-30 13:00:00,2.106759457166048
2021-03-30 14:00:00,1.9114018533849002
2021-03-30 15:00:00,2.2275463096069097
2021-03-30 16:00:00,2.031974181725101
2021-03-30 17:00:00,2.1888069178781975
2021-03-30 18:00:00,2.2628863843554985
2021-03-30 19:00:00,2.214966382370631
2021-03-30 20:00:00,1.951661798328327
2021-03-30 21:00:00,2.118547775903403
2021-03-30 22:00:00,2.351662396868576
2021-03-30 23:00:00,2.1936245885027237
2021-03-31 00:00:00,2.12974358168354
2021-03-31 01:00:00,2.224019734265755
2021-03-31 02:00:00,1.9630211709706564
2021-03-31 03:00:00,2.2170118711315023
2021-03-31 04:00:00,2.2174599957367693
2021-03-31 05:00:00,2.0774369232331362
2021-03-31 06:00:00,2.2926342988752597
2021-03-31 07:00:00,2.2068657350819163
2021-03-31 08:00:00,2.16583378211832
2021-03-31 09:00:00,2.2345408166724168
2021-03-31 10:00:00,2.1350460090268712
2021-03-31 11:00:00,2.1706882255759097
2021-03-31 12:00:00,2.326822563190932
2021-03-31 13:00:00,2.319301824172459
2021-03-31 14:00:00,2.192362243951026
2021-03-31 15:00:00,2.283838871288661
2021-03-31 16:00:00,2.3005735568611705
2021-03-31 17:00:00,2.1643608044090286
2021-03-31 18:00:00,2.115726681062115
2021-03-31 19:00:00,2.262696617951998
2021-03-31 20:00:00,2.2262958680842075
2021-03-31 21:00:00,2.043164443339647
2021-03-31 22:00:00,2.124380249495027
2021-03-31 23:00:00,2.1709236562483203
2021-04-01 00:00:00,2.1314952846868582
2021-04-01 01:00:00,2.371262597481661
2021-04-01 02:00:00,2.1472045554211583
2021-04-01 03:00:00,2.193892894062304
2021-04-01 04:00:00,2.19267434898362
2021-04-01 05:00:00,2.1425620341683533
2021-04-01 06:00:00,2.0519861063881444
2021-04-01 07:00:00,2.210534371537495
2021-04-01 08:00:00,2.214873944243128
2021-04-01 09:00:00,2.0216506686427422
2021-04-01 10:00:00,2.2092593756333767
2021-04-01 11:00:00,2.2025283352896867
2021-04-01 12:00:00,2.1682390631404793
2021-04-01 13:00:00,2.0149782977508757
2021-04-01 14:00:00,2.238417093243698
2021-04-01 15:00:00,2.0083174111570345
2021-04-01 16:00:00,2.2311640840457385
2021-04-01 17:00:00,2.0284625563029857
2021-04-01 18:00:00,1.941117221650752
2021-04-01 19:00:00,2.1162744713100095
2021-04-01 20:00:00,2.231106082727116
2021-04-01 21:00:00,2.293421438270961
2021-04-01 22:00:00,2.0991042716158135
2021-04-01 23:00:00,2.144998585548951
2021-04-02 00:00:00,2.181365760016018
2021-04-02 01:00:00,2.076268148227291
2021-04-02 02:00:00,2.11189191521156
2021-04-02 03:00:00,1.9959751473379972
2021-04-02 04:00:00,1.9240074497721225
2021-04-02 05:00:00,1.9328892753511981
2021-04-02 06:00:00,2.2273169261249253
2021-04-02 07:00:00,2.329255772394429
2021-04-02 08:00:00,2.1151288884753416
2021-04-02 09:00:00,2.1130279062019195
2021-04-02 10:00:00,2.142819846659332
2021-04-02 11:00:00,2.101471093815095
2021-04-02 12:00:00,1.9035574647602687
2021-04-02 13:00:00,2.035064519134743
2021-04-02 14:00:00,2.08305254979134
2021-04-02 15:00:00,1.9904060352799837
2021-04-02 16:00:00,2.061373132398403
2021-04-02 17:00:00,1.9864667478860256
2021-04-02 18:00:00,2.0129193139596966
2021-04-02 19:00:00,2.1330382723616377
2021-04-02 20:00:00,2.202226987616147
2021-04-02 21:00:00,2.2258351173815143
2021-04-02 22:00:00,2.1328823485929544
2021-04-02 23:00:00,2.0771474220670765
2021-04-03 00:00:00,2.2369142879765076
2021-04-03 01:00:00,2.0040744179406764
2021-04-03 02:00:00,2.1797708898826462
2021-04-03 03:00:00,2.0744027042399833
2021-04-03 04:00:00,2.165410907254278
2021-04-03 05:00:00,2.1134926863601042
2021-04-03 06:00:00,2.1831203958616068
2021-04-03 07:00:00,2.136522169467767
2021-04-03 08:00:00,2.1873953712505383
2021-04-03 09:00:00,2.2151990014828935
2021-04-03 10:00:00,2.115777890541693
2021-04-03 11:00:00,2.220754079592958
2021-04-03 12:00:00,2.0638037355268413
2021-04-03 13:00:00,2.2387591148528263
2021-04-03 14:00:00,2.143305715380647
2021-04-03 15:00:00,2.063384376629666
2021-04-03 16:00:00,2.203008566501008
2021-04-03 17:00:00,2.2439696868902432
2021-04-03 18:00:00,2.0427822310048596
2021-04-03 19:00:00,2.1886009416422523
2021-04-03 20:00:00,2.028045463518844
2021-04-03 21:00:00,2.146212439062698
2021-04-03 22:00:00,2.2648646322746506
2021-04-03 23:00:00,2.212878774503429
2021-04-04 00:00:00,2.344521533184716
2021-04-04 01:00:00,2.1392554113888487
2021-04-04 02:00:00,2.160006604856602
2021-04-04 03:00:00,2.1578291876789595
2021-04-04 04:00:00,2.1575976351819723
2021-04-04 05:00:00,2.167314295775109
2021-04-04 06:00:00,2.2184135354519876
2021-04-04 07:00:00,2.059532169180992
2021-04-04 08:00:00,2.0285105433251536
2021-04-04 09:00:00,2.203489099103718
2021-04-04 10:00:00,2.2034755575060543
2021-04-04 11:00:00,2.0811675306146866
2021-04-04 12:00:00,2.1759044266234406
2021-04-04 13:00:00,1.9393915445840175
2021-04-04 14:00:00,2.222254656643554
2021-04-04 15:00:00,2.079710749732057
2021-04-04 16:00:00,2.0447310219231625
2021-04-04 17:00:00,2.077640014784851
2021-04-04 18:00:00,2.1404925821879592
2021-04-04 19:00:00,1.9495053350893865
2021-04-04 20:00:00,2.319696733365831
2021-04-04 21:00:00,2.067868179134384
2021-04-04 22:00:00,2.083730492018893
2021-04-04 23:00:00,1.8450903117005473
2021-04-05 00:00:00,1.983220941987021
2021-04-05 01:00:00,2.008689567000034
2021-04-05 02:00:00,2.2345423836272573
2021-04-05 03:00:00,2.012249706736811
2021-04-05 04:00:00,2.0594796182116597
2021-04-05 05:00:00,2.0002030265123243
2021-04-05 06:00:00,2.1343509192983157
2021-04-05 07:00:00,2.1632172895463966
2021-04-05 08:00:00,1.904342305649753
2021-04-05 09:00:00,1.897944171112934
2021-04-05 10:00:00,1.9952127803942354
2021-04-05 11:00:00,2.052629093124341
2021-04-05 12:00:00,1.8999063729014638
2021-04-05 13:00:00,1.9414443992922394
2021-04-05 14:00:00,2.1225502325442966
2021-04-05 15:00:00,2.1149414325503955
2021-04-05 16:00:00,1.9742401262212879
2021-04-05 17:00:00,1.9810557218580103
2021-04-05 18:00:00,2.113968210999965
2021-04-05 19:00:00,2.240803824876905
2021-04-05 20:00:00,2.098596217173595
2021-04-05 21:00:00,1.9328842257188108
2021-04-05 22:00:00,2.1699737396790084
2021-04-05 23:00:00,2.216477030215846
2021-04-06 00:00:00,1.9652731760875743
2021-04-06 01:00:00,2.003262924803864
2021-04-06 02:00:00,2.112171857926908
2021-04-06 03:00:00,2.0662733843015926
2021-04-06 04:00:00,2.062961600886471
2021-04-06 05:00:00,2.0149410757726547
2021-04-06 06:00:00,2.2899432736829324
2021-04-06 07:00:00,2.1481897226734503
2021-04-06 08:00:00,2.0456293949346285
2021-04-06 09:00:00,1.9316111715007571
2021-04-06 10:00:00,2.1481866251468893
2021-04-06 11:00:00,2.039311295502972
2021-04-06 12:00:00,2.1238482767388143
2021-04-06 13:00:00,2.0868836259093846
2021-04-06 14:00:00,2.0773576253871275
2021-04-06 15:00:00,1.9672553164444548
2021-04-06 16:00:00,2.0105874105753294
2021-04-06 17:00:00,2.2357911138268154
2021-04-06 18:00:00,1.9923035717993376
2021-04-06 19:00:00,2.044073405538643
2021-04-06 20:00:00,2.0356226102009116
2021-04-06 21:00:00,1.9320886824108312
2021-04-06 22:00:00,2.1142475180243796
2021-04-06 23:00:00,2.1254474897160827
2021-04-07 00:00:00,2.207023997022284
2021-04-07 01:00:00,2.1571673597947822
2021-04-07 02:00:00,2.1005554848077304
2021-04-07 03:00:00,2.0452465619418656
2021-04-07 04:00:00,2.0065759541347834
2021-04-07 05:00:00,2.150916977310211
2021-04-07 06:00:00,2.0425359436514787
2021-04-07 07:00:00,2.247029227822688
2021-04-07 08:00:00,2.1316490225789546
2021-04-07 09:00:00,2.139238573978445
2021-04-07 10:00:00,2.2158187328260937
2021-04-07 11:00:00,2.046855815729761
2021-04-07 12:00:00,2.1383452667914993
2021-04-07 13:00:00,2.2003877757942982
2021-04-07 14:00:00,2.0076191447284324
2021-04-07 15:00:00,2.1359186796725353
2021-04-07 16:00:00,2.0094949620467863
2021-04-07 17:00:00,2.151594548025124
2021-04-07 18:00:00,2.070037432077948
2021-04-07 19:00:00,2.1134253113276817
2021-04-07 20:00:00,2.1278673457000745
2021-04-07 21:00:00,2.107966303205026
2021-04-07 22:00:00,2.086938359176934
2021-04-07 23:00:00,1.9802263157626951
2021-04-08 00:00:00,1.9830905601602924
2021-04-08 01:00:00,1.9567289875000708
2021-04-08 02:00:00,2.170552192956697
2021-04-08 03:00:00,2.1530032988026035
2021-04-08 04:00:00,2.131642930318711
2021-04-08 05:00:00,1.912296417515098
2021-04-08 06:00:00,2.0434472859243176
2021-04-08 07:00:00,2.152582010022398
2021-04-08 08:00:00,2.167621259552878
2021-04-08 09:00:00,2.3264271186322674
2021-04-08 10:00:00,2.313501588861707
2021-04-08 11:00:00,1.923153340520039
2021-04-08 12:00:00,2.0408217082893647
2021-04-08 13:00:00,2.113396440469063
2021-04-08 14:00:00,2.102507772509362
2021-04-08 15:00:00,2.174947869476785
2021-04-08 16:00:00,1.9721557077767353
2021-04-08 17:00:00,1.9411268846967873
2021-04-08 18:00:00,1.9281621368764226
2021-04-08 19:00:00,2.131343574246851
2021-04-08 20:00:00,1.8236039001575823
2021-04-08 21:00:00,1.9388949360226166
2021-04-08 22:00:00,2.1509875316113787
2021-04-08 23:00:00,1.946282656505946
2021-04-09 00:00:00,2.0092956240565107
2021-04-09 01:00:00,2.1169647205110187
2021-04-09 02:00:00,1.8363434981332456
2021-04-09 03:00:00,2.1073605294995823
2021-04-09 04:00:00,1.9761311816821332
2021-04-09 05:00:00,1.9811513262363472
2021-04-09 06:00:00,1.8986445096592424
2021-04-09 07:00:00,2.0666924881397053
2021-04-09 08:00:00,2.1011735012573975
2021-04-09 09:00:00,2.061632454390875
2021-04-09 10:00:00,1.9372387863744205
2021-04-09 11:00:00,2.1401305896996456
2021-04-09 12:00:00,1.9823736664753606
2021-04-09 13:00:00,2.0587943440992986
2021-04-09 14:00:00,2.2462478818767044
2021-04-09 15:00:00,2.0783823177315686
2021-04-09 16:00:00,2.11786492585102
2021-04-09 17:00:00,2.067545184903028
2021-04-09 18:00:00,2.2080021974344155
2021-04-09 19:00:00,2.077492366949644
2021-04-09 20:00:00,1.835895925157587
2021-04-09 21:00:00,2.052571369290049
2021-04-09 22:00:00,1.9467851843151562
2021-04-09 23:00:00,2.115686857811689
2021-04-10 00:00:00,2.034894720642255
2021-04-10 01:00:00,2.1983036695365903
2021-04-10 02:00:00,1.9408039440190759
2021-04-10 03:00:00,2.011379573969686
2021-04-10 04:00:00,2.0795809076268603
2021-04-10 05:00:00,2.01489409635613
2021-04-10 06:00:00,2.0641426595311514
2021-04-10 07:00:00,2.119570289450518
2021-04-10 08:00:00,1.9627785681476195
2021-04-10 09:00:00,1.9984371233505067
2021-04-10 10:00:00,1.9462505787559117
2021-04-10 11:00:00,1.96112487456223
2021-04-10 12:00:00,1.9078828673199857
2021-04-10 13:00:00,2.0425111746268767
2021-04-10 14:00:00,2.0812862275947976
2021-04-10 15:00:00,1.8834650270398425
2021-04-10 16:00:00,1.9198206590429543
2021-04-10 17:00:00,1.9704149003737688
2021-04-10 18:00:00,2.070709266115168
2021-04-10 19:00:00,2.0371087042176024
2021-04-10 20:00:00,1.960051547978708
2021-04-10 21:00:00,2.08824414829885
2021-04-10 22:00:00,1.8567687771882309
2021-04-10 23:00:00,1.9606397088712926
2021-04-11 00:00:00,2.125891034311739
2021-04-11 01:00:00,2.0095090155556865
2021-04-11 02:00:00,1.864221623939516
2021-04-11 03:00:00,1.8540076566303396
2021-04-11 04:00:00,1.8815121224028584
2021-04-11 05:00:00,2.0434066856529505
2021-04-11 06:00:00,2.0902865073541665
2021-04-11 07:00:00,2.0773714278314177
2021-04-11 08:00:00,2.1154433516298616
2021-04-11 09:00:00,2.001546666868205
2021-04-11 10:00:00,2.125331044675298
2021-04-11 11:00:00,1.9121813841271713
2021-04-11 12:00:00,2.066472373812982
2021-04-11 13:00:00,2.041981210560869
2021-04-11 14:00:00,2.0688952428772005
2021-04-11 15:00:00,1.864048275334187
2021-04-11 16:00:00,2.0016392400072918
2021-04-11 17:00:00,2.052494858287024
2021-04-11 18:00:00,1.9509393998308024
2021-04-11 19:00:00,2.038467032730924
2021-04-11 20:00:00,1.9103860850948533
2021-04-11 21:00:00,1.9442921378052829
2021-04-11 22:00:00,1.9158440460798127
2021-04-11 23:00:00,1.9487193961849847
2021-04-12 00:00:00,1.842970268987529
2021-04-12 01:00:00,2.017057995909357
2021-04-12 02:00:00,2.0054512229450525
2021-04-12 03:00:00,1.955193704956048
2021-04-12 04:00:00,1.9321781540576781
2021-04-12 05:00:00,1.8881687543591017
2021-04-12 06:00:00,1.948841808309115
2021-04-12 07:00:00,2.112254335886696
2021-04-12 08:00:00,2.0616382061687157
2021-04-12 09:00:00,2.0411827718480686
2021-04-12 10:00:00,1.865083795988901
2021-04-12 11:00:00,2.1927794864293246
2021-04-12 12:00:00,1.9580160470218988
2021-04-12 13:00:00,1.9925451652109205
2021-04-12 14:00:00,1.8764934271498375
2021-04-12 15:00:00,2.194629268976396
2021-04-12 16:00:00,2.112872955714179
2021-04-12 17:00:00,2.1645241210248893
2021-04-12 18:00:00,2.0527982232802082
2021-04-12 19:00:00,1.9080623968509394
2021-04-12 20:00:00,1.9911878587931315
2021-04-12 21:00:00,1.9896013957190728
2021-04-12 22:00:00,2.1308945612132826
2021-04-12 23:00:00,2.236902298284262
2021-04-13 00:00:00,2.038647524023307
2021-04-13 01:00:00,2.1751073973964785
2021-04-13 02:00:00,2.032967685380402
2021-04-13 03:00:00,2.2204320583945347
2021-04-13 04:00:00,2.356742968405518
2021-04-13 05:00:00,2.1499876728697918
2021-04-13 06:00:00,2.195892258516178
2021-04-13 07:00:00,2.1517458271702434
2021-04-13 08:00:00,2.0840399392515145
2021-04-13 09:00:00,2.00494622381967
2021-04-13 10:00:00,2.2459429386216203
2021-04-13 11:00:00,2.07469533548905
2021-04-13 12:00:00,2.193034840732372
2021-04-13 13:00:00,2.252999542539294
2021-04-13 14:00:00,2.0588427596610237
2021-04-13 15:00:00,2.1548639004830785
2021-04-13 16:00:00,2.1521357608462353
2021-04-13 17:00:00,2.0984513598672705
2021-04-13 18:00:00,2.2801709145888056
2021-04-13 19:00:00,2.170780227674672
2021-04-13 20:00:00,2.0381582885955796
2021-04-13 21:00:00,2.117406662112198
2021-04-13 22:00:00,2.1597072297365427
2021-04-13 23:00:00,2.187422312752299
2021-04-14 00:00:00,2.1112797759089594
2021-04-14 01:00:00,2.083938651894842
2021-04-14 02:00:00,2.153480873547496
2021-04-14 03:00:00,2.3075828362073607
2021-04-14 04:00:00,2.070730307566069
2021-04-14 05:00:00,2.1934101150091787
2021-04-14 06:00:00,2.0777972993949945
2021-04-14 07:00:00,2.3612498514502493
2021-04-14 08:00:00,2.1001566633608384
2021-04-14 09:00:00,2.224509052710589
2021-04-14 10:00:00,2.0129577554997655
2021-04-14 11:00:00,2.333034286025712
2021-04-14 12:00:00,2.1122455530054123
2021-04-14 13:00:00,2.233390473196364
2021-04-14 14:00:00,2.189653101038188
2021-04-14 15:00:00,2.1165936342759486
2021-04-14 16:00:00,2.1126769802797143
2021-04-14 17:00:00,2.098941290184023
2021-04-14 18:00:00,1.8929488613493335
2021-04-14 19:00:00,2.311310948331863
2021-04-14 20:00:00,2.18384063731623
2021-04-14 21:00:00,2.025858000729284
2021-04-14 22:00:00,2.334086322859813
2021-04-14 23:00:00,1.9675734944628376
2021-04-15 00:00:00,2.1435343118204537
2021-04-15 01:00:00,2.2978067668885727
2021-04-15 02:00:00,2.09549689429557
2021-04-15 03:00:00,2.1350237761536524
2021-04-15 04:00:00,2.1027938773926844
2021-04-15 05:00:00,2.2218341277348497
2021-04-15 06:00:00,2.039620519531919
2021-04-15 07:00:00,2.036783710724469
2021-04-15 08:00:00,1.9454662438293742
2021-04-15 09:00:00,2.269618405865555
2021-04-15 10:00:00,2.116464255441013
2021-04-15 11:00:00,2.2817288083216987
2021-04-15 12:00:00,2.028672223917565
2021-04-15 13:00:00,2.233319024917172
2021-04-15 14:00:00,1.9853295862115128
2021-04-15 15:00:00,1.9568138494697949
2021-04-15 16:00:00,1.9874532517279588
2021-04-15 17:00:00,2.0618448236308318
2021-04-15 18:00:00,1.9343296679104551
2021-04-15 19:00:00,2.186875573224441
2021-04-15 20:00:00,2.1747037394190865
2021-04-15 21:00:00,1.8995083097215488
2021-04-15 22:00:00,2.0776771588149505
2021-04-15 23:00:00,1.8688447024435764
2021-04-16 00:00:00,2.083658709738027
2021-04-16 01:00:00,2.248534686771797
2021-04-16 02:00:00,2.1525206010714264
2021-04-16 03:00:00,2.245698282343479
2021-04-16 04:00:00,2.115232724271919
2021-04-16 05:00:00,2.0450497725042096
2021-04-16 06:00:00,1.9476344020843197
2021-04-16 07:00:00,2.055140275817178
2021-04-16 08:00:00,2.094629180862195
2021-04-16 09:00:00,2.111084974097888
2021-04-16 10:00:00,2.1428076560676925
2021-04-16 11:00:00,2.0731078938737673
2021-04-16 12:00:00,2.1500628322882527
2021-04-16 13:00:00,2.1084776973434525
2021-04-16 14:00:00,2.0384892225262345
2021-04-16 15:00:00,2.0859467216502363
2021-04-16 16:00:00,2.169815141240966
2021-04-16 17:00:00,2.2517034557618447
2021-04-16 18:00:00,2.1353906241390073
2021-04-16 19:00:00,2.057120704790695
2021-04-16 20:00:00,2.143844374845085
2021-04-16 21:00:00,2.1695357282733316
2021-04-16 22:00:00,2.1484834217603117
2021-04-16 23:00:00,2.2502563708777914
2021-04-17 00:00:00,2.3005155810219993
2021-04-17 01:00:00,2.034500235363608
2021-04-17 02:00:00,2.226883170866751
2021-04-17 03:00:00,2.124812688158671
2021-04-17 04:00:00,1.9092752067518648
2021-04-17 05:00:00,2.2098984520874607
2021-04-17 06:00:00,2.288207587365592
2021-04-17 07:00:00,2.1626021460776954
2021-04-17 08:00:00,2.3734223961352328
2021-04-17 09:00:00,2.1489123146276805
2021-04-17 10:00:00,2.154421880572319
2021-04-17 11:00:00,2.336935957262743
2021-04-17 12:00:00,1.982990235189162
2021-04-17 13:00:00,2.2460508547213007
2021-04-17 14:00:00,2.2808960728330105
2021-04-17 15:00:00,2.2324936131743383
2021-04-17 16:00:00,2.3851846993979864
2021-04-17 17:00:00,2.230525098925508
2021-04-17 18:00:00,2.1326099131420486
2021-04-17 19:00:00,2.050644274648453
2021-04-17 20:00:00,2.543583537127859
2021-04-17 21:00:00,2.3105904569047984
2021-04-17 22:00:00,2.300317004681052
2021-04-17 23:00:00,2.1858369979509606
2021-04-18 00:00:00,2.2514032919268114
2021-04-18 01:00:00,2.2794211537793396
2021-04-18 02:00:00,2.2491928243245987
2021-04-18 03:00:00,2.073709197481498
2021-04-18 04:00:00,2.153137363185135
2021-04-18 05:00:00,2.3846491918712878
2021-04-18 06:00:00,2.211839234678493
2021-04-18 07:00:00,2.268067973476921
2021-04-18 08:00:00,2.2604965168348716
2021-04-18 09:00:00,2.2514797381544764
2021-04-18 10:00:00,2.2931055821352815
2021-04-18 11:00:00,2.1698918658548543
2021-04-18 12:00:00,2.1846767713888435
2021-04-18 13:00:00,2.194279459505163
2021-04-18 14:00:00,2.1589184591274018
2021-04-18 15:00:00,2.157076099361947
2021-04-18 16:00:00,2.251867353063979
2021-04-18 17:00:00,2.15420440176181
2021-04-18 18:00:00,2.1555741834138042
2021-04-18 19:00:00,2.1014084003825597
2021-04-18 20:00:00,2.108937693408132
2021-04-18 21:00:00,2.0693723420208263
2021-04-18 22:00:00,2.142303477927026
2021-04-18 23:00:00,2.24593497900833
2021-04-19 00:00:00,2.0337622463596725
2021-04-19 01:00:00,2.3598467078615006
2021-04-19 02:00:00,2.241108482828981
2021-04-19 03:00:00,2.201536241421169
2021-04-19 04:00:00,2.2202613675843317
2021-04-19 05:00:00,1.9394890254199262
2021-04-19 06:00:00,2.1525143599708603
2021-04-19 07:00:00,2.2636952537305426
2021-04-19 08:00:00,2.235216347354081
2021-04-19 09:00:00,2.187457356946535
2021-04-19 10:00:00,2.28073993759298
2021-04-19 11:00:00,1.9560631825249448
2021-04-19 12:00:00,2.3292307764192963
2021-04-19 13:00:00,2.0367019209091364
2021-04-19 14:00:00,2.043502690668615
2021-04-19 15:00:00,2.0310344211530524
2021-04-19 16:00:00,2.0865483390152026
2021-04-19 17:00:00,2.2386302091980337
2021-04-19 18:00:00,2.1900109535356034
2021-04-19 19:00:00,2.249888699416619
2021-04-19 20:00:00,2.242378458261475
2021-04-19 21:00:00,1.935728506913882
2021-04-19 22:00:00,1.9809537621471254
2021-04-19 23:00:00,2.1280308570039637
2021-04-20 00:00:00,2.094605076847001
2021-04-20 01:00:00,2.243368434164609
2021-04-20 02:00:00,2.2001961449517555
2021-04-20 03:00:00,2.1717365867463707
2021-04-20 04:00:00,2.0040706304140175
2021-04-20 05:00:00,2.0554944483231306
2021-04-20 06:00:00,2.11750597668687
2021-04-20 07:00:00,2.1722973009898507
2021-04-20 08:00:00,2.1403621545015854
2021-04-20 09:00:00,2.1910303022652795
2021-04-20 10:00:00,1.9871416776737492
2021-04-20 11:00:00,2.091026709797649
2021-04-20 12:00:00,2.1753662820310433
2021-04-20 13:00:00,2.1852478329769536
2021-04-20 14:00:00,2.1616954777424753
2021-04-20 15:00:00,2.089191650952569
2021-04-20 16:00:00,2.1791164678995782
2021-04-20 17:00:00,2.0601089957312926
2021-04-20 18:00:00,2.1110655290812157
2021-04-20 19:00:00,2.113752285692539
2021-04-20 20:00:00,2.3223370119010127
2021-04-20 21:00:00,2.017189703760352
2021-04-20 22:00:00,2.1512707501586177
2021-04-20 23:00:00,2.047630614212893
2021-04-21 00:00:00,2.18224272812318
2021-04-21 01:00:00,2.252362460449689
2021-04-21 02:00:00,2.0813785618413982
2021-04-21 03:00:00,1.9545607951944823
2021-04-21 04:00:00,2.1622289532419225
2021-04-21 05:00:00,1.9711661384080315
2021-04-21 06:00:00,2.1068169404963215
2021-04-21 07:00:00,2.0872543960410894
2021-04-21 08:00:00,1.9058210213931701
2021-04-21 09:00:00,2.061210441483243
2021-04-21 10:00:00,2.117991978016453
2021-04-21 11:00:00,1.8555219420610403
2021-04-21 12:00:00,2.0373853356704688
2021-04-21 13:00:00,1.9886838576520607
2021-04-21 14:00:00,2.0565491601103036
2021-04-21 15:00:00,1.9969353094359117
2021-04-21 16:00:00,2.123859607301426
2021-04-21 17:00:00,2.2808369273834233
2021-04-21 18:00:00,2.0075747711790983
2021-04-21 19:00:00,2.149900222293901
2021-04-21 20:00:00,1.9735547373094693
2021-04-21 21:00:00,1.8942786117088846
2021-04-21 22:00:00,2.144114333634092
2021-04-21 23:00:00,2.0635811835087283
2021-04-22 00:00:00,1.934799670266487
2021-04-22 01:00:00,2.0905952875734877
2021-04-22 02:00:00,2.0984478245184133
2021-04-22 03:00:00,2.123038799326241
2021-04-22 04:00:00,2.1455388798714314
2021-04-22 05:00:00,2.0637036526225896
2021-04-22 06:00:00,2.242347692577906
2021-04-22 07:00:00,2.0188656705247565
2021-04-22 08:00:00,1.9079707647894424
2021-04-22 09:00:00,2.016289640719359
2021-04-22 10:00:00,2.0337131266098805
2021-04-22 11:00:00,2.1001182736953923
2021-04-22 12:00:00,2.089277984460115
2021-04-22 13:00:00,2.1756069308471324
2021-04-22 14:00:00,2.0099788389401745
2021-04-22 15:00:00,2.2995155627193227
2021-04-22 16:00:00,2.2634125489244137
2021-04-22 17:00:00,2.1610559383782983
2021-04-22 18:00:00,2.084123976653892
2021-04-22 19:00:00,2.051194225464569
2021-04-22 20:00:00,2.009211414925699
2021-04-22 21:00:00,2.0381102626382788
2021-04-22 22:00:00,2.0579080258080604
2021-04-22 23:00:00,2.0436502564445407
2021-04-23 00:00:00,2.086928996087607
2021-04-23 01:00:00,2.1209252784349677
2021-04-23 02:00:00,2.0003867988328503
2021-04-23 03:00:00,2.2695157957114582
2021-04-23 04:00:00,2.1095515810912326
2021-04-23 05:00:00,2.0356637864884752
2021-04-23 06:00:00,2.0449085699131846
2021-04-23 07:00:00,1.8352612509992545
2021-04-23 08:00:00,2.1805662242123653
2021-04-23 09:00:00,1.9627961416689197
2021-04-23 10:00:00,2.0765788257139675
2021-04-23 11:00:00,2.0847310817175413
2021-04-23 12:00:00,1.9924319697054058
2021-04-23 13:00:00,2.046477575710431
2021-04-23 14:00:00,1.999846260628718
2021-04-23 15:00:00,2.087986091984634
2021-04-23 16:00:00,2.061283707607467
2021-04-23 17:00:00,2.07873848316646
2021-04-23 18:00:00,1.99485407126847
2021-04-23 19:00:00,2.1206613771289624
2021-04-23 20:00:00,1.865787262933132
2021-04-23 21:00:00,1.9979557849138954
2021-04-23 22:00:00,2.0526997747004625
2021-04-23 23:00:00,1.9297750101794657
2021-04-24 00:00:00,2.0443895791203563
2021-04-24 01:00:00,2.0070243516310136
2021-04-24 02:00:00,2.1152491713398063
2021-04-24 03:00:00,1.953440588823332
2021-04-24 04:00:00,1.9512682212779273
2021-04-24 05:00:00,2.1253192572812885
2021-04-24 06:00:00,2.0460370231266145
2021-04-24 07:00:00,2.063722696252046
2021-04-24 08:00:00,2.05464734288518
2021-04-24 09:00:00,2.1785418341607237
2021-04-24 10:00:00,1.9795100359373876
2021-04-24 11:00:00,2.0222443654897724
2021-04-24 12:00:00,1.9995254840474614
2021-04-24 13:00:00,2.2489732805832277
2021-04-24 14:00:00,2.0393264674632015
2021-04-24 15:00:00,1.9178657697001842
2021-04-24 16:00:00,1.9723121382344015
2021-04-24 17:00:00,1.9777465557733627
2021-04-24 18:00:00,1.9941629987571834
2021-04-24 19:00:00,2.1343860956110667
2021-04-24 20:00:00,2.233736328842299
2021-04-24 21:00:00,2.166828938663271
2021-04-24 22:00:00,1.9088463051995102
2021-04-24 23:00:00,2.1179622791580015
2021-04-25 00:00:00,1.9633612974530374
2021-04-25 01:00:00,1.919913289245918
2021-04-25 02:00:00,2.0932517930174246
2021-04-25 03:00:00,2.0974184099422426
2021-04-25 04:00:00,2.135617305893056
2021-04-25 05:00:00,2.0011045997122827
2021-04-25 06:00:00,2.1102517800965157
2021-04-25 07:00:00,1.9275720178737143
2021-04-25 08:00:00,2.0386886165388383
2021-04-25 09:00:00,2.016859163526413
2021-04-25 10:00:00,2.0607163613307966
2021-04-25 11:00:00,2.039068784523952
2021-04-25 12:00:00,2.0442561136371706
2021-04-25 13:00:00,2.000208586440576
2021-04-25 14:00:00,2.1617139276745303
2021-04-25 15:00:00,2.144835837078241
2021-04-25 16:00:00,2.0666741081442397
2021-04-25 17:00:00,2.217080907754553
2021-04-25 18:00:00,2.061337370063752
2021-04-25 19:00:00,2.253829503459834
2021-04-25 20:00:00,1.9228240274487567
2021-04-25 21:00:00,2.0554256081457667
2021-04-25 22:00:00,2.2705404316558844
2021-04-25 23:00:00,2.086063007842624
2021-04-26 00:00:00,2.029492645206464
2021-04-26 01:00:00,2.01419094917994
2021-04-26 02:00:00,2.115018426814948
2021-04-26 03:00:00,2.354145259578533
2021-04-26 04:00:00,2.0077992134688745
2021-04-26 05:00:00,2.1588693735203743
2021-04-26 06:00:00,2.269247919625137
2021-04-26 07:00:00,1.8605292821591934
2021-04-26 08:00:00,2.283644587524621
2021-04-26 09:00:00,2.0590378755549654
2021-04-26 10:00:00,2.088339095094447
2021-04-26 11:00:00,2.1123046909213037
2021-04-26 12:00:00,2.090518426922673
2021-04-26 13:00:00,2.028446752556502
2021-04-26 14:00:00,2.062164387772826
2021-04-26 15:00:00,1.892055370861708
2021-04-26 16:00:00,2.1199307589067145
2021-04-26 17:00:00,1.9362979069296773
2021-04-26 18:00:00,2.0310917335517735
2021-04-26 19:00:00,2.128330902896907
2021-04-26 20:00:00,2.1311052830033064
2021-04-26 21:00:00,2.113165439132562
2021-04-26 22:00:00,2.1080453047104983
2021-04-26 23:00:00,2.2331293909875676
2021-04-27 00:00:00,2.0806412703009753
2021-04-27 01:00:00,1.9408885529959834
2021-04-27 02:00:00,2.1168058561199667
2021-04-27 03:00:00,2.0986840259003947
2021-04-27 04:00:00,2.2007617684750405
2021-04-27 05:00:00,2.232712153860873
2021-04-27 06:00:00,2.076122170647816
2021-04-27 07:00:00,2.059338145306881
2021-04-27 08:00:00,2.378442909479008
2021-04-27 09:00:00,2.130664573061984
2021-04-27 10:00:00,1.9655535816361853
2021-04-27 11:00:00,2.159953378602495
2021-04-27 12:00:00,1.9568748218191725
2021-04-27 13:00:00,2.2144235537877535
2021-04-27 14:00:00,2.1678880327997416
2021-04-27 15:00:00,2.1430708220184216
2021-04-27 16:00:00,1.9439311828113668
2021-04-27 17:00:00,2.166629005412366
2021-04-27 18:00:00,2.1786947379980273
2021-04-27 19:00:00,2.165937661827297
2021-04-27 20:00:00,2.2182249329347545
2021-04-27 21:00:00,2.3306979293096735
2021-04-27 22:00:00,2.144893941753285
2021-04-27 23:00:00,2.006026639789793
2021-04-28 00:00:00,2.1870964562327715
2021-04-28 01:00:00,2.083067129527983
2021-04-28 02:00:00,2.106503538022197
2021-04-28 03:00:00,2.137937330661733
2021-04-28 04:00:00,2.0231679100926834
2021-04-28 05:00:00,2.1031602285400464
2021-04-28 06:00:00,2.03566130745847
2021-04-28 07:00:00,2.060527334169779
2021-04-28 08:00:00,2.0465282218091603
2021-04-28 09:00:00,2.002609466939599
2021-04-28 10:00:00,2.1839480313225246
2021-04-28 11:00:00,2.0018561263427377
2021-04-28 12:00:00,2.0884156185188845
2021-04-28 13:00:00,2.006254460816287
2021-04-28 14:00:00,2.177094960181778
2021-04-28 15:00:00,2.0424457283325252
2021-04-28 16:00:00,2.261374642933993
2021-04-28 17:00:00,2.06307824173957
2021-04-28 18:00:00,1.903216190976036
2021-04-28 19:00:00,2.0966452366652977
2021-04-28 20:00:00,2.126990497322719
2021-04-28 21:00:00,2.1077660511017804
2021-04-28 22:00:00,2.0123022502037156
2021-04-28 23:00:00,1.970237823794365
2021-04-29 00:00:00,1.966498437432134
2021-04-29 01:00:00,2.162948879086643
2021-04-29 02:00:00,2.203400991182958
2021-04-29 03:00:00,1.9804298145770747
2021-04-29 04:00:00,2.0943077159673913
2021-04-29 05:00:00,2.0832517571845575
2021-04-29 06:00:00,2.123467228479102
2021-04-29 07:00:00,2.2595681760754807
2021-04-29 08:00:00,2.172081647582295
2021-04-29 09:00:00,2.1255774768513045
2021-04-29 10:00:00,1.8975676170764681
2021-04-29 11:00:00,2.10502873431574
2021-04-29 12:00:00,2.207845715176934
2021-04-29 13:00:00,2.0478123487787974
2021-04-29 14:00:00,2.107886076762763
2021-04-29 15:00:00,2.0381612168855887
2021-04-29 16:00:00,2.180057667914821
2021-04-29 17:00:00,2.0604799303707857
2021-04-29 18:00:00,2.206817164292445
2021-04-29 19:00:00,1.9728884778841878
2021-04-29 20:00:00,2.236415411716611
2021-04-29 21:00:00,2.346484515952584
2021-04-29 22:00:00,2.0397556297979365
2021-04-29 23:00:00,2.3575977999064905
2021-04-30 00:00:00,2.01917446319202
2021-04-30 01:00:00,2.128940519837433
2021-04-30 02:00:00,2.1115251822825907
2021-04-30 03:00:00,2.080995702496414
2021-04-30 04:00:00,2.188473900710311
2021-04-30 05:00:00,2.0950550148900478
2021-04-30 06:00:00,2.162956777255384
2021-04-30 07:00:00,2.044138789112296
2021-04-30 08:00:00,2.0799047445358285
2021-04-30 09:00:00,2.114152440114402
2021-04-30 10:00:00,2.1242886969147055
2021-04-30 11:00:00,2.1548147493631498
2021-04-30 12:00:00,2.0228202378330917
2021-04-30 13:00:00,2.22817828620641
2021-04-30 14:00:00,2.2557559127804274
2021-04-30 15:00:00,2.1812847733006273
2021-04-30 16:00:00,2.06412362862607
2021-04-30 17:00:00,2.1131235232163914
2021-04-30 18:00:00,2.063611438566089
2021-04-30 19:00:00,2.1222244862192294
2021-04-30 20:00:00,2.283712390594447
2021-04-30 21:00:00,1.9952943361024948
2021-04-30 22:00:00,2.035765690582239
2021-04-30 23:00:00,2.1162658780589827
2021-05-01 00:00:00,2.1983100715717794
2021-05-01 01:00:00,2.1387218063993805
2021-05-01 02:00:00,2.189943692356329
2021-05-01 03:00:00,2.0309458914190346
2021-05-01 04:00:00,2.2065600705964754
2021-05-01 05:00:00,2.2622580210084546
2021-05-01 06:00:00,2.202716037916468
2021-05-01 07:00:00,2.2096155850818113
2021-05-01 08:00:00,2.312757491602291
2021-05-01 09:00:00,2.06199257784975
2021-05-01 10:00:00,2.1034048490704733
2021-05-01 11:00:00,2.062256737526738
2021-05-01 12:00:00,2.0717806499779945
2021-05-01 13:00:00,2.0330348713054094
2021-05-01 14:00:00,2.064273117021781
2021-05-01 15:00:00,2.1854402069334866
2021-05-01 16:00:00,2.2050596777092655
2021-05-01 17:00:00,2.0650530026436478
2021-05-01 18:00:00,1.9827919863803563
2021-05-01 19:00:00,1.9942017471440932
2021-05-01 20:00:00,2.074538621913488
2021-05-01 21:00:00,2.1102438855466126
2021-05-01 22:00:00,2.084340097369027
2021-05-01 23:00:00,2.1633685465744144
2021-05-02 00:00:00,1.9265203702698437
2021-05-02 01:00:00,2.2769515251585393
2021-05-02 02:00:00,2.176279891231041
2021-05-02 03:00:00,2.1984594240678295
2021-05-02 04:00:00,2.1270962120948433
2021-05-02 05:00:00,2.2181534867506003
2021-05-02 06:00:00,2.126493499701181
2021-05-02 07:00:00,2.066580197975455
2021-05-02 08:00:00,2.0145186738814127
2021-05-02 09:00:00,2.0630822381621208
2021-05-02 10:00:00,1.9533474223417535
2021-05-02 11:00:00,2.1730080240115335
2021-05-02 12:00:00,1.982247960501231
2021-05-02 13:00:00,1.9989657683219517
2021-05-02 14:00:00,2.2147372903781215
2021-05-02 15:00:00,2.096259712861664
2021-05-02 16:00:00,2.0967016511365077
2021-05-02 17:00:00,2.080918071357903
2021-05-02 18:00:00,2.2475579737982176
2021-05-02 19:00:00,2.3121255565894048
2021-05-02 20:00:00,2.104337526251143
2021-05-02 21:00:00,2.062212265446879
2021-05-02 22:00:00,2.0738504148961185
2021-05-02 23:00:00,2.088321529712786
2021-05-03 00:00:00,2.01635487521175
2021-05-03 01:00:00,2.2239472801740274
2021-05-03 02:00:00,2.129930088009218
2021-05-03 03:00:00,2.0252323877315934
2021-05-03 04:00:00,2.1418939749609085
2021-05-03 05:00:00,2.0302161980688065
2021-05-03 06:00:00,2.122014817171764
2021-05-03 07:00:00,1.9490283975002551
2021-05-03 08:00:00,2.263779716241516
2021-05-03 09:00:00,2.104599031647154
2021-05-03 10:00:00,2.090872152621424
2021-05-03 11:00:00,2.100710700946926
2021-05-03 12:00:00,2.007751009180202
2021-05-03 13:00:00,2.0904692572473484
2021-05-03 14:00:00,2.130753281307232
2021-05-03 15:00:00,1.9864401714942992
2021-05-03 16:00:00,2.069669564773107
2021-05-03 17:00:00,2.1920590605400174
2021-05-03 18:00:00,2.240598063734637
2021-05-03 19:00:00,1.8159990363266028
2021-05-03 20:00:00,1.9810440271525902
2021-05-03 21:00:00,2.10955037146748
2021-05-03 22:00:00,2.208304700985733
2021-05-03 23:00:00,1.9972153775163421
2021-05-04 00:00:00,2.1042977039502624
2021-05-04 01:00:00,2.0782023493738504
2021-05-04 02:00:00,2.186535642621619
2021-05-04 03:00:00,2.111535663782135
2021-05-04 04:00:00,2.2000278456110864
2021-05-04 05:00:00,1.955937001059126
2021-05-04 06:00:00,2.128696930488939
2021-05-04 07:00:00,1.8840438650679108
2021-05-04 08:00:00,2.044309173389699
2021-05-04 09:00:00,2.0236711684012665
2021-05-04 10:00:00,2.037242879307057
2021-05-04 11:00:00,2.084632522686764
2021-05-04 12:00:00,2.1232244025991114
2021-05-04 13:00:00,2.1056546988437406
2021-05-04 14:00:00,2.102842040956131
2021-05-04 15:00:00,2.2816906046839573
2021-05-04 16:00:00,2.1499840569582114
2021-05-04 17:00:00,2.203583217362655
2021-05-04 18:00:00,2.0148635614499373
2021-05-04 19:00:00,2.303727118762834
2021-05-04 20:00:00,2.0844625389709024
2021-05-04 21:00:00,2.1741433565321775
2021-05-04 22:00:00,2.14368902579517
2021-05-04 23:00:00,2.150488969286807
2021-05-05 00:00:00,2.1760778534135152
2021-05-05 01:00:00,2.1788443056561686
2021-05-05 02:00:00,2.0886618327712254
2021-05-05 03:00:00,2.2429176680923684
2021-05-05 04:00:00,2.112078374035616
2021-05-05 05:00:00,2.0800964697709983
2021-05-05 06:00:00,2.202513357663107
2021-05-05 07:00:00,2.145121170205192
2021-05-05 08:00:00,2.1757305028436655
2021-05-05 09:00:00,2.0003806822230565
2021-05-05 10:00:00,2.1974037870300727
2021-05-05 11:00:00,2.1983348404877283
2021-05-05 12:00:00,2.0874636170523555
2021-05-05 13:00:00,2.2343842047522586
2021-05-05 14:00:00,2.087252088764446
2021-05-05 15:00:00,2.1213932003274367
2021-05-05 16:00:00,2.2120542239254943
2021-05-05 17:00:00,2.0370113593263848
2021-05-05 18:00:00,2.147970309646632
2021-05-05 19:00:00,2.3048072568688767
2021-05-05 20:00:00,2.0857789489524947
2021-05-05 21:00:00,2.051435825021202
2021-05-05 22:00:00,2.116216149850527
2021-05-05 23:00:00,1.919964663434856
2021-05-06 00:00:00,2.109676203816146
2021-05-06 01:00:00,1.933442884016483
2021-05-06 02:00:00,2.0544797613314927
2021-05-06 03:00:00,1.988624615647991
2021-05-06 04:00:00,2.183862238208811
2021-05-06 05:00:00,1.970521557258481
2021-05-06 06:00:00,1.9987416457317997
2021-05-06 07:00:00,2.070760716667198
2021-05-06 08:00:00,2.0435762310910137
2021-05-06 09:00:00,2.1151806868220446
2021-05-06 10:00:00,2.080306608211278
2021-05-06 11:00:00,2.127358919485319
2021-05-06 12:00:00,2.0351084636353294
2021-05-06 13:00:00,2.0139674277187845
2021-05-06 14:00:00,2.2534221194539863
2021-05-06 15:00:00,2.0133248831633055
2021-05-06 16:00:00,2.008751406960644
2021-05-06 17:00:00,2.034419453066664
2021-05-06 18:00:00,2.120433196113528
2021-05-06 19:00:00,2.245568479389355
2021-05-06 20:00:00,2.1847025289645816
2021-05-06 21:00:00,2.209703919763714
2021-05-06 22:00:00,2.1451151010368514
2021-05-06 23:00:00,2.0984814322802667
2021-05-07 00:00:00,1.9508764052032066
2021-05-07 01:00:00,2.0898759701472693
2021-05-07 02:00:00,2.0563619981210963
2021-05-07 03:00:00,1.9509291822036607
2021-05-07 04:00:00,2.140534154090557
2021-05-07 05:00:00,2.034793201532014
2021-05-07 06:00:00,1.948503703947012
2021-05-07 07:00:00,2.1683010031733776
2021-05-07 08:00:00,2.0698780556319107
2021-05-07 09:00:00,2.0357822151551814
2021-05-07 10:00:00,2.1670038812658534
2021-05-07 11:00:00,2.0646102213692545
2021-05-07 12:00:00,2.2706175161084627
2021-05-07 13:00:00,2.0637017617270272
2021-05-07 14:00:00,2.1801179742268255
2021-05-07 15:00:00,2.052898124770629
2021-05-07 16:00:00,2.0280104247572086
2021-05-07 17:00:00,2.094825198924843
2021-05-07 18:00:00,2.115407878772284
2021-05-07 19:00:00,2.146195538680684
2021-05-07 20:00:00,2.0405434043675483
2021-05-07 21:00:00,2.2634390042261447
2021-05-07 22:00:00,1.9852427978948208
2021-05-07 23:00:00,2.172769857143571
2021-05-08 00:00:00,1.9749178212843383
2021-05-08 01:00:00,2.244158518593639
2021-05-08 02:00:00,2.2698530097560288
2021-05-08 03:00:00,2.0750379749229015
2021-05-08 04:00:00,1.9576062827912388
2021-05-08 05:00:00,1.8972291905655532
2021-05-08 06:00:00,2.158106204464687
2021-05-08 07:00:00,1.9620128934004444
2021-05-08 08:00:00,2.1010026814199745
2021-05-08 09:00:00,2.114520409590907
2021-05-08 10:00:00,2.1142336761738862
2021-05-08 11:00:00,2.161322195439871
2021-05-08 12:00:00,2.044203843134117
2021-05-08 13:00:00,1.998392545424284
2021-05-08 14:00:00,2.253213587437955
2021-05-08 15:00:00,2.216225904885173
2021-05-08 16:00:00,2.1236666371249737
2021-05-08 17:00:00,2.167985485498333
2021-05-08 18:00:00,1.979128017990621
2021-05-08 19:00:00,2.129550109309955
2021-05-08 20:00:00,2.043634647389143
2021-05-08 21:00:00,2.0015214530068226
2021-05-08 22:00:00,2.133098790324958
2021-05-08 23:00:00,2.184431541187357
2021-05-09 00:00:00,2.0514335780313546
2021-05-09 01:00:00,2.161145166533985
2021-05-09 02:00:00,2.142370506402666
2021-05-09 03:00:00,2.1481982196300655
2021-05-09 04:00:00,1.9858868517867239
2021-05-09 05:00:00,2.0532794003807338
2021-05-09 06:00:00,2.1874182346779447
2021-05-09 07:00:00,1.9470440314887403
2021-05-09 08:00:00,1.9142742130545158
2021-05-09 09:00:00,2.013706057202782
2021-05-09 10:00:00,2.159492091915974
2021-05-09 11:00:00,2.1264700441115187
2021-05-09 12:00:00,2.0462096923804682
2021-05-09 13:00:00,2.175296916131814
2021-05-09 14:00:00,2.179390058818342
2021-05-09 15:00:00,1.9063722810983954
2021-05-09 16:00:00,2.050034876245184
2021-05-09 17:00:00,2.1657692867975364
2021-05-09 18:00:00,2.0969285233527795
2021-05-09 19:00:00,2.079920484611433
2021-05-09 20:00:00,1.8642389653045717
2021-05-09 21:00:00,1.958005045310436
2021-05-09 22:00:00,2.0421983456677713
2021-05-09 23:00:00,2.0003699055473643
2021-05-10 00:00:00,2.2655207533964186
2021-05-10 01:00:00,2.065348863808636
2021-05-10 02:00:00,2.148705627555318
2021-05-10 03:00:00,2.0389650552646064
2021-05-10 04:00:00,2.0785904757585048
2021-05-10 05:00:00,1.959828884592609
2021-05-10 06:00:00,2.2199981947472907
2021-05-10 07:00:00,1.9232941295102985
2021-05-10 08:00:00,1.9137002152205569
2021-05-10 09:00:00,1.9640866722050507
2021-05-10 10:00:00,2.010589846371261
2021-05-10 11:00:00,2.0379044483653024
2021-05-10 12:00:00,2.1081045113561334
2021-05-10 13:00:00,1.9358748798667078
2021-05-10 14:00:00,1.962386533017193
2021-05-10 15:00:00,2.156756847464621
2021-05-10 16:00:00,1.9800225225538237
2021-05-10 17:00:00,1.9822055857444962
2021-05-10 18:00:00,2.0798249220951117
2021-05-10 19:00:00,2.082657167320364
2021-05-10 20:00:00,2.1644771160777814
2021-05-10 21:00:00,2.1759826056716114
2021-05-10 22:00:00,2.158957791221086
2021-05-10 23:00:00,1.9450330527559445
2021-05-11 00:00:00,2.2559040629634217
2021-05-11 01:00:00,1.9847186982032519
2021-05-11 02:00:00,2.0770381693332802
2021-05-11 03:00:00,1.9238192451006135
2021-05-11 04:00:00,2.0514610755828646
2021-05-11 05:00:00,1.9994014322744667
2021-05-11 06:00:00,2.0538674181622047
2021-05-11 07:00:00,2.2436010081630977
2021-05-11 08:00:00,2.043318209454593
2021-05-11 09:00:00,2.1851474535687574
2021-05-11 10:00:00,1.9589146777460715
2021-05-11 11:00:00,2.1830881307208334
2021-05-11 12:00:00,2.0998443702547522
2021-05-11 13:00:00,1.945508201550855
2021-05-11 14:00:00,2.0798529820878704
2021-05-11 15:00:00,2.1919373270085347
2021-05-11 16:00:00,1.9807083069875275
2021-05-11 17:00:00,2.0732672727088186
2021-05-11 18:00:00,2.0954004000931987
2021-05-11 19:00:00,2.1237866172800888
2021-05-11 20:00:00,2.177122795724263
2021-05-11 21:00:00,2.018499481647414
2021-05-11 22:00:00,2.201703094032293
2021-05-11 23:00:00,2.2968376505239796
2021-05-12 00:00:00,1.8919518537380566
2021-05-12 01:00:00,2.061173854379599
2021-05-12 02:00:00,2.2826338391031493
2021-05-12 03:00:00,2.145105202704692
2021-05-12 04:00:00,2.234818609914409
2021-05-12 05:00:00,2.01874506882721
2021-05-12 06:00:00,2.3020524138377416
2021-05-12 07:00:00,1.961161859898653
2021-05-12 08:00:00,2.1987808419400183
2021-05-12 09:00:00,2.0493361562937142
2021-05-12 10:00:00,1.9481945398021847
2021-05-12 11:00:00,1.9004581684292703
2021-05-12 12:00:00,2.090048680335404
2021-05-12 13:00:00,2.045951158256227
2021-05-12 14:00:00,2.1349383968941855
2021-05-12 15:00:00,1.9892587658715197
2021-05-12 16:00:00,2.1720350000655624
2021-05-12 17:00:00,1.9566366006007894
2021-05-12 18:00:00,2.0037425029401192
2021-05-12 19:00:00,1.9868877425522828
2021-05-12 20:00:00,2.202461891027275
2021-05-12 21:00:00,2.093315673550618
2021-05-12 22:00:00,2.043073645760008
2021-05-12 23:00:00,2.1593597603374093
2021-05-13 00:00:00,2.0280430466480537
2021-05-13 01:00:00,2.24767776140135
2021-05-13 02:00:00,2.0734216274441297
2021-05-13 03:00:00,2.0875270417740177
2021-05-13 04:00:00,2.0327714865567836
2021-05-13 05:00:00,2.0888025638714485
2021-05-13 06:00:00,2.09695659708262
2021-05-13 07:00:00,2.070925933004689
2021-05-13 08:00:00,2.044753360802426
2021-05-13 09:00:00,2.039614383160631
2021-05-13 10:00:00,2.014843703867563
2021-05-13 11:00:00,2.2405128062034896
2021-05-13 12:00:00,2.079794554126111
2021-05-13 13:00:00,2.1792324022959675
2021-05-13 14:00:00,2.107221447863961
2021-05-13 15:00:00,2.1947400882413928
2021-05-13 16:00:00,2.154772396970164
2021-05-13 17:00:00,2.0710962592962625
2021-05-13 18:00:00,2.1175732746431786
2021-05-13 19:00:00,2.067678602571809
2021-05-13 20:00:00,2.165875015316814
2021-05-13 21:00:00,2.0263330820889878
2021-05-13 22:00:00,2.080017616587445
2021-05-13 23:00:00,2.3172123345032527
2021-05-14 00:00:00,2.296334591210529
2021-05-14 01:00:00,2.045697641252901
2021-05-14 02:00:00,2.070055216902386
2021-05-14 03:00:00,2.20936755969052
2021-05-14 04:00:00,1.9636817620926963
2021-05-14 05:00:00,2.155641286685679
2021-05-14 06:00:00,1.9183600948739508
2021-05-14 07:00:00,2.0731854621411787
2021-05-14 08:00:00,2.139684332203118
2021-05-14 09:00:00,2.155158860222465
2021-05-14 10:00:00,2.0885776662047766
2021-05-14 11:00:00,2.196615106737346
2021-05-14 12:00:00,2.0816153540160443
2021-05-14 13:00:00,2.1438338798356136
2021-05-14 14:00:00,2.071583780148205
2021-05-14 15:00:00,2.138482034390966
2021-05-14 16:00:00,1.9546376851890772
2021-05-14 17:00:00,2.0720422354533112
2021-05-14 18:00:00,2.1002552574665936
2021-05-14 19:00:00,2.2335408735487228
2021-05-14 20:00:00,2.152638515867153
2021-05-14 21:00:00,2.0863269935842115
2021-05-14 22:00:00,2.0111721537203704
2021-05-14 23:00:00,2.2298936119037696
2021-05-15 00:00:00,2.019691196753189
2021-05-15 01:00:00,2.122946350911706
2021-05-15 02:00:00,2.1571853188849137
2021-05-15 03:00:00,2.0504994310149884
2021-05-15 04:00:00,2.176676872718667
2021-05-15 05:00:00,2.022267860521148
2021-05-15 06:00:00,2.0237227785332936
2021-05-15 07:00:00,1.9950793272375864
2021-05-15 08:00:00,2.147203456116149
2021-05-15 09:00:00,2.189540155862895
2021-05-15 10:00:00,2.1490327954492208
2021-05-15 11:00:00,2.1525568299931397
2021-05-15 12:00:00,2.0785994837351867
2021-05-15 13:00:00,2.109108793967317
2021-05-15 14:00:00,1.9944451074685707
2021-05-15 15:00:00,2.2495205963079274
2021-05-15 16:00:00,2.264758827479666
2021-05-15 17:00:00,2.108824531398719
2021-05-15 18:00:00,1.9950880630338874
2021-05-15 19:00:00,2.121902790174068
2021-05-15 20:00:00,2.0505089459196633
2021-05-15 21:00:00,1.9241477161651002
2021-05-15 22:00:00,1.9982835804745587
2021-05-15 23:00:00,1.9582066292378952
2021-05-16 00:00:00,2.1255125523178005
2021-05-16 01:00:00,1.8453352937273084
2021-05-16 02:00:00,2.0852033362211437
2021-05-16 03:00:00,2.0085637283184212
2021-05-16 04:00:00,2.384987047258522
2021-05-16 05:00:00,2.125034140415135
2021-05-16 06:00:00,2.075414028569007
2021-05-16 07:00:00,2.20526715578046
2021-05-16 08:00:00,2.1135152936850767
2021-05-16 09:00:00,1.9853900224656529
2021-05-16 10:00:00,2.1817968508142505
2021-05-16 11:00:00,2.0849157843589627
2021-05-16 12:00:00,2.2347179714051544
2021-05-16 13:00:00,2.1767215969360656
2021-05-16 14:00:00,2.297589500142429
2021-05-16 15:00:00,2.2797126134849957
2021-05-16 16:00:00,2.233124797346916
2021-05-16 17:00:00,2.3699932383668108
2021-05-16 18:00:00,2.3232724286939503
2021-05-16 19:00:00,2.2990322451217953
2021-05-16 20:00:00,2.319673696778997
2021-05-16 21:00:00,2.3448702863681303
2021-05-16 22:00:00,2.1346641416455627
2021-05-16 23:00:00,2.2423631330265645
2021-05-17 00:00:00,2.098348506357524
2021-05-17 01:00:00,2.1986437423639935
2021-05-17 02:00:00,2.107438482992614
2021-05-17 03:00:00,2.302193267919259
2021-05-17 04:00:00,2.2853880386445047
2021-05-17 05:00:00,2.1547111191719046
2021-05-17 06:00:00,2.1986404233378907
2021-05-17 07:00:00,2.221204356996272
2021-05-17 08:00:00,2.0965804095585976
2021-05-17 09:00:00,2.2725829490578127
2021-05-17 10:00:00,2.083754517473681
2021-05-17 11:00:00,2.3979830339533246
2021-05-17 12:00:00,2.24557572635847
2021-05-17 13:00:00,2.1460880060472416
2021-05-17 14:00:00,2.3134192464664243
2021-05-17 15:00:00,2.583771825424156
2021-05-17 16:00:00,2.31179988909851
2021-05-17 17:00:00,2.2787638195788644
2021-05-17 18:00:00,2.1330039497828395
2021-05-17 19:00:00,2.3590066988816267
2021-05-17 20:00:00,2.2103676228855513
2021-05-17 21:00:00,2.420795378591793
2021-05-17 22:00:00,2.197900558883228
2021-05-17 23:00:00,2.4128929223432025
2021-05-18 00:00:00,2.206048792547036
2021-05-18 01:00:00,2.347704646242299
2021-05-18 02:00:00,2.24604565397739
2021-05-18 03:00:00,2.28396447192542
2021-05-18 04:00:00,2.350734665929598
2021-05-18 05:00:00,2.069271730019826
2021-05-18 06:00:00,2.060811399421236
2021-05-18 07:00:00,2.2423985563846793
2021-05-18 08:00:00,2.4170863980948942
2021-05-18 09:00:00,2.3501505178397895
2021-05-18 10:00:00,2.259016578874003
2021-05-18 11:00:00,2.311978662347548
2021-05-18 12:00:00,2.3374223241901926
2021-05-18 13:00:00,2.3245600394334485
2021-05-18 14:00:00,2.3278317073787753
2021-05-18 15:00:00,2.148322941533156
2021-05-18 16:00:00,2.3766961341935775
2021-05-18 17:00:00,2.0005875825913724
2021-05-18 18:00:00,2.261951338896622
2021-05-18 19:00:00,2.0279311578645367
2021-05-18 20:00:00,2.1544048164377068
2021-05-18 21:00:00,2.1822566724825085
2021-05-18 22:00:00,2.4364263083485063
2021-05-18 23:00:00,2.243014842448246
2021-05-19 00:00:00,2.1109251063678633
2021-05-19 01:00:00,2.3335407225776534
2021-05-19 02:00:00,2.201960081423295
2021-05-19 03:00:00,2.194088275464703
2021-05-19 04:00:00,2.083810248761586
2021-05-19 05:00:00,2.074281139477662
2021-05-19 06:00:00,2.227999099271332
2021-05-19 07:00:00,2.192071002826514
2021-05-19 08:00:00,2.2374546862639857
2021-05-19 09:00:00,2.1945180106659268
2021-05-19 10:00:00,2.2642439643271897
2021-05-19 11:00:00,2.1671573437043636
2021-05-19 12:00:00,2.1756824625714857
2021-05-19 13:00:00,2.2872078609852036
2021-05-19 14:00:00,2.2610413556382785
2021-05-19 15:00:00,2.153561457724396
2021-05-19 16:00:00,2.1022501471077852
2021-05-19 17:00:00,2.14435964491897
2021-05-19 18:00:00,2.4232617249813195
2021-05-19 19:00:00,2.1535389338873223
2021-05-19 20:00:00,2.2780850508116828
2021-05-19 21:00:00,2.4381334036140236
2021-05-19 22:00:00,2.213642940813259
2021-05-19 23:00:00,2.1490673854472986
2021-05-20 00:00:00,2.442113136758165
2021-05-20 01:00:00,2.302281690622727
2021-05-20 02:00:00,2.369187290690439
2021-05-20 03:00:00,2.100335516908774
2021-05-20 04:00:00,2.2876428048428226
2021-05-20 05:00:00,2.2796865774503936
2021-05-20 06:00:00,2.241099961493949
2021-05-20 07:00:00,2.2227445854272436
2021-05-20 08:00:00,2.2752558598200094
2021-05-20 09:00:00,2.183759179060129
2021-05-20 10:00:00,2.06999376490193
2021-05-20 11:00:00,2.2075968926701863
2021-05-20 12:00:00,2.0361034691900772
2021-05-20 13:00:00,2.102122205060509
2021-05-20 14:00:00,2.189988064324265
2021-05-20 15:00:00,2.110095066548931
2021-05-20 16:00:00,2.1876783729849754
2021-05-20 17:00:00,1.9350413394008028
2021-05-20 18:00:00,2.0671646847838816
2021-05-20 19:00:00,2.3393516394980565
2021-05-20 20:00:00,2.137218745175273
2021-05-20 21:00:00,1.95278452231226
2021-05-20 22:00:00,2.24075705116398
2021-05-20 23:00:00,2.009287632288356
2021-05-21 00:00:00,1.8931017189366666
2021-05-21 01:00:00,2.140675586154103
2021-05-21 02:00:00,1.9814613606634612
2021-05-21 03:00:00,1.9859301120910675
2021-05-21 04:00:00,2.084546864238829
2021-05-21 05:00:00,2.041093705909484
2021-05-21 06:00:00,2.106213246259126
2021-05-21 07:00:00,2.189173098182895
2021-05-21 08:00:00,2.1198107158565613
2021-05-21 09:00:00,2.2131864340373455
2021-05-21 10:00:00,2.149177874324179
2021-05-21 11:00:00,2.1016328879335213
2021-05-21 12:00:00,2.243056552446206
2021-05-21 13:00:00,2.119866670958568
2021-05-21 14:00:00,2.174122132182438
2021-05-21 15:00:00,2.183729614826908
2021-05-21 16:00:00,2.2148802023237124
2021-05-21 17:00:00,2.1242621502861465
2021-05-21 18:00:00,2.017082913528145
2021-05-21 19:00:00,2.358310452849048
2021-05-21 20:00:00,2.140251298676108
2021-05-21 21:00:00,1.9943828733532178
2021-05-21 22:00:00,2.0871041276491527
2021-05-21 23:00:00,1.9716313751012893
2021-05-22 00:00:00,2.1464339218467736
2021-05-22 01:00:00,2.2109770678600684
2021-05-22 02:00:00,1.8939196663524536
2021-05-22 03:00:00,2.198875618052533
2021-05-22 04:00:00,2.083688342213534
2021-05-22 05:00:00,2.081476950195519
2021-05-22 06:00:00,2.1139946635114235
2021-05-22 07:00:00,2.1229250652006613
2021-05-22 08:00:00,2.045258027920706
2021-05-22 09:00:00,2.1595259484011518
2021-05-22 10:00:00,2.0509900839155915
2021-05-22 11:00:00,2.1589564466959152
2021-05-22 12:00:00,2.0596618876866706
2021-05-22 13:00:00,2.00599072261452
2021-05-22 14:00:00,2.30003833810303
2021-05-22 15:00:00,2.114460790711845
2021-05-22 16:00:00,2.032207499172929
2021-05-22 17:00:00,1.8007924848739552
2021-05-22 18:00:00,2.324655062653635
2021-05-22 19:00:00,2.115336872323584
2021-05-22 20:00:00,1.9681272490434878
2021-05-22 21:00:00,2.1987223728618703
2021-05-22 22:00:00,2.0352230718560733
2021-05-22 23:00:00,2.110626998096532
2021-05-23 00:00:00,1.8744968975603784
2021-05-23 01:00:00,2.062258767629918
2021-05-23 02:00:00,2.0716827555658184
2021-05-23 03:00:00,2.0262786611818338
2021-05-23 04:00:00,2.0438308889058034
2021-05-23 05:00:00,2.0291949560677622
2021-05-23 06:00:00,2.117674970305123
2021-05-23 07:00:00,2.105991526647183
2021-05-23 08:00:00,2.0678824389904236
2021-05-23 09:00:00,2.029470326758999
2021-05-23 10:00:00,1.9692007657637554
2021-05-23 11:00:00,2.1262645233079978
2021-05-23 12:00:00,2.208011747008977
2021-05-23 13:00:00,2.069874766649171
2021-05-23 14:00:00,1.9603621069858281
2021-05-23 15:00:00,2.0684514164719463
2021-05-23 16:00:00,2.176843569183952
2021-05-23 17:00:00,2.1886418436693504
2021-05-23 18:00:00,2.0659282890781068
2021-05-23 19:00:00,2.0852730042279286
2021-05-23 20:00:00,2.047355901858534
2021-05-23 21:00:00,2.1735937601214546
2021-05-23 22:00:00,2.188699422456434
2021-05-23 23:00:00,2.085248630617685
2021-05-24 00:00:00,2.1098276666084406
2021-05-24 01:00:00,1.961624057263086
2021-05-24 02:00:00,2.0708950460815334
2021-05-24 03:00:00,2.091382030434762
2021-05-24 04:00:00,2.054246584546458
2021-05-24 05:00:00,2.112092100584457
2021-05-24 06:00:00,2.09800385832691
2021-05-24 07:00:00,2.1935708427734633
2021-05-24 08:00:00,2.0317592879413295
2021-05-24 09:00:00,1.993367418067966
2021-05-24 10:00:00,2.099065156514751
2021-05-24 11:00:00,2.0615920598958275
2021-05-24 12:00:00,2.1383388180360536
2021-05-24 13:00:00,2.0902810950094315
2021-05-24 14:00:00,1.9961248503754359
2021-05-24 15:00:00,2.094564434290749
2021-05-24 16:00:00,1.9639832890233588
2021-05-24 17:00:00,2.033648452558904
2021-05-24 18:00:00,1.977618459481403
2021-05-24 19:00:00,1.9941039650437822
2021-05-24 20:00:00,2.096015070136788
2021-05-24 21:00:00,1.9696084276007302
2021-05-24 22:00:00,2.124833640201896
2021-05-24 23:00:00,2.009578301005209
2021-05-25 00:00:00,2.0388188698018777
2021-05-25 01:00:00,2.0695528096199634
2021-05-25 02:00:00,2.003650165988788
2021-05-25 03:00:00,2.061562824302486
2021-05-25 04:00:00,2.133205174137182
2021-05-25 05:00:00,2.1956983700153696
2021-05-25 06:00:00,2.144932342343889
2021-05-25 07:00:00,2.0167573097056004
2021-05-25 08:00:00,2.0548809697035924
2021-05-25 09:00:00,2.138182767177072
2021-05-25 10:00:00,1.9915014278291008
2021-05-25 11:00:00,1.9512783442272426
2021-05-25 12:00:00,2.1341579062153384
2021-05-25 13:00:00,1.9669055110499507
2021-05-25 14:00:00,2.1724689967284343
2021-05-25 15:00:00,2.300220799862211
2021-05-25 16:00:00,2.020859135963202
2021-05-25 17:00:00,2.0785601171566968
2021-05-25 18:00:00,2.207329655272524
2021-05-25 19:00:00,1.8772024700507757
2021-05-25 20:00:00,2.1406124770677604
2021-05-25 21:00:00,2.2501107633506057
2021-05-25 22:00:00,2.0440712754301433
2021-05-25 23:00:00,2.0150023908056696
2021-05-26 00:00:00,2.108360571622253
2021-05-26 01:00:00,2.172465058881226
2021-05-26 02:00:00,2.222007700463292
2021-05-26 03:00:00,2.238584160508291
2021-05-26 04:00:00,2.20332665877584
2021-05-26 05:00:00,2.2194511634946466
2021-05-26 06:00:00,2.203771827450293
2021-05-26 07:00:00,2.0456471817336896
2021-05-26 08:00:00,2.165974878617075
2021-05-26 09:00:00,2.109163742847514
2021-05-26 10:00:00,2.0998173777703286
2021-05-26 11:00:00,2.2004187600314475
2021-05-26 12:00:00,2.0988539098009906
2021-05-26 13:00:00,2.228815100077456
2021-05-26 14:00:00,2.199311571939748
2021-05-26 15:00:00,2.0860338738654307
2021-05-26 16:00:00,2.205992292981805
2021-05-26 17:00:00,2.223728932134526
2021-05-26 18:00:00,2.0812333944082773
2021-05-26 19:00:00,2.2035057321799725
2021-05-26 20:00:00,2.0969872653333104
2021-05-26 21:00:00,2.20755395909699
2021-05-26 22:00:00,2.0296845548215603
2021-05-26 23:00:00,2.2521701773375167
2021-05-27 00:00:00,2.2538188471624263
2021-05-27 01:00:00,2.2260236733548875
2021-05-27 02:00:00,2.4598973575591665
2021-05-27 03:00:00,2.1725441238550833
2021-05-27 04:00:00,2.3991351606384326
2021-05-27 05:00:00,2.060713038047322
2021-05-27 06:00:00,2.1060688790952713
2021-05-27 07:00:00,2.2842969954319514
2021-05-27 08:00:00,2.158925841090618
2021-05-27 09:00:00,2.138143706555839
2021-05-27 10:00:00,2.297503828955287
2021-05-27 11:00:00,2.067901812767024
2021-05-27 12:00:00,2.185018483991063
2021-05-27 13:00:00,2.238770683531067
2021-05-27 14:00:00,2.2718695622913225
2021-05-27 15:00:00,2.0863750625066975
2021-05-27 16:00:00,2.3063667074699215
2021-05-27 17:00:00,2.2085224238245904
2021-05-27 18:00:00,2.1841926931511186
2021-05-27 19:00:00,2.388478934065703
2021-05-27 20:00:00,2.316064232240427
2021-05-27 21:00:00,2.1237846789206216
2021-05-27 22:00:00,2.2393570742418216
2021-05-27 23:00:00,2.015238953115577
2021-05-28 00:00:00,2.080816857445232
2021-05-28 01:00:00,2.0676919045173823
2021-05-28 02:00:00,2.0115254401621407
2021-05-28 03:00:00,2.144327555789806
2021-05-28 04:00:00,2.1093131755405787
2021-05-28 05:00:00,2.145380768099894
2021-05-28 06:00:00,2.039701157926844
2021-05-28 07:00:00,2.2248385396856944
2021-05-28 08:00:00,2.1048843219219053
2021-05-28 09:00:00,2.208971524371403
2021-05-28 10:00:00,2.1247941860725317
2021-05-28 11:00:00,2.0206711943371922
2021-05-28 12:00:00,1.991539527978826
2021-05-28 13:00:00,2.279061587467697
2021-05-28 14:00:00,2.065894106224463
2021-05-28 15:00:00,2.1853593252444776
2021-05-28 16:00:00,2.1786084859996393
2021-05-28 17:00:00,2.1582129417087477
2021-05-28 18:00:00,2.049626029549105
2021-05-28 19:00:00,2.069798950545504
2021-05-28 20:00:00,2.2025078076413585
2021-05-28 21:00:00,2.060379494339239
2021-05-28 22:00:00,2.0343817505952866
2021-05-28 23:00:00,2.120890962418047
2021-05-29 00:00:00,2.2083447027275045
2021-05-29 01:00:00,2.2341945320557812
2021-05-29 02:00:00,2.2520342667256728
2021-05-29 03:00:00,2.174736000120844
2021-05-29 04:00:00,2.1719199526174173
2021-05-29 05:00:00,2.0650669772042436
2021-05-29 06:00:00,2.0792411679009954
2021-05-29 07:00:00,2.299064653361541
2021-05-29 08:00:00,2.0455475803392185
2021-05-29 09:00:00,2.104735043821118
2021-05-29 10:00:00,2.1494075510144848
2021-05-29 11:00:00,2.284668236508844
2021-05-29 12:00:00,2.1047428403193056
2021-05-29 13:00:00,2.1319139662816995
2021-05-29 14:00:00,2.1073262566078528
2021-05-29 15:00:00,2.242913435861155
2021-05-29 16:00:00,2.069162437863247
2021-05-29 17:00:00,2.199970842721644
2021-05-29 18:00:00,2.025173894660553
2021-05-29 19:00:00,2.1315865902746296
2021-05-29 20:00:00,1.9236192001586143
2021-05-29 21:00:00,2.2530646729056336
2021-05-29 22:00:00,1.904002630419954
2021-05-29 23:00:00,2.0441512325473195
2021-05-30 00:00:00,2.094848625534239
2021-05-30 01:00:00,2.188032809280928
2021-05-30 02:00:00,2.058763130823833
2021-05-30 03:00:00,2.118998915441838
2021-05-30 04:00:00,2.1106060166645317
2021-05-30 05:00:00,2.226850571885941
2021-05-30 06:00:00,2.0167832172784714
2021-05-30 07:00:00,2.174139764207938
2021-05-30 08:00:00,2.144586566440424
2021-05-30 09:00:00,2.065041802290188
2021-05-30 10:00:00,2.0232975497040293
2021-05-30 11:00:00,2.1862292117461273
2021-05-30 12:00:00,2.0545421680625338
2021-05-30 13:00:00,2.2269584642164033
2021-05-30 14:00:00,1.9879898422175633
2021-05-30 15:00:00,2.056781134377735
2021-05-30 16:00:00,2.0582516751800073
2021-05-30 17:00:00,2.0657485311045756
2021-05-30 18:00:00,2.233686189218637
2021-05-30 19:00:00,2.2118256899179753
2021-05-30 20:00:00,1.9703834645967482
2021-05-30 21:00:00,2.2366992517081994
2021-05-30 22:00:00,2.238694275163605
2021-05-30 23:00:00,2.0372070563638847
2021-05-31 00:00:00,2.123059153179877
2021-05-31 01:00:00,2.2012544882306386
2021-05-31 02:00:00,2.150279887440216
2021-05-31 03:00:00,2.207948951237658
2021-05-31 04:00:00,1.9494166435186382
2021-05-31 05:00:00,2.15738583038644
2021-05-31 06:00:00,2.1469574560791154
2021-05-31 07:00:00,1.948338711637252
2021-05-31 08:00:00,2.268932848607571
2021-05-31 09:00:00,2.078687179478405
2021-05-31 10:00:00,2.0686355774855683
2021-05-31 11:00:00,2.020986082995806
2021-05-31 12:00:00,1.7327236670740223
2021-05-31 13:00:00,2.1288042295369176
2021-05-31 14:00:00,2.1871772183310987
2021-05-31 15:00:00,2.018408733030859
2021-05-31 16:00:00,2.117308580448541
2021-05-31 17:00:00,2.0348830009449332
2021-05-31 18:00:00,2.1780841741374366
2021-05-31 19:00:00,2.2566677408780182
2021-05-31 20:00:00,2.1400765168248075
2021-05-31 21:00:00,2.168582480658609
2021-05-31 22:00:00,2.0552484618108684
2021-05-31 23:00:00,2.1601135298917815
2021-06-01 00:00:00,2.009102035165243
2021-06-01 01:00:00,2.1320813070500955
2021-06-01 02:00:00,2.0919683967084595
2021-06-01 03:00:00,2.0666592652171363
2021-06-01 04:00:00,1.8864004086715012
2021-06-01 05:00:00,2.07762780126576
2021-06-01 06:00:00,2.3297302583266837
2021-06-01 07:00:00,2.133281150666124
2021-06-01 08:00:00,2.1478168807455496
2021-06-01 09:00:00,1.9200889553122278
2021-06-01 10:00:00,1.9868164327743731
2021-06-01 11:00:00,2.3877989631464334
2021-06-01 12:00:00,2.2445455759273827
2021-06-01 13:00:00,2.197543732854739
2021-06-01 14:00:00,2.2766055402467433
2021-06-01 15:00:00,2.132034832610773
2021-06-01 16:00:00,2.267935052440187
2021-06-01 17:00:00,2.081014650492229
2021-06-01 18:00:00,2.205263166343212
2021-06-01 19:00:00,2.2853294417155117
2021-06-01 20:00:00,2.095698995289703
2021-06-01 21:00:00,2.0138686687468286
2021-06-01 22:00:00,2.3462815711469442
2021-06-01 23:00:00,2.0630096651386394
2021-06-02 00:00:00,2.2360450412272526
2021-06-02 01:00:00,2.2692060328211667
2021-06-02 02:00:00,2.2368744456000758
2021-06-02 03:00:00,2.182410043663748
2021-06-02 04:00:00,2.1202030324682504
2021-06-02 05:00:00,2.1247691278777667
2021-06-02 06:00:00,2.2294169115741895
2021-06-02 07:00:00,2.3030660543005963
2021-06-02 08:00:00,2.1782542597671655
2021-06-02 09:00:00,2.1152124809411914
2021-06-02 10:00:00,2.2302359513725203
2021-06-02 11:00:00,2.144970969684124
2021-06-02 12:00:00,2.0888097404765418
2021-06-02 13:00:00,2.0618005325102438
2021-06-02 14:00:00,2.179122815033939
2021-06-02 15:00:00,2.0700320428628705
2021-06-02 16:00:00,2.0424869638938836
2021-06-02 17:00:00,2.116834616357014
2021-06-02 18:00:00,1.9928533971834397
2021-06-02 19:00:00,1.9715317218536665
2021-06-02 20:00:00,2.2997607075303437
2021-06-02 21:00:00,2.0667456071794463
2021-06-02 22:00:00,2.002128725094323
2021-06-02 23:00:00,2.1434787860947973
2021-06-03 00:00:00,2.148861289204769
2021-06-03 01:00:00,2.286046165420929
2021-06-03 02:00:00,2.042623739948522
2021-06-03 03:00:00,2.190047367642163
2021-06-03 04:00:00,2.0441770595284883
2021-06-03 05:00:00,2.05948134245669
2021-06-03 06:00:00,2.009535986508725
2021-06-03 07:00:00,2.28293684106379
2021-06-03 08:00:00,1.9637629770557266
2021-06-03 09:00:00,2.275830246677729
2021-06-03 10:00:00,1.9844417991365557
2021-06-03 11:00:00,2.1481397066426395
2021-06-03 12:00:00,1.9206261747590987
2021-06-03 13:00:00,2.0202597293329907
2021-06-03 14:00:00,2.0157341226659957
2021-06-03 15:00:00,2.0626133365095933
2021-06-03 16:00:00,1.9607080604861247
2021-06-03 17:00:00,1.9704541901052777
2021-06-03 18:00:00,2.0850808375330905
2021-06-03 19:00:00,2.001670138927421
2021-06-03 20:00:00,2.1676572730919497
2021-06-03 21:00:00,2.09350819703197
2021-06-03 22:00:00,2.11110938837693
2021-06-03 23:00:00,2.0892568648277114
2021-06-04 00:00:00,2.07300252396659
2021-06-04 01:00:00,1.896091821130358
2021-06-04 02:00:00,2.0174451224672945
2021-06-04 03:00:00,1.9983268423348146
2021-06-04 04:00:00,2.1865157869427
2021-06-04 05:00:00,2.153558090427078
2021-06-04 06:00:00,2.209333330040469
2021-06-04 07:00:00,2.061449976322809
2021-06-04 08:00:00,1.9430817283263362
2021-06-04 09:00:00,1.8072942023513088
2021-06-04 10:00:00,2.2987286358457686
2021-06-04 11:00:00,1.9347636949263418
2021-06-04 12:00:00,2.022121380633965
2021-06-04 13:00:00,2.0106333022064167
2021-06-04 14:00:00,2.0373440699483707
2021-06-04 15:00:00,2.1348812309700724
2021-06-04 16:00:00,2.048212202671675
2021-06-04 17:00:00,2.0731931320685675
2021-06-04 18:00:00,1.9214172158441247
2021-06-04 19:00:00,2.102992931781702
2021-06-04 20:00:00,1.8073845787826355
2021-06-04 21:00:00,2.25624660604626
2021-06-04 22:00:00,2.091722996466701
2021-06-04 23:00:00,2.0124672793287104
2021-06-05 00:00:00,2.1263716611787475
2021-06-05 01:00:00,1.9248443432262543
2021-06-05 02:00:00,1.9550575910799366
2021-06-05 03:00:00,2.1818179079807405
2021-06-05 04:00:00,1.9813865516262625
2021-06-05 05:00:00,2.0800810318899035
2021-06-05 06:00:00,2.013907086317099
2021-06-05 07:00:00,1.9854494321898832
2021-06-05 08:00:00,1.916465235250608
2021-06-05 09:00:00,2.0198200851258736
2021-06-05 10:00:00,2.1418896489836774
2021-06-05 11:00:00,2.2671605919595414
2021-06-05 12:00:00,2.063409988821651
2021-06-05 13:00:00,2.13150376779094
2021-06-05 14:00:00,2.179966964585414
2021-06-05 15:00:00,2.145933616375413
2021-06-05 16:00:00,2.1554911595692063
2021-06-05 17:00:00,1.9944403019071755
2021-06-05 18:00:00,2.0311018271064016
2021-06-05 19:00:00,2.0653522325285025
2021-06-05 20:00:00,2.1498528679575624
2021-06-05 21:00:00,2.065945717307542
2021-06-05 22:00:00,2.0669888479751726
2021-06-05 23:00:00,2.050384338033056
2021-06-06 00:00:00,2.0415663562846276
2021-06-06 01:00:00,1.9083229071558827
2021-06-06 02:00:00,2.1010090748183137
2021-06-06 03:00:00,2.019859255770258
2021-06-06 04:00:00,2.1235129217199713
2021-06-06 05:00:00,1.8819240136313486
2021-06-06 06:00:00,2.0517399410518067
2021-06-06 07:00:00,1.8897115408984373
2021-06-06 08:00:00,2.0367125458777458
2021-06-06 09:00:00,1.9255580980841676
2021-06-06 10:00:00,2.0513342518232345
2021-06-06 11:00:00,1.9962142958736844
2021-06-06 12:00:00,2.0872932648595586
2021-06-06 13:00:00,1.7497606429836319
2021-06-06 14:00:00,2.1053050440541696
2021-06-06 15:00:00,1.9097704444884287
2021-06-06 16:00:00,2.031487989749867
2021-06-06 17:00:00,1.9890266972465365
2021-06-06 18:00:00,2.013640517290333
2021-06-06 19:00:00,2.0036849732727395
2021-06-06 20:00:00,2.055578255660195
2021-06-06 21:00:00,2.1215816823033364
2021-06-06 22:00:00,2.0925052686042616
2021-06-06 23:00:00,2.1686495445067435
2021-06-07 00:00:00,2.0315683812638534
2021-06-07 01:00:00,2.0221224648524503
2021-06-07 02:00:00,1.9871119359565337
2021-06-07 03:00:00,1.8877667621523186
2021-06-07 04:00:00,2.1809536349131013
2021-06-07 05:00:00,2.0378164346892134
2021-06-07 06:00:00,1.928088021803334
2021-06-07 07:00:00,2.0677503262554136
2021-06-07 08:00:00,2.098911571814416
2021-06-07 09:00:00,2.1092689574293835
2021-06-07 10:00:00,1.8722511006204858
2021-06-07 11:00:00,1.9103753485637092
2021-06-07 12:00:00,2.1311929641295433
2021-06-07 13:00:00,1.9678728922322966
2021-06-07 14:00:00,2.052547549114918
2021-06-07 15:00:00,2.1698167444032364
2021-06-07 16:00:00,1.9837626329520193
2021-06-07 17:00:00,1.9671267774839918
2021-06-07 18:00:00,1.8883781665531918
2021-06-07 19:00:00,2.1899594165432306
2021-06-07 20:00:00,2.2304971581130086
2021-06-07 21:00:00,2.0882995135048237
2021-06-07 22:00:00,2.468947558302861
2021-06-07 23:00:00,2.0361528430858664
2021-06-08 00:00:00,2.193086918569015
2021-06-08 01:00:00,2.087512221934551
2021-06-08 02:00:00,2.1983607511768315
2021-06-08 03:00:00,2.2732249164993146
2021-06-08 04:00:00,2.2295279935584262
2021-06-08 05:00:00,2.284343937432992
2021-06-08 06:00:00,2.3618473000781406
2021-06-08 07:00:00,2.3439763546060726
2021-06-08 08:00:00,2.061453899573265
2021-06-08 09:00:00,2.2343085073231443
2021-06-08 10:00:00,2.0816380428893058
2021-06-08 11:00:00,2.059853175211266
2021-06-08 12:00:00,2.1357863640310515
2021-06-08 13:00:00,2.214885833110437
2021-06-08 14:00:00,2.2107577389426143
2021-06-08 15:00:00,2.3547298020576037
2021-06-08 16:00:00,2.136320228468108
2021-06-08 17:00:00,2.143656038666313
2021-06-08 18:00:00,2.270599421753639
2021-06-08 19:00:00,2.2441482171276577
2021-06-08 20:00:00,2.2649106787977527
2021-06-08 21:00:00,2.310388071613098
2021-06-08 22:00:00,2.1401458997137044
2021-06-08 23:00:00,2.2734136451329907
2021-06-09 00:00:00,2.2279500515853154
2021-06-09 01:00:00,2.174447704811939
2021-06-09 02:00:00,2.386345660712102
2021-06-09 03:00:00,2.2900587536769157
2021-06-09 04:00:00,2.1414966852616817
2021-06-09 05:00:00,2.286005204245374
2021-06-09 06:00:00,2.4093253467835383
2021-06-09 07:00:00,2.328534698742114
2021-06-09 08:00:00,2.214593006502524
2021-06-09 09:00:00,2.2243536283081515
2021-06-09 10:00:00,2.1494742891040413
2021-06-09 11:00:00,2.1958293194161658
2021-06-09 12:00:00,2.176147085043616
2021-06-09 13:00:00,2.3554856415070504
2021-06-09 14:00:00,2.09810569464907
2021-06-09 15:00:00,2.2158094631100185
2021-06-09 16:00:00,2.133035787627137
2021-06-09 17:00:00,2.3233009019150193
2021-06-09 18:00:00,2.1824299201078134
2021-06-09 19:00:00,2.1063726566913425
2021-06-09 20:00:00,2.024624543623545
2021-06-09 21:00:00,2.115167363333948
2021-06-09 22:00:00,2.031476915498376
2021-06-09 23:00:00,2.1947038069216096
2021-06-10 00:00:00,2.1514252634878064
2021-06-10 01:00:00,2.2701750063912742
2021-06-10 02:00:00,1.7941438409421335
2021-06-10 03:00:00,2.0603321246231743
2021-06-10 04:00:00,2.21521261866857
2021-06-10 05:00:00,2.2944868206002993
2021-06-10 06:00:00,1.9698790284697612
2021-06-10 07:00:00,2.242391969168424
2021-06-10 08:00:00,2.10568443487823
2021-06-10 09:00:00,2.0839063094657577
2021-06-10 10:00:00,2.0623864550834186
2021-06-10 11:00:00,2.1902795009015015
2021-06-10 12:00:00,2.1589072809805194
2021-06-10 13:00:00,2.1134934737665927
2021-06-10 14:00:00,2.212663998183782
2021-06-10 15:00:00,2.0489947883041886
2021-06-10 16:00:00,1.8495423370812842
2021-06-10 17:00:00,2.149028658048718
2021-06-10 18:00:00,2.074671947234401
2021-06-10 19:00:00,2.117374991301225
2021-06-10 20:00:00,2.086552908485054
2021-06-10 21:00:00,1.8517161372346895
2021-06-10 22:00:00,2.2307982276719587
2021-06-10 23:00:00,2.084297282567324
2021-06-11 00:00:00,2.2760954267695843
2021-06-11 01:00:00,2.3502573437695284
2021-06-11 02:00:00,2.0781275896015794
2021-06-11 03:00:00,2.04078362620311
2021-06-11 04:00:00,2.0120191568860584
2021-06-11 05:00:00,2.1296945091853607
2021-06-11 06:00:00,2.14209486215384
2021-06-11 07:00:00,2.2164711379548883
2021-06-11 08:00:00,2.289866352609501
2021-06-11 09:00:00,2.150976539782819
2021-06-11 10:00:00,2.1177310578656097
2021-06-11 11:00:00,2.3651080885044244
2021-06-11 12:00:00,2.149383228408501
2021-06-11 13:00:00,2.292196662024064
2021-06-11 14:00:00,2.1241950168575565
2021-06-11 15:00:00,2.04182039817762
2021-06-11 16:00:00,2.1880472189140425
2021-06-11 17:00:00,2.1487837855520686
2021-06-11 18:00:00,2.0860849069513216
2021-06-11 19:00:00,2.1943365017145418
2021-06-11 20:00:00,2.28839987077025
2021-06-11 21:00:00,2.1211266212713875
2021-06-11 22:00:00,2.184056742787457
2021-06-11 23:00:00,1.9497480389503326
2021-06-12 00:00:00,2.1929552511998036
2021-06-12 01:00:00,2.2159129618274775
2021-06-12 02:00:00,2.2152696229678313
2021-06-12 03:00:00,2.418253839383954
2021-06-12 04:00:00,2.243681079931225
2021-06-12 05:00:00,2.429988851240516
2021-06-12 06:00:00,2.159291776641086
2021-06-12 07:00:00,2.2455435247838182
2021-06-12 08:00:00,2.171490995628799
2021-06-12 09:00:00,2.063277778607096
2021-06-12 10:00:00,1.9790865251286633
2021-06-12 11:00:00,2.003630540979476
2021-06-12 12:00:00,2.0657980605597026
2021-06-12 13:00:00,2.1296706437623034
2021-06-12 14:00:00,2.0651770737385386
2021-06-12 15:00:00,2.0555672919673147
2021-06-12 16:00:00,2.023058160745495
2021-06-12 17:00:00,2.1594206854958706
2021-06-12 18:00:00,2.183895780485346
2021-06-12 19:00:00,2.2571886439536897
2021-06-12 20:00:00,2.2886999457936548
2021-06-12 21:00:00,2.0570772568003277
2021-06-12 22:00:00,2.20952086109646
2021-06-12 23:00:00,2.213708539355945
2021-06-13 00:00:00,2.2509665714544873
2021-06-13 01:00:00,2.184107751277161
2021-06-13 02:00:00,2.1256973393233625
2021-06-13 03:00:00,2.2846575812140695
2021-06-13 04:00:00,2.2876657113341645
2021-06-13 05:00:00,2.1678879558209414
2021-06-13 06:00:00,2.1768631506602274
2021-06-13 07:00:00,2.039758171861148
2021-06-13 08:00:00,2.18928405048664
2021-06-13 09:00:00,2.0288131366678797
2021-06-13 10:00:00,2.2497360477285295
2021-06-13 11:00:00,2.1765208898824087
2021-06-13 12:00:00,2.296561999641053
2021-06-13 13:00:00,2.1981524605629543
2021-06-13 14:00:00,2.1510393052552623
2021-06-13 15:00:00,2.367418326430433
2021-06-13 16:00:00,2.295823268185686
2021-06-13 17:00:00,2.140080770925816
2021-06-13 18:00:00,2.2418928199829895
2021-06-13 19:00:00,2.111529747502196
2021-06-13 20:00:00,2.2195019074126128
2021-06-13 21:00:00,2.0497613363247504
2021-06-13 22:00:00,2.2030396949265354
2021-06-13 23:00:00,2.0743510911958616
2021-06-14 00:00:00,2.0710126582267034
2021-06-14 01:00:00,2.2849204874469837
2021-06-14 02:00:00,2.245092673855541
2021-06-14 03:00:00,2.247164707726032
2021-06-14 04:00:00,2.140472275750333
2021-06-14 05:00:00,2.3863436425572138
2021-06-14 06:00:00,2.294202375686589
2021-06-14 07:00:00,2.2497416504938292
2021-06-14 08:00:00,2.2750792816238214
2021-06-14 09:00:00,2.219225436232623
2021-06-14 10:00:00,2.227390897061917
2021-06-14 11:00:00,2.1869955457633115
2021-06-14 12:00:00,2.1755498421242754
2021-06-14 13:00:00,2.298383347225552
2021-06-14 14:00:00,2.1497212429160513
2021-06-14 15:00:00,2.3437371924630885
2021-06-14 16:00:00,2.2700099292305698
2021-06-14 17:00:00,2.179219937766136
2021-06-14 18:00:00,2.2920203958852436
2021-06-14 19:00:00,2.063153198900022
2021-06-14 20:00:00,2.1683510514315993
2021-06-14 21:00:00,2.179327567550126
2021-06-14 22:00:00,2.229323616472716
2021-06-14 23:00:00,2.1975050696824208
2021-06-15 00:00:00,2.342003707799799
2021-06-15 01:00:00,2.189725984354301
2021-06-15 02:00:00,2.1803445807030544
2021-06-15 03:00:00,2.175913224107006
2021-06-15 04:00:00,2.1064800112190154
2021-06-15 05:00:00,2.0926195479059393
2021-06-15 06:00:00,2.297540221393896
2021-06-15 07:00:00,2.231536566360627
2021-06-15 08:00:00,2.2221521016031334
2021-06-15 09:00:00,2.29666358457598
2021-06-15 10:00:00,2.1787632987013823
2021-06-15 11:00:00,2.094164844532956
2021-06-15 12:00:00,2.120916189021959
2021-06-15 13:00:00,2.225949643233137
2021-06-15 14:00:00,2.1076536784926683
2021-06-15 15:00:00,2.025703282646468
2021-06-15 16:00:00,2.3455673197371034
2021-06-15 17:00:00,2.2176550232925694
2021-06-15 18:00:00,1.9444913714007375
2021-06-15 19:00:00,2.1632538589527113
2021-06-15 20:00:00,2.1059745237321064
2021-06-15 21:00:00,2.086948740951017
2021-06-15 22:00:00,2.060902367297818
2021-06-15 23:00:00,1.9287173303072551
2021-06-16 00:00:00,2.2254130151578124
2021-06-16 01:00:00,1.8664913882832925
2021-06-16 02:00:00,2.0998189606382436
2021-06-16 03:00:00,2.0238483849668505
2021-06-16 04:00:00,1.92304837923433
2021-06-16 05:00:00,2.3105896550802845
2021-06-16 06:00:00,1.975349243815444
2021-06-16 07:00:00,2.050958362254564
2021-06-16 08:00:00,2.0595467692042173
2021-06-16 09:00:00,2.137495970450246
2021-06-16 10:00:00,2.045748851832061
2021-06-16 11:00:00,1.9274212426572845
2021-06-16 12:00:00,2.0276556434782584
2021-06-16 13:00:00,2.1509378835718755
2021-06-16 14:00:00,2.14488430254708
2021-06-16 15:00:00,2.0086813841677977
2021-06-16 16:00:00,2.0646488452795824
2021-06-16 17:00:00,2.268952009495747
2021-06-16 18:00:00,2.1542162989450713
2021-06-16 19:00:00,2.050241959131101
2021-06-16 20:00:00,1.994653420501114
2021-06-16 21:00:00,2.0512830260655455
2021-06-16 22:00:00,2.0952150999413988
2021-06-16 23:00:00,2.1681408276345886
2021-06-17 00:00:00,2.00513325433528
2021-06-17 01:00:00,2.1035502532519983
2021-06-17 02:00:00,1.9507432303366739
2021-06-17 03:00:00,2.001878859121456
2021-06-17 04:00:00,2.0051970876011103
2021-06-17 05:00:00,2.0701944299536805
2021-06-17 06:00:00,2.1257606059128586
2021-06-17 07:00:00,2.119789809673865
2021-06-17 08:00:00,2.0922693661797993
2021-06-17 09:00:00,2.176106264266588
2021-06-17 10:00:00,1.9540331469415315
2021-06-17 11:00:00,2.1383563900384934
2021-06-17 12:00:00,2.0294786076231226
2021-06-17 13:00:00,1.9898814948166297
2021-06-17 14:00:00,1.9964291763143915
2021-06-17 15:00:00,2.0682202891674852
2021-06-17 16:00:00,2.1016115505230992
2021-06-17 17:00:00,2.1703183679088287
2021-06-17 18:00:00,2.0441875948750723
2021-06-17 19:00:00,2.038226041888908
2021-06-17 20:00:00,1.9075044047084873
2021-06-17 21:00:00,1.9879970204770832
2021-06-17 22:00:00,1.9487707340262137
2021-06-17 23:00:00,2.123756339540184
2021-06-18 00:00:00,1.970842275089032
2021-06-18 01:00:00,2.0134817960026417
2021-06-18 02:00:00,1.9880421850863381
2021-06-18 03:00:00,2.120455065909077
2021-06-18 04:00:00,2.02274850157029
2021-06-18 05:00:00,2.0806712854585507
2021-06-18 06:00:00,1.894557851912342
2021-06-18 07:00:00,2.012889619992432
2021-06-18 08:00:00,2.1595156741186914
2021-06-18 09:00:00,2.1592514734118256
2021-06-18 10:00:00,2.042157579648301
2021-06-18 11:00:00,2.116559277805338
2021-06-18 12:00:00,2.1472782904295213
2021-06-18 13:00:00,2.004136996765237
2021-06-18 14:00:00,2.1397728509802074
2021-06-18 15:00:00,1.9046646904448234
2021-06-18 16:00:00,1.9140463716864065
2021-06-18 17:00:00,2.000545247776229
2021-06-18 18:00:00,2.077660125680443
2021-06-18 19:00:00,2.0219766894110704
2021-06-18 20:00:00,2.1861351744737227
2021-06-18 21:00:00,2.1171710326649364
2021-06-18 22:00:00,2.07048988610061
2021-06-18 23:00:00,2.034752019446299
2021-06-19 00:00:00,2.0206075814657383
2021-06-19 01:00:00,2.0900968840831884
2021-06-19 02:00:00,2.127548802780968
2021-06-19 03:00:00,2.0973436934339817
2021-06-19 04:00:00,2.1281492809910985
2021-06-19 05:00:00,2.0110208057175463
2021-06-19 06:00:00,2.01980928286289
2021-06-19 07:00:00,1.909120819144329
2021-06-19 08:00:00,1.9802590399908389
2021-06-19 09:00:00,2.0877077456072923
2021-06-19 10:00:00,1.948066604802607
2021-06-19 11:00:00,2.013962850334239
2021-06-19 12:00:00,2.029084744017305
2021-06-19 13:00:00,2.0431858895927446
2021-06-19 14:00:00,1.8222623589087665
2021-06-19 15:00:00,2.092292510629979
2021-06-19 16:00:00,2.0390635597406273
2021-06-19 17:00:00,1.9607557605280506
2021-06-19 18:00:00,2.054800784782063
2021-06-19 19:00:00,2.061922149953164
2021-06-19 20:00:00,2.075193075435248
2021-06-19 21:00:00,2.0225248549914636
2021-06-19 22:00:00,2.215231924267015
2021-06-19 23:00:00,2.0963400486114625
2021-06-20 00:00:00,1.9841737817773164
2021-06-20 01:00:00,2.1225576142275866
2021-06-20 02:00:00,2.1438473177748607
2021-06-20 03:00:00,2.038125213451247
2021-06-20 04:00:00,2.0949112195200406
2021-06-20 05:00:00,2.1749376549073056
2021-06-20 06:00:00,2.1906355265494843
2021-06-20 07:00:00,2.0523863289156616
2021-06-20 08:00:00,2.0039592311206773
2021-06-20 09:00:00,2.0872744858248993
2021-06-20 10:00:00,1.9954957707675338
2021-06-20 11:00:00,2.168986874634939
2021-06-20 12:00:00,2.175446819404867
2021-06-20 13:00:00,2.0653643732306524
2021-06-20 14:00:00,2.132014497270732
2021-06-20 15:00:00,2.1293037108361235
2021-06-20 16:00:00,2.210432681265929
2021-06-20 17:00:00,2.229290226287206
2021-06-20 18:00:00,2.058407472968727
2021-06-20 19:00:00,2.2178713608606295
2021-06-20 20:00:00,1.9194668260842167
2021-06-20 21:00:00,2.0291696608389698
2021-06-20 22:00:00,2.0140482440253376
2021-06-20 23:00:00,1.9969077648519293
2021-06-21 00:00:00,2.142684232978043
2021-06-21 01:00:00,2.101534775743776
2021-06-21 02:00:00,2.0165470179111824
2021-06-21 03:00:00,2.2385971073088213
2021-06-21 04:00:00,2.1254885558191
2021-06-21 05:00:00,2.2300992172630876
2021-06-21 06:00:00,2.264749759306733
2021-06-21 07:00:00,2.056634436789501
2021-06-21 08:00:00,2.0913049488184816
2021-06-21 09:00:00,2.1343850718829938
2021-06-21 10:00:00,2.0902131829341863
2021-06-21 11:00:00,2.1415706621175814
2021-06-21 12:00:00,2.2769918137214664
2021-06-21 13:00:00,2.229504852282259
2021-06-21 14:00:00,2.1991408900921927
2021-06-21 15:00:00,2.0714055431498157
2021-06-21 16:00:00,2.2651933429970432
2021-06-21 17:00:00,2.3153938088598234
2021-06-21 18:00:00,2.165845416049706
2021-06-21 19:00:00,2.142020972977407
2021-06-21 20:00:00,2.1483111605973333
2021-06-21 21:00:00,2.230748182139337
2021-06-21 22:00:00,2.1054708539199702
2021-06-21 23:00:00,2.3662564137729074
2021-06-22 00:00:00,2.1217575038929817
2021-06-22 01:00:00,2.087572608570079
2021-06-22 02:00:00,2.0994567173331005
2021-06-22 03:00:00,2.2712599952757935
2021-06-22 04:00:00,2.134808645982402
2021-06-22 05:00:00,2.1438666497988232
2021-06-22 06:00:00,2.1202649688725685
2021-06-22 07:00:00,2.1737508996907526
2021-06-22 08:00:00,2.0315165472975227
2021-06-22 09:00:00,1.9764973645058177
2021-06-22 10:00:00,2.0027557120233523
2021-06-22 11:00:00,2.198553926481894
2021-06-22 12:00:00,2.1109329783278876
2021-06-22 13:00:00,1.99346535296341
2021-06-22 14:00:00,2.2223669632860545
2021-06-22 15:00:00,1.991230012234502
2021-06-22 16:00:00,2.179557275949272
2021-06-22 17:00:00,2.329677016837411
2021-06-22 18:00:00,2.0292704887748108
2021-06-22 19:00:00,2.3007929304851507
2021-06-22 20:00:00,2.0434004702865285
2021-06-22 21:00:00,2.155520229018501
2021-06-22 22:00:00,2.453240005986561
2021-06-22 23:00:00,1.937283994375714
2021-06-23 00:00:00,2.0621160991218996
2021-06-23 01:00:00,2.2328865238386153
2021-06-23 02:00:00,2.206064110973231
2021-06-23 03:00:00,2.0523085156467946
2021-06-23 04:00:00,2.014571216988935
2021-06-23 05:00:00,2.353010910352193
2021-06-23 06:00:00,2.195109160635269
2021-06-23 07:00:00,2.201907362886433
2021-06-23 08:00:00,2.0123169908458056
2021-06-23 09:00:00,2.306170154643857
2021-06-23 10:00:00,2.1918526238795195
2021-06-23 11:00:00,2.0568208721977594
2021-06-23 12:00:00,2.057246287137778
2021-06-23 13:00:00,2.340390965703617
2021-06-23 14:00:00,2.0338177226337377
2021-06-23 15:00:00,2.216850809223665
2021-06-23 16:00:00,2.2389988277792874
2021-06-23 17:00:00,2.0057500670960637
2021-06-23 18:00:00,2.0591662635780597
2021-06-23 19:00:00,2.2549210562634174
2021-06-23 20:00:00,2.2826218295330754
2021-06-23 21:00:00,2.0455834144256833
2021-06-23 22:00:00,2.096513791702224
2021-06-23 23:00:00,2.0961622368611907
2021-06-24 00:00:00,2.152349726916635
2021-06-24 01:00:00,2.0697462440767396
2021-06-24 02:00:00,2.1294959406239435
2021-06-24 03:00:00,2.217073440096094
2021-06-24 04:00:00,2.1364160681194706
2021-06-24 05:00:00,2.0427776489642078
2021-06-24 06:00:00,2.110540909921034
2021-06-24 07:00:00,2.208683672876359
2021-06-24 08:00:00,2.0360142915479895
2021-06-24 09:00:00,2.163487622823069
2021-06-24 10:00:00,2.05094892281244
2021-06-24 11:00:00,2.16256192522489
2021-06-24 12:00:00,2.100942452190146
2021-06-24 13:00:00,2.0247730180770063
2021-06-24 14:00:00,2.1617648299022214
2021-06-24 15:00:00,2.1134573675819897
2021-06-24 16:00:00,2.11709988054289
2021-06-24 17:00:00,2.2306377945862406
2021-06-24 18:00:00,2.1312466592085397
2021-06-24 19:00:00,2.0921525230177846
2021-06-24 20:00:00,2.187126206810911
2021-06-24 21:00:00,2.167352402207669
2021-06-24 22:00:00,2.256112608807944
2021-06-24 23:00:00,2.177624554004401
2021-06-25 00:00:00,2.165466755402484
2021-06-25 01:00:00,2.2408771682590105
2021-06-25 02:00:00,2.0601073984526526
2021-06-25 03:00:00,1.942326082876753
2021-06-25 04:00:00,2.049772218571204
2021-06-25 05:00:00,2.096003643253361
2021-06-25 06:00:00,2.150377358363073
2021-06-25 07:00:00,2.3239813549984096
2021-06-25 08:00:00,2.1556276651944004
2021-06-25 09:00:00,1.9852948983351937
2021-06-25 10:00:00,2.1007331713200608
2021-06-25 11:00:00,2.2818732616598645
2021-06-25 12:00:00,2.1369342055259475
2021-06-25 13:00:00,2.2041556242748235
2021-06-25 14:00:00,2.30452936747382
2021-06-25 15:00:00,2.098651442546868
2021-06-25 16:00:00,2.0870951254204004
2021-06-25 17:00:00,2.0952345194899027
2021-06-25 18:00:00,1.9967138085157166
2021-06-25 19:00:00,2.102959250795674
2021-06-25 20:00:00,2.153468905750458
2021-06-25 21:00:00,1.971349311023037
2021-06-25 22:00:00,2.0684559281423187
2021-06-25 23:00:00,2.0120818195191883
2021-06-26 00:00:00,2.436467952451671
2021-06-26 01:00:00,2.3183291444057277
2021-06-26 02:00:00,2.0970534238717025
2021-06-26 03:00:00,2.1503720408359164
2021-06-26 04:00:00,2.128177981461857
2021-06-26 05:00:00,2.0122513973162794
2021-06-26 06:00:00,2.1091716982432347
2021-06-26 07:00:00,2.094617305911632
2021-06-26 08:00:00,2.099244164549763
2021-06-26 09:00:00,2.047910341389975
2021-06-26 10:00:00,2.066564881146582
2021-06-26 11:00:00,1.9329929534601005
2021-06-26 12:00:00,2.00025311035283
2021-06-26 13:00:00,1.9953922004093227
2021-06-26 14:00:00,1.8618574275346036
2021-06-26 15:00:00,2.174604321272364
2021-06-26 16:00:00,2.125369015160219
2021-06-26 17:00:00,2.1958083405847617
2021-06-26 18:00:00,2.0368768596565707
2021-06-26 19:00:00,2.2462540470828474
2021-06-26 20:00:00,1.94114746886077
2021-06-26 21:00:00,1.9173114366164992
2021-06-26 22:00:00,2.1181765178434757
2021-06-26 23:00:00,2.2000099489454215
2021-06-27 00:00:00,2.183725983088556
2021-06-27 01:00:00,2.128685304590783
2021-06-27 02:00:00,2.0484778926890415
2021-06-27 03:00:00,2.21067201293423
2021-06-27 04:00:00,2.2064570554505067
2021-06-27 05:00:00,2.0249879721937245
2021-06-27 06:00:00,2.1952088940503987
2021-06-27 07:00:00,2.083471435828781
2021-06-27 08:00:00,2.1057345228109576
2021-06-27 09:00:00,2.0570427871557584
2021-06-27 10:00:00,2.2068004704249087
2021-06-27 11:00:00,2.021203900670885
2021-06-27 12:00:00,1.980434366124036
2021-06-27 13:00:00,2.278408153106961
2021-06-27 14:00:00,2.1304576410355276
2021-06-27 15:00:00,2.105821237360215
2021-06-27 16:00:00,2.0661515704009012
2021-06-27 17:00:00,2.215368322019837
2021-06-27 18:00:00,2.150610364373963
2021-06-27 19:00:00,2.241810031323761
2021-06-27 20:00:00,2.0961993025492887
2021-06-27 21:00:00,2.0028047753744085
2021-06-27 22:00:00,1.9471595416623289
2021-06-27 23:00:00,1.9729874562304905
2021-06-28 00:00:00,2.1075214224603647
2021-06-28 01:00:00,2.048264841612797
2021-06-28 02:00:00,2.2996216936759106
2021-06-28 03:00:00,1.9182792622525515
2021-06-28 04:00:00,2.330827322726438
2021-06-28 05:00:00,2.015579345080887
2021-06-28 06:00:00,2.070523567182145
2021-06-28 07:00:00,2.136575073094736
2021-06-28 08:00:00,2.1432635742025843
2021-06-28 09:00:00,2.264266877539519
2021-06-28 10:00:00,2.1070133195329097
2021-06-28 11:00:00,2.1797409312632405
2021-06-28 12:00:00,2.2714622569691705
2021-06-28 13:00:00,2.459848380922069
2021-06-28 14:00:00,2.183888813586918
2021-06-28 15:00:00,2.1781314545903414
2021-06-28 16:00:00,2.20158724144216
2021-06-28 17:00:00,1.9653532451088838
2021-06-28 18:00:00,2.1684604356765567
2021-06-28 19:00:00,2.07579629741162
2021-06-28 20:00:00,2.1472462193484962
2021-06-28 21:00:00,2.182791014449909
2021-06-28 22:00:00,1.862743119055419
2021-06-28 23:00:00,2.0638590613997114
2021-06-29 00:00:00,2.1698099829300457
2021-06-29 01:00:00,2.083687328826436
2021-06-29 02:00:00,2.2800938980852954
2021-06-29 03:00:00,2.0036767122919548
2021-06-29 04:00:00,2.001577613307284
2021-06-29 05:00:00,1.9605245797816708
2021-06-29 06:00:00,2.1548188177771146
2021-06-29 07:00:00,2.323612828753112
2021-06-29 08:00:00,2.299939291038622
2021-06-29 09:00:00,2.048594920603499
2021-06-29 10:00:00,2.0714513725227763
2021-06-29 11:00:00,2.1788164036550177
2021-06-29 12:00:00,2.138005023783087
2021-06-29 13:00:00,2.2994945258529293
2021-06-29 14:00:00,2.11209813019848
2021-06-29 15:00:00,2.1728723104722274
2021-06-29 16:00:00,2.1002353772755082
2021-06-29 17:00:00,2.117786357329251
2021-06-29 18:00:00,2.174117388968039
2021-06-29 19:00:00,2.0214802439929067
2021-06-29 20:00:00,2.139424262615741
2021-06-29 21:00:00,1.9618377265161353
2021-06-29 22:00:00,2.146290179145861
2021-06-29 23:00:00,2.199787154423684
2021-06-30 00:00:00,2.367974875585511
2021-06-30 01:00:00,2.0885752726055675
2021-06-30 02:00:00,2.1745368299735635
2021-06-30 03:00:00,2.111427578913972
2021-06-30 04:00:00,2.242229049270912
2021-06-30 05:00:00,2.1822736231691127
2021-06-30 06:00:00,2.084431466198837
2021-06-30 07:00:00,1.9515856040187354
2021-06-30 08:00:00,2.1436477223771653
2021-06-30 09:00:00,2.1377363208861255
2021-06-30 10:00:00,2.200359843159155
2021-06-30 11:00:00,2.1975642132304913
2021-06-30 12:00:00,2.2209495580502985
2021-06-30 13:00:00,1.938336749809105
2021-06-30 14:00:00,2.157315838178331
2021-06-30 15:00:00,2.185958119955094
2021-06-30 16:00:00,1.8554181247042842
2021-06-30 17:00:00,2.3015094390170336
2021-06-30 18:00:00,2.0634429993860857
2021-06-30 19:00:00,2.0294968618679428
2021-06-30 20:00:00,1.9421272897221757
2021-06-30 21:00:00,2.0132875800462537
2021-06-30 22:00:00,2.3416260589655185
2021-06-30 23:00:00,2.09102497316457
2021-07-01 00:00:00,1.8269419452108009
2021-07-01 01:00:00,2.174260684504753
2021-07-01 02:00:00,2.086676517923907
2021-07-01 03:00:00,2.1760572247464216
2021-07-01 04:00:00,2.153363104750985
2021-07-01 05:00:00,2.1525871014082076
2021-07-01 06:00:00,2.2541449351287484
2021-07-01 07:00:00,2.185370688481541
2021-07-01 08:00:00,2.3246513739367662
2021-07-01 09:00:00,2.1686617962299524
2021-07-01 10:00:00,2.1262505876134394
2021-07-01 11:00:00,2.2164973838630715
2021-07-01 12:00:00,2.2864062570640553
2021-07-01 13:00:00,2.243683334160285
2021-07-01 14:00:00,2.2441186626965544
2021-07-01 15:00:00,2.194349439035387
2021-07-01 16:00:00,1.9750662001177057
2021-07-01 17:00:00,2.14500186632989
2021-07-01 18:00:00,2.3205573455849375
2021-07-01 19:00:00,2.1072149854459714
2021-07-01 20:00:00,2.1881389021410085
2021-07-01 21:00:00,2.0833275892420464
2021-07-01 22:00:00,2.1412602310825575
2021-07-01 23:00:00,2.1652443340234684
2021-07-02 00:00:00,2.312743457742094
2021-07-02 01:00:00,2.180971021382043
2021-07-02 02:00:00,2.1743064532715994
2021-07-02 03:00:00,2.2393919747395525
2021-07-02 04:00:00,2.1971908121557995
2021-07-02 05:00:00,2.2732095747987433
2021-07-02 06:00:00,2.236391567093479
2021-07-02 07:00:00,2.0905500098484078
2021-07-02 08:00:00,2.232826571207742
2021-07-02 09:00:00,2.186511267267566
2021-07-02 10:00:00,2.1463679949063055
2021-07-02 11:00:00,2.260920992541695
2021-07-02 12:00:00,2.0602126778207013
2021-07-02 13:00:00,2.2270939861152224
2021-07-02 14:00:00,2.018863098165761
2021-07-02 15:00:00,2.254160541140547
2021-07-02 16:00:00,2.3238230431217377
2021-07-02 17:00:00,2.362291277908098
2021-07-02 18:00:00,2.328663838199234
2021-07-02 19:00:00,2.313575818709136
2021-07-02 20:00:00,2.338637770187842
2021-07-02 21:00:00,2.2053276980202035
2021-07-02 22:00:00,2.2631408963806807
2021-07-02 23:00:00,2.2256832060817473
2021-07-03 00:00:00,2.323019500908557
2021-07-03 01:00:00,2.2410719583559366
2021-07-03 02:00:00,2.345795899646294
2021-07-03 03:00:00,2.3509543182491313
2021-07-03 04:00:00,1.9408990265919426
2021-07-03 05:00:00,2.041313302935957
2021-07-03 06:00:00,2.0418189913766143
2021-07-03 07:00:00,2.301981286694239
2021-07-03 08:00:00,2.1042561813533998
2021-07-03 09:00:00,2.1044730095553787
2021-07-03 10:00:00,2.1077424463997936
2021-07-03 11:00:00,2.259012758636875
2021-07-03 12:00:00,2.159638422119673
2021-07-03 13:00:00,2.241412156344809
2021-07-03 14:00:00,2.480840452928478
2021-07-03 15:00:00,2.17786415140411
2021-07-03 16:00:00,2.2803973997169757
2021-07-03 17:00:00,2.1477403073802765
2021-07-03 18:00:00,2.168716075439072
2021-07-03 19:00:00,2.1156453758164364
2021-07-03 20:00:00,2.1792013998377033
2021-07-03 21:00:00,2.1603766101144286
2021-07-03 22:00:00,2.1234262143236626
2021-07-03 23:00:00,2.064988902638927
2021-07-04 00:00:00,2.1105649880038477
2021-07-04 01:00:00,2.0548160799502146
2021-07-04 02:00:00,2.2438224353192826
2021-07-04 03:00:00,2.212153654973317
2021-07-04 04:00:00,2.157500136836726
2021-07-04 05:00:00,2.2112960399833206
2021-07-04 06:00:00,2.0891819479384184
2021-07-04 07:00:00,2.0016833125282814
2021-07-04 08:00:00,2.1116285717579415
2021-07-04 09:00:00,2.0941538549869865
2021-07-04 10:00:00,2.050918265609314
2021-07-04 11:00:00,2.1344147920899137
2021-07-04 12:00:00,2.0755635389427116
2021-07-04 13:00:00,1.8182390902315306
2021-07-04 14:00:00,2.205675867449064
2021-07-04 15:00:00,2.1605013161361994
2021-07-04 16:00:00,2.027175049451785
2021-07-04 17:00:00,1.8788619886137545
2021-07-04 18:00:00,2.0990718638142853
2021-07-04 19:00:00,2.061704205568208
2021-07-04 20:00:00,2.355065996214531
2021-07-04 21:00:00,1.8536778920269699
2021-07-04 22:00:00,1.990643388860112
2021-07-04 23:00:00,2.071379448037317
2021-07-05 00:00:00,1.87127125127488
2021-07-05 01:00:00,1.8764560028224357
2021-07-05 02:00:00,2.0780758661773104
2021-07-05 03:00:00,2.0222473268722565
2021-07-05 04:00:00,2.064516692124829
2021-07-05 05:00:00,1.9318359408826473
2021-07-05 06:00:00,2.0736403054866948
2021-07-05 07:00:00,1.9978034586155284
2021-07-05 08:00:00,2.05181008853515
2021-07-05 09:00:00,2.110873054010093
2021-07-05 10:00:00,1.8735231479160506
2021-07-05 11:00:00,2.06785673573719
2021-07-05 12:00:00,1.9843188660130937
2021-07-05 13:00:00,2.025256676471326
2021-07-05 14:00:00,2.132839216678581
2021-07-05 15:00:00,2.1327862484699818
2021-07-05 16:00:00,2.2007523510087474
2021-07-05 17:00:00,1.9696039588602043
2021-07-05 18:00:00,2.1942790655767137
2021-07-05 19:00:00,1.9197293291716324
2021-07-05 20:00:00,2.044776054124723
2021-07-05 21:00:00,2.153022060622037
2021-07-05 22:00:00,1.986952708734877
2021-07-05 23:00:00,2.1067573065660454
2021-07-06 00:00:00,2.134415844033435
2021-07-06 01:00:00,1.982343318010781
2021-07-06 02:00:00,2.0911994937759286
2021-07-06 03:00:00,1.948627743349229
2021-07-06 04:00:00,2.1213896034662207
2021-07-06 05:00:00,2.085523461682615
2021-07-06 06:00:00,2.2315331864517747
2021-07-06 07:00:00,2.1248509534767415
2021-07-06 08:00:00,2.030024744775676
2021-07-06 09:00:00,1.916415455406144
2021-07-06 10:00:00,1.9281444640510728
2021-07-06 11:00:00,2.0815055510252924
2021-07-06 12:00:00,2.102366182471196
2021-07-06 13:00:00,1.9775558122058476
2021-07-06 14:00:00,1.9658134237570661
2021-07-06 15:00:00,2.031056309111789
2021-07-06 16:00:00,2.0429126332338092
2021-07-06 17:00:00,2.02307905519811
2021-07-06 18:00:00,2.0113406589385976
2021-07-06 19:00:00,2.098424545139767
2021-07-06 20:00:00,1.9806641615465193
2021-07-06 21:00:00,2.025373621953683
2021-07-06 22:00:00,2.1695082812452746
2021-07-06 23:00:00,2.1966626147333272
2021-07-07 00:00:00,2.080778558203963
2021-07-07 01:00:00,2.08639818759443
2021-07-07 02:00:00,1.7776388857190812
2021-07-07 03:00:00,2.098470377699875
2021-07-07 04:00:00,2.0948244078890084
2021-07-07 05:00:00,2.124284891640444
2021-07-07 06:00:00,2.142306540676037
2021-07-07 07:00:00,1.9501189712658693
2021-07-07 08:00:00,2.105661280697852
2021-07-07 09:00:00,2.1830400108034285
2021-07-07 10:00:00,2.201198306409569
2021-07-07 11:00:00,2.106009323953554
2021-07-07 12:00:00,2.032066454931453
2021-07-07 13:00:00,2.1417938367610536
2021-07-07 14:00:00,2.0992121390893663
2021-07-07 15:00:00,2.033507549993443
2021-07-07 16:00:00,2.3707989972309216
2021-07-07 17:00:00,2.0790160955212458
2021-07-07 18:00:00,2.2183223388153435
2021-07-07 19:00:00,2.2317106211869326
2021-07-07 20:00:00,2.3182172829099366
2021-07-07 21:00:00,2.116341914454815
2021-07-07 22:00:00,2.161476856470115
2021-07-07 23:00:00,2.240569546344765
2021-07-08 00:00:00,2.261731450980095
2021-07-08 01:00:00,2.331928428389748
2021-07-08 02:00:00,2.116962551378304
2021-07-08 03:00:00,2.1747302022419004
2021-07-08 04:00:00,2.0892155201126417
2021-07-08 05:00:00,2.2151604538700758
2021-07-08 06:00:00,2.1299911355197474
2021-07-08 07:00:00,1.9368055187033364
2021-07-08 08:00:00,2.20699582431121
2021-07-08 09:00:00,2.1093054256894184
2021-07-08 10:00:00,2.1540349717225236
2021-07-08 11:00:00,2.2375877664529833
2021-07-08 12:00:00,2.245644459548411
2021-07-08 13:00:00,2.141441887017551
2021-07-08 14:00:00,2.1836949999292807
2021-07-08 15:00:00,2.0293379213226137
2021-07-08 16:00:00,2.196320430743052
2021-07-08 17:00:00,2.2570552502335697
2021-07-08 18:00:00,2.0378023866874417
2021-07-08 19:00:00,2.1282320962886483
2021-07-08 20:00:00,2.297773165249001
2021-07-08 21:00:00,1.945430007247729
2021-07-08 22:00:00,2.1684974650844895
2021-07-08 23:00:00,2.277105803199043
2021-07-09 00:00:00,2.248045147350633
2021-07-09 01:00:00,1.9807836127805052
2021-07-09 02:00:00,2.3069276332601643
2021-07-09 03:00:00,2.1543283924120837
2021-07-09 04:00:00,2.1007114089026753
2021-07-09 05:00:00,2.1723824019089095
2021-07-09 06:00:00,2.018181301634358
2021-07-09 07:00:00,2.258476050639298
2021-07-09 08:00:00,2.2539730379839695
2021-07-09 09:00:00,1.9364917024491186
2021-07-09 10:00:00,2.1672634977340066
2021-07-09 11:00:00,2.0726222465209494
2021-07-09 12:00:00,2.172355173621001
2021-07-09 13:00:00,2.196693508240352
2021-07-09 14:00:00,2.2112856546275266
2021-07-09 15:00:00,2.183765370925449
2021-07-09 16:00:00,2.15522909403624
2021-07-09 17:00:00,2.1545110089347057
2021-07-09 18:00:00,2.3840031474135084
2021-07-09 19:00:00,2.2513368913458796
2021-07-09 20:00:00,2.3017106401983596
2021-07-09 21:00:00,1.9505678242121753
2021-07-09 22:00:00,2.321401898172003
2021-07-09 23:00:00,2.3059463407038523
2021-07-10 00:00:00,2.324409910695492
2021-07-10 01:00:00,2.046785996532963
2021-07-10 02:00:00,2.130762023041871
2021-07-10 03:00:00,2.144907262417927
2021-07-10 04:00:00,2.2023906785711245
2021-07-10 05:00:00,2.2630519587784472
2021-07-10 06:00:00,2.2512390832026745
2021-07-10 07:00:00,2.1501427387420637
2021-07-10 08:00:00,2.217860069056977
2021-07-10 09:00:00,2.2635104996026816
2021-07-10 10:00:00,2.123404835640563
2021-07-10 11:00:00,2.131601015312093
2021-07-10 12:00:00,2.256406157515876
2021-07-10 13:00:00,2.3074278665167
2021-07-10 14:00:00,2.100407364830197
2021-07-10 15:00:00,2.244695209450008
2021-07-10 16:00:00,2.253044146941713
2021-07-10 17:00:00,2.0621818815611985
2021-07-10 18:00:00,2.316177814113479
2021-07-10 19:00:00,2.1537363641504697
2021-07-10 20:00:00,2.3114535306189015
2021-07-10 21:00:00,2.310922018395639
2021-07-10 22:00:00,2.0451711108795374
2021-07-10 23:00:00,1.985084227528338
2021-07-11 00:00:00,2.286247966169206
2021-07-11 01:00:00,2.2039686973624852
2021-07-11 02:00:00,2.036773241564247
2021-07-11 03:00:00,1.9785269262227332
2021-07-11 04:00:00,2.1704404128322596
2021-07-11 05:00:00,2.266727949895167
2021-07-11 06:00:00,2.3541606318076136
2021-07-11 07:00:00,2.1034402994109214
2021-07-11 08:00:00,2.0809458296060503
2021-07-11 09:00:00,2.167261548286121
2021-07-11 10:00:00,2.154303517980738
2021-07-11 11:00:00,2.234494261530868
2021-07-11 12:00:00,2.1898047394845275
2021-07-11 13:00:00,2.276951288062002
2021-07-11 14:00:00,2.075743913006373
2021-07-11 15:00:00,2.2319036013503295
2021-07-11 16:00:00,2.03983449420533
2021-07-11 17:00:00,2.0620142406970907
2021-07-11 18:00:00,2.1747884662881476
2021-07-11 19:00:00,2.190295513932229
2021-07-11 20:00:00,2.0749251859579223
2021-07-11 21:00:00,2.202096707055119
2021-07-11 22:00:00,2.098390691124744
2021-07-11 23:00:00,1.9306409934191613
2021-07-12 00:00:00,2.1965228318075347
2021-07-12 01:00:00,2.164437952310204
2021-07-12 02:00:00,2.089907801762507
2021-07-12 03:00:00,2.047220516164555
2021-07-12 04:00:00,2.1771286754855
2021-07-12 05:00:00,2.2186745750987655
2021-07-12 06:00:00,2.184242453377776
2021-07-12 07:00:00,2.0851361926106047
2021-07-12 08:00:00,2.060278541794775
2021-07-12 09:00:00,2.0609839236175547
2021-07-12 10:00:00,1.9817062205919147
2021-07-12 11:00:00,2.1543488469045924
2021-07-12 12:00:00,2.1290497730012654
2021-07-12 13:00:00,2.2211067824058586
2021-07-12 14:00:00,2.1018363369507638
2021-07-12 15:00:00,2.0550366318686906
2021-07-12 16:00:00,2.021298942218629
2021-07-12 17:00:00,2.1745048426625186
2021-07-12 18:00:00,2.318887216363045
2021-07-12 19:00:00,2.1420783466316564
2021-07-12 20:00:00,2.1971345404419953
2021-07-12 21:00:00,2.060713507960142
2021-07-12 22:00:00,2.019066045451809
2021-07-12 23:00:00,1.973889369428496
2021-07-13 00:00:00,1.9740568301586312
2021-07-13 01:00:00,2.210304565923548
2021-07-13 02:00:00,2.1970135261586217
2021-07-13 03:00:00,2.2596758659655727
2021-07-13 04:00:00,2.161029124729966
2021-07-13 05:00:00,2.1464931555142384
2021-07-13 06:00:00,1.9686165659494579
2021-07-13 07:00:00,1.9798005780558716
2021-07-13 08:00:00,2.131069411619653
2021-07-13 09:00:00,2.142962274050343
2021-07-13 10:00:00,2.0843761095394533
2021-07-13 11:00:00,2.2622701135317365
2021-07-13 12:00:00,2.2945626303266833
2021-07-13 13:00:00,2.0299575252878648
2021-07-13 14:00:00,2.1375744838878377
2021-07-13 15:00:00,1.9090582320618337
2021-07-13 16:00:00,2.144172857122446
2021-07-13 17:00:00,2.202440704792103
2021-07-13 18:00:00,2.1762627390563827
2021-07-13 19:00:00,2.104413914892882
2021-07-13 20:00:00,2.339796946638076
2021-07-13 21:00:00,2.3040441399484406
2021-07-13 22:00:00,2.177808107021484
2021-07-13 23:00:00,1.95397413967557
2021-07-14 00:00:00,1.871718791176371
2021-07-14 01:00:00,2.1190052899210117
2021-07-14 02:00:00,2.087520338399557
2021-07-14 03:00:00,2.2696453341969467
2021-07-14 04:00:00,2.0258568208658283
2021-07-14 05:00:00,2.2008842926857035
2021-07-14 06:00:00,2.1506480496549094
2021-07-14 07:00:00,2.217550408452866
2021-07-14 08:00:00,2.280769570357658
2021-07-14 09:00:00,2.1674025161370576
2021-07-14 10:00:00,1.8978300035082347
2021-07-14 11:00:00,2.064076884050246
2021-07-14 12:00:00,1.988998790384566
2021-07-14 13:00:00,2.2135057474656916
2021-07-14 14:00:00,2.1057096265843804
2021-07-14 15:00:00,2.291563099261363
2021-07-14 16:00:00,2.211789792411499
2021-07-14 17:00:00,1.9887091601491598
2021-07-14 18:00:00,1.979301358383103
2021-07-14 19:00:00,2.3383277107808746
2021-07-14 20:00:00,2.0668345410862887
2021-07-14 21:00:00,2.0503665286715314
2021-07-14 22:00:00,2.2054050721441043
2021-07-14 23:00:00,1.9436592386447296
2021-07-15 00:00:00,2.053882665728109
2021-07-15 01:00:00,2.172935282701903
2021-07-15 02:00:00,2.1100298285023618
2021-07-15 03:00:00,2.192631243810748
2021-07-15 04:00:00,2.2599817356596748
2021-07-15 05:00:00,2.0308272223141
2021-07-15 06:00:00,2.1988421993021765
2021-07-15 07:00:00,2.1017473242766425
2021-07-15 08:00:00,2.0247968078801346
2021-07-15 09:00:00,1.977330145693801
2021-07-15 10:00:00,2.0162883795819773
2021-07-15 11:00:00,1.9875206183045364
2021-07-15 12:00:00,1.935012227361444
2021-07-15 13:00:00,2.2094484052267904
2021-07-15 14:00:00,2.077529366316778
2021-07-15 15:00:00,2.077666849244862
2021-07-15 16:00:00,2.0662463289948207
2021-07-15 17:00:00,2.153240698209897
2021-07-15 18:00:00,1.9944218392175703
2021-07-15 19:00:00,2.0351094171207027
2021-07-15 20:00:00,2.170596467926619
2021-07-15 21:00:00,1.9565754448954233
2021-07-15 22:00:00,2.091634345642081
2021-07-15 23:00:00,2.0592031405945908
2021-07-16 00:00:00,2.072787875746572
2021-07-16 01:00:00,2.177848405010705
2021-07-16 02:00:00,2.0905832544610927
2021-07-16 03:00:00,2.1423556559196877
2021-07-16 04:00:00,1.968487943376414
2021-07-16 05:00:00,2.010078608271907
2021-07-16 06:00:00,1.909782396771285
2021-07-16 07:00:00,1.9408172091494031
2021-07-16 08:00:00,1.9759290327421186
2021-07-16 09:00:00,1.844706022341285
2021-07-16 10:00:00,2.113036647387543
2021-07-16 11:00:00,2.201647230590665
2021-07-16 12:00:00,2.0316000738562816
2021-07-16 13:00:00,2.0530023888228355
2021-07-16 14:00:00,2.080169406074678
2021-07-16 15:00:00,2.1064560747515957
2021-07-16 16:00:00,1.908849789102924
2021-07-16 17:00:00,2.1371607602095115
2021-07-16 18:00:00,2.019409716178692
2021-07-16 19:00:00,2.1770396531706724
2021-07-16 20:00:00,1.971257172229654
2021-07-16 21:00:00,1.9033828639860289
2021-07-16 22:00:00,1.9077162238697134
2021-07-16 23:00:00,1.9959981374327522
2021-07-17 00:00:00,2.0217663781102497
2021-07-17 01:00:00,1.979157982526103
2021-07-17 02:00:00,2.113217166285421
2021-07-17 03:00:00,1.8973623578285028
2021-07-17 04:00:00,2.0047728173980652
2021-07-17 05:00:00,1.925399900427378
2021-07-17 06:00:00,2.037164796183403
2021-07-17 07:00:00,2.187030277845829
2021-07-17 08:00:00,2.0591305481978055
2021-07-17 09:00:00,2.097791179215463
2021-07-17 10:00:00,2.100562300977303
2021-07-17 11:00:00,2.032765958560511
2021-07-17 12:00:00,2.2264176863081437
2021-07-17 13:00:00,2.045537149658646
2021-07-17 14:00:00,1.9747074349074678
2021-07-17 15:00:00,2.0768432333740794
2021-07-17 16:00:00,2.146659161472314
2021-07-17 17:00:00,2.1266204427207533
2021-07-17 18:00:00,1.9925254894522384
2021-07-17 19:00:00,2.1346602432225215
2021-07-17 20:00:00,2.1143699290836517
2021-07-17 21:00:00,1.9712064322833525
2021-07-17 22:00:00,1.9293695725215965
2021-07-17 23:00:00,1.8951578597592342
2021-07-18 00:00:00,2.0195896692797355
2021-07-18 01:00:00,1.9793314756330205
2021-07-18 02:00:00,2.063553063085053
2021-07-18 03:00:00,2.054844195798076
2021-07-18 04:00:00,2.031376745641602
2021-07-18 05:00:00,2.08432232676334
2021-07-18 06:00:00,2.0088134712780046
2021-07-18 07:00:00,2.199726848233331
2021-07-18 08:00:00,2.0936518080209727
2021-07-18 09:00:00,1.995946492522807
2021-07-18 10:00:00,2.354521983978097
2021-07-18 11:00:00,2.182339175440752
2021-07-18 12:00:00,2.323765025908205
2021-07-18 13:00:00,2.1207253730869846
2021-07-18 14:00:00,2.1254509123147085
2021-07-18 15:00:00,1.9931555882232501
2021-07-18 16:00:00,2.1735429817565515
2021-07-18 17:00:00,2.084471486969247
2021-07-18 18:00:00,1.9717729741017762
2021-07-18 19:00:00,2.096282705481918
2021-07-18 20:00:00,2.209188904108316
2021-07-18 21:00:00,2.210819571290306
2021-07-18 22:00:00,2.290687609767523
2021-07-18 23:00:00,2.166096300665212
2021-07-19 00:00:00,2.137881986104679
2021-07-19 01:00:00,2.0936571451870587
2021-07-19 02:00:00,2.2241254192555107
2021-07-19 03:00:00,2.1025719726715373
2021-07-19 04:00:00,2.184409352240281
2021-07-19 05:00:00,2.2279508737705305
2021-07-19 06:00:00,1.931923780984366
2021-07-19 07:00:00,2.37489330310966
2021-07-19 08:00:00,2.14508865409052
2021-07-19 09:00:00,2.1270651950177517
2021-07-19 10:00:00,2.0947887877728757
2021-07-19 11:00:00,2.308307062102292
2021-07-19 12:00:00,2.2912146305842067
2021-07-19 13:00:00,2.100125002270483
2021-07-19 14:00:00,1.9943812226869753
2021-07-19 15:00:00,2.422991042257938
2021-07-19 16:00:00,2.168453052478123
2021-07-19 17:00:00,2.186365395023818
2021-07-19 18:00:00,2.1626876690006
2021-07-19 19:00:00,2.0976755164248
2021-07-19 20:00:00,2.1552292931973733
2021-07-19 21:00:00,2.161295609793492
2021-07-19 22:00:00,2.0198090077814843
2021-07-19 23:00:00,2.112845208708425
2021-07-20 00:00:00,2.2793650108650314
2021-07-20 01:00:00,2.0328085625786745
2021-07-20 02:00:00,2.32412711640739
2021-07-20 03:00:00,2.207290486406483
2021-07-20 04:00:00,2.0660272643380786
2021-07-20 05:00:00,2.175842282883405
2021-07-20 06:00:00,2.0538275050565176
2021-07-20 07:00:00,2.013263518422847
2021-07-20 08:00:00,2.2891242980358193
2021-07-20 09:00:00,2.183465948221208
2021-07-20 10:00:00,2.0546476234925453
2021-07-20 11:00:00,2.1849595513248463
2021-07-20 12:00:00,2.0095106277153993
2021-07-20 13:00:00,2.095847168590815
2021-07-20 14:00:00,1.974260691134437
2021-07-20 15:00:00,2.040936599993107
2021-07-20 16:00:00,2.0883503118936964
2021-07-20 17:00:00,2.1208999534785935
2021-07-20 18:00:00,2.1501965595944093
2021-07-20 19:00:00,2.0866017877345127
2021-07-20 20:00:00,2.149797218568243
2021-07-20 21:00:00,2.0504030606422083
2021-07-20 22:00:00,2.0780808830028086
2021-07-20 23:00:00,2.1512032821651763
2021-07-21 00:00:00,2.016700987557634
2021-07-21 01:00:00,2.2940393589495223
2021-07-21 02:00:00,2.192037217573197
2021-07-21 03:00:00,2.114681178968717
2021-07-21 04:00:00,1.8687100370816316
2021-07-21 05:00:00,2.03869347264093
2021-07-21 06:00:00,2.108039610419782
2021-07-21 07:00:00,2.132957163552749
2021-07-21 08:00:00,1.9177244226380374
2021-07-21 09:00:00,1.9284023863060988
2021-07-21 10:00:00,2.171775879668735
2021-07-21 11:00:00,2.0633348332170725
2021-07-21 12:00:00,2.036691541809077
2021-07-21 13:00:00,2.1204670168637074
2021-07-21 14:00:00,2.3000968498092065
2021-07-21 15:00:00,2.1059304303605497
2021-07-21 16:00:00,2.1747958483738676
2021-07-21 17:00:00,2.054576483732034
2021-07-21 18:00:00,2.046249503350565
2021-07-21 19:00:00,1.8145107048360156
2021-07-21 20:00:00,2.117504275199104
2021-07-21 21:00:00,2.054274180142904
2021-07-21 22:00:00,2.21829584860128
2021-07-21 23:00:00,2.0385828982556293
2021-07-22 00:00:00,1.9200036504258828
2021-07-22 01:00:00,1.958468500469097
2021-07-22 02:00:00,1.9281054261458854
2021-07-22 03:00:00,2.1554892696570085
2021-07-22 04:00:00,2.1123721025861184
2021-07-22 05:00:00,2.190985737945224
2021-07-22 06:00:00,2.0734715847084746
2021-07-22 07:00:00,2.2604871502317496
2021-07-22 08:00:00,2.137876815860235
2021-07-22 09:00:00,2.085564205569531
2021-07-22 10:00:00,1.9915780819482642
2021-07-22 11:00:00,1.9661695727806863
2021-07-22 12:00:00,2.144190053644609
2021-07-22 13:00:00,2.0059646593147265
2021-07-22 14:00:00,2.0206886917654177
2021-07-22 15:00:00,2.110274497052783
2021-07-22 16:00:00,2.11952788448755
2021-07-22 17:00:00,2.1403655931561767
2021-07-22 18:00:00,2.1789444058325858
2021-07-22 19:00:00,2.0043496254416446
2021-07-22 20:00:00,2.1114537097464763
2021-07-22 21:00:00,2.297235604098398
2021-07-22 22:00:00,2.1437759868586492
2021-07-22 23:00:00,2.1939503483624407
2021-07-23 00:00:00,2.152805064913291
2021-07-23 01:00:00,2.2573128358202026
2021-07-23 02:00:00,2.14149628768063
2021-07-23 03:00:00,2.1487043734994704
2021-07-23 04:00:00,2.0732465288460937
2021-07-23 05:00:00,2.0510091854209156
2021-07-23 06:00:00,2.0805578496947694
2021-07-23 07:00:00,2.1386720002886004
2021-07-23 08:00:00,2.271252744379196
2021-07-23 09:00:00,2.10973283438828
2021-07-23 10:00:00,2.2248324969937845
2021-07-23 11:00:00,2.1128485556979255
2021-07-23 12:00:00,2.0846084125097257
2021-07-23 13:00:00,2.0821434853594942
2021-07-23 14:00:00,2.329173483038371
2021-07-23 15:00:00,2.2417216969299
2021-07-23 16:00:00,2.2331551058448342
2021-07-23 17:00:00,1.9546713466071703
2021-07-23 18:00:00,2.1356872205270014
2021-07-23 19:00:00,2.14537185009147
2021-07-23 20:00:00,2.2856072026608043
2021-07-23 21:00:00,2.0573254356755535
2021-07-23 22:00:00,2.2084229221052665
2021-07-23 23:00:00,2.1326068424211915
2021-07-24 00:00:00,1.9773050295392929
2021-07-24 01:00:00,2.192431642661069
2021-07-24 02:00:00,2.1403310509993805
2021-07-24 03:00:00,2.093504598713437
2021-07-24 04:00:00,2.130374002605936
2021-07-24 05:00:00,2.275826705007835
2021-07-24 06:00:00,2.186555640919423
2021-07-24 07:00:00,2.16813059334495
2021-07-24 08:00:00,2.0956755834490046
2021-07-24 09:00:00,2.250241625154171
2021-07-24 10:00:00,2.0206408037857955
2021-07-24 11:00:00,2.172497523414544
2021-07-24 12:00:00,2.1596882462673235
2021-07-24 13:00:00,2.1537722276301676
2021-07-24 14:00:00,2.1824161879618966
2021-07-24 15:00:00,2.083851502226353
2021-07-24 16:00:00,2.0752391667784127
2021-07-24 17:00:00,2.12337555012165
2021-07-24 18:00:00,2.2870610928865025
2021-07-24 19:00:00,2.1023190934410816
2021-07-24 20:00:00,2.1852743980962286
2021-07-24 21:00:00,2.1498394239238268
2021-07-24 22:00:00,2.2236975629803886
2021-07-24 23:00:00,2.094569342455919
2021-07-25 00:00:00,2.0571064806480654
2021-07-25 01:00:00,2.209714444856476
2021-07-25 02:00:00,2.04417343651276
2021-07-25 03:00:00,2.1273803945233904
2021-07-25 04:00:00,2.2635210392399125
2021-07-25 05:00:00,2.146926498683609
2021-07-25 06:00:00,2.234014176019048
2021-07-25 07:00:00,2.2932996011467415
2021-07-25 08:00:00,2.272466987208508
2021-07-25 09:00:00,2.187508579289161
2021-07-25 10:00:00,2.1175854107475023
2021-07-25 11:00:00,2.380065246504439
2021-07-25 12:00:00,2.0793255268604813
2021-07-25 13:00:00,2.1791686393758836
2021-07-25 14:00:00,2.0887489592213515
2021-07-25 15:00:00,2.0068275055264593
2021-07-25 16:00:00,2.0496209419047675
2021-07-25 17:00:00,2.181442158502288
2021-07-25 18:00:00,2.0868210790743373
2021-07-25 19:00:00,2.114161621461588
2021-07-25 20:00:00,2.1324716828948818
2021-07-25 21:00:00,2.083828721563406
2021-07-25 22:00:00,2.2528362723602533
2021-07-25 23:00:00,2.168600697580609
2021-07-26 00:00:00,2.0561726047041926
2021-07-26 01:00:00,2.115389671686803
2021-07-26 02:00:00,2.1572850354242443
2021-07-26 03:00:00,2.1461222137507043
2021-07-26 04:00:00,2.2155058704665906
2021-07-26 05:00:00,2.067401194455037
2021-07-26 06:00:00,1.9139102164990982
2021-07-26 07:00:00,2.3414501696263437
2021-07-26 08:00:00,2.3188102793456205
2021-07-26 09:00:00,2.0906331320856775
2021-07-26 10:00:00,2.062933613299856
2021-07-26 11:00:00,2.1213764130346346
2021-07-26 12:00:00,2.1500205013606655
2021-07-26 13:00:00,2.1763969992701155
2021-07-26 14:00:00,2.017115771093139
2021-07-26 15:00:00,2.2318183184867513
2021-07-26 16:00:00,2.0993708621613703
2021-07-26 17:00:00,2.141794422826303
2021-07-26 18:00:00,1.8861894573977196
2021-07-26 19:00:00,2.1589147780313045
2021-07-26 20:00:00,2.123481154062951
2021-07-26 21:00:00,2.0105999842797053
2021-07-26 22:00:00,2.0551776813709997
2021-07-26 23:00:00,2.147595232655269
2021-07-27 00:00:00,1.9384283992781686
2021-07-27 01:00:00,2.1364361405442214
2021-07-27 02:00:00,2.090482397543603
2021-07-27 03:00:00,2.125925243879544
2021-07-27 04:00:00,2.023818796062685
2021-07-27 05:00:00,2.0923733321753115
2021-07-27 06:00:00,2.210785449988942
2021-07-27 07:00:00,2.0619929352199566
2021-07-27 08:00:00,2.1097120303665093
2021-07-27 09:00:00,2.212083961610106
2021-07-27 10:00:00,2.1012188279769255
2021-07-27 11:00:00,2.1810871767256743
2021-07-27 12:00:00,2.202556797828421
2021-07-27 13:00:00,2.3705984869504024
2021-07-27 14:00:00,2.2833286313918544
2021-07-27 15:00:00,2.1093054183238937
2021-07-27 16:00:00,2.125195503624858
2021-07-27 17:00:00,2.1883864281190397
2021-07-27 18:00:00,2.2020311181700123
2021-07-27 19:00:00,2.164199092558992
2021-07-27 20:00:00,2.2238888827577443
2021-07-27 21:00:00,2.2577668898729297
2021-07-27 22:00:00,2.258314429928637
2021-07-27 23:00:00,2.1206092907802097
2021-07-28 00:00:00,2.137686487385834
2021-07-28 01:00:00,2.1188319502652404
2021-07-28 02:00:00,2.1691998508266317
2021-07-28 03:00:00,2.1596362600971966
2021-07-28 04:00:00,2.3062992594492546
2021-07-28 05:00:00,1.9452029328129843
2021-07-28 06:00:00,2.097335679951537
2021-07-28 07:00:00,2.1709399044814965
2021-07-28 08:00:00,1.9896550734316802
2021-07-28 09:00:00,2.0754595367021547
2021-07-28 10:00:00,2.101490903664516
2021-07-28 11:00:00,2.2040040877208953
2021-07-28 12:00:00,2.253484643242524
2021-07-28 13:00:00,2.3201577522520958
2021-07-28 14:00:00,2.0096881184411153
2021-07-28 15:00:00,2.159107001899571
2021-07-28 16:00:00,2.250623173232133
2021-07-28 17:00:00,2.0420910350526547
2021-07-28 18:00:00,2.1858668858404684
2021-07-28 19:00:00,2.2988881233329486
2021-07-28 20:00:00,2.1812808026563615
2021-07-28 21:00:00,2.1100784977109175
2021-07-28 22:00:00,2.107821963643557
2021-07-28 23:00:00,2.276427209670702
2021-07-29 00:00:00,2.073942705093976
2021-07-29 01:00:00,1.9935621825758654
2021-07-29 02:00:00,2.1590483118047668
2021-07-29 03:00:00,2.0214584972100855
2021-07-29 04:00:00,2.2260178822384216
2021-07-29 05:00:00,1.9792883956651797
2021-07-29 06:00:00,2.161817111774227
2021-07-29 07:00:00,2.362788557787233
2021-07-29 08:00:00,2.2745424530108167
2021-07-29 09:00:00,2.130220602626263
2021-07-29 10:00:00,2.299732404494088
2021-07-29 11:00:00,2.091781919856252
2021-07-29 12:00:00,2.2018390821805234
2021-07-29 13:00:00,2.0365507333768
2021-07-29 14:00:00,2.1474903543522017
2021-07-29 15:00:00,2.150916831918693
2021-07-29 16:00:00,2.2766512925828324
2021-07-29 17:00:00,2.18718159643406
2021-07-29 18:00:00,2.025958531048938
2021-07-29 19:00:00,2.17374433682705
2021-07-29 20:00:00,2.2423777726701344
2021-07-29 21:00:00,1.974356525322697
2021-07-29 22:00:00,2.100784122210874
2021-07-29 23:00:00,2.2199938741388925
2021-07-30 00:00:00,1.93263618262754
2021-07-30 01:00:00,2.427635286326044
2021-07-30 02:00:00,2.0892449745960757
2021-07-30 03:00:00,2.1756949928224527
2021-07-30 04:00:00,2.1556401196567685
2021-07-30 05:00:00,2.057741311888477
2021-07-30 06:00:00,2.343634661457166
2021-07-30 07:00:00,2.0020960919249524
2021-07-30 08:00:00,2.2348011743452574
2021-07-30 09:00:00,2.2105140103244114
2021-07-30 10:00:00,2.1369729619449944
2021-07-30 11:00:00,2.046757631084584
2021-07-30 12:00:00,2.244836728133944
2021-07-30 13:00:00,2.3004535187318913
2021-07-30 14:00:00,2.0725200959356704
2021-07-30 15:00:00,2.1689161989792485
2021-07-30 16:00:00,2.1003663806083273
2021-07-30 17:00:00,2.1444716930294736
2021-07-30 18:00:00,2.207747788174524
2021-07-30 19:00:00,2.046467435413752
2021-07-30 20:00:00,2.1551034306080465
2021-07-30 21:00:00,2.0580390731404274
2021-07-30 22:00:00,2.1796305158296856
2021-07-30 23:00:00,2.101826069304172
2021-07-31 00:00:00,2.0578942944208776
2021-07-31 01:00:00,2.3224339406616563
2021-07-31 02:00:00,2.1339520922916266
2021-07-31 03:00:00,2.1248845487366688
2021-07-31 04:00:00,1.9895196950743714
2021-07-31 05:00:00,2.1853417305809333
2021-07-31 06:00:00,2.2450362269948005
2021-07-31 07:00:00,2.3357165210907116
2021-07-31 08:00:00,2.0635635320972847
2021-07-31 09:00:00,2.2477564594112405
2021-07-31 10:00:00,2.276249104189916
2021-07-31 11:00:00,2.1000869391646617
2021-07-31 12:00:00,2.1468694063862235
2021-07-31 13:00:00,2.1133517785836156
2021-07-31 14:00:00,2.33982997752585
2021-07-31 15:00:00,2.293399507898974
2021-07-31 16:00:00,2.3500638777274148
2021-07-31 17:00:00,2.1846312327773645
2021-07-31 18:00:00,2.1844655378132867
2021-07-31 19:00:00,2.1942109808248973
2021-07-31 20:00:00,2.239861580034108
2021-07-31 21:00:00,2.1494383846313916
2021-07-31 22:00:00,2.2735935230595383
2021-07-31 23:00:00,2.0956607878382454
2021-08-01 00:00:00,2.3264918301516144
2021-08-01 01:00:00,2.183447511824582
2021-08-01 02:00:00,2.287322958570343
2021-08-01 03:00:00,2.291031762673535
2021-08-01 04:00:00,2.15646857546267
2021-08-01 05:00:00,2.3805653658046544
2021-08-01 06:00:00,2.2853643679586284
2021-08-01 07:00:00,2.1696008401449083
2021-08-01 08:00:00,2.1381286623002187
2021-08-01 09:00:00,2.304306560583595
2021-08-01 10:00:00,2.202018019953747
2021-08-01 11:00:00,2.307846696335776
2021-08-01 12:00:00,2.231028018569054
2021-08-01 13:00:00,2.265758009216635
2021-08-01 14:00:00,2.3481901408897463
2021-08-01 15:00:00,2.2156723510349896
2021-08-01 16:00:00,2.223734081490899
2021-08-01 17:00:00,2.133770370835084
2021-08-01 18:00:00,2.3109591742997853
2021-08-01 19:00:00,2.43960964624944
2021-08-01 20:00:00,2.249625437634309
2021-08-01 21:00:00,2.0860174650145047
2021-08-01 22:00:00,2.3839800319732447
2021-08-01 23:00:00,2.2822422057078313
2021-08-02 00:00:00,2.243774679030537
2021-08-02 01:00:00,2.458568960989234
2021-08-02 02:00:00,2.033201768505762
2021-08-02 03:00:00,2.2933690658979216
2021-08-02 04:00:00,2.239624332989577
2021-08-02 05:00:00,2.066736342605252
2021-08-02 06:00:00,2.202240009943354
2021-08-02 07:00:00,2.208163635236288
2021-08-02 08:00:00,2.2808654602687572
2021-08-02 09:00:00,2.240332801487038
2021-08-02 10:00:00,2.1674435769512574
2021-08-02 11:00:00,2.2202216679048163
2021-08-02 12:00:00,2.1491243043704813
2021-08-02 13:00:00,2.2319105945953135
2021-08-02 14:00:00,2.1765142161029094
2021-08-02 15:00:00,2.08409012036768
2021-08-02 16:00:00,2.0855822840534084
2021-08-02 17:00:00,2.2386227360209205
2021-08-02 18:00:00,2.0104633782378567
2021-08-02 19:00:00,2.2702633275121276
2021-08-02 20:00:00,1.9756050099312135
2021-08-02 21:00:00,2.1766829178604534
2021-08-02 22:00:00,2.1186270959885776
2021-08-02 23:00:00,2.0139065815959976
2021-08-03 00:00:00,2.110019128467624
2021-08-03 01:00:00,2.2766991414803956
2021-08-03 02:00:00,2.0397720387826026
2021-08-03 03:00:00,2.195535986726086
2021-08-03 04:00:00,2.1248117035128797
2021-08-03 05:00:00,2.1621312232687795
2021-08-03 06:00:00,2.0541312865844095
2021-08-03 07:00:00,2.082962070620376
2021-08-03 08:00:00,2.220630664813213
2021-08-03 09:00:00,2.0250122029951445
2021-08-03 10:00:00,1.9616569639380173
2021-08-03 11:00:00,2.159748105085832
2021-08-03 12:00:00,2.265017203593723
2021-08-03 13:00:00,2.222932441162121
2021-08-03 14:00:00,2.1167669660065154
2021-08-03 15:00:00,2.028835443832864
2021-08-03 16:00:00,2.1345196580404378
2021-08-03 17:00:00,2.176184795720913
2021-08-03 18:00:00,2.467653065131595
2021-08-03 19:00:00,2.1608633103269144
2021-08-03 20:00:00,2.087291790707837
2021-08-03 21:00:00,2.185844994789181
2021-08-03 22:00:00,2.285111015959704
2021-08-03 23:00:00,2.2435460737949255
2021-08-04 00:00:00,1.919476558358794
2021-08-04 01:00:00,2.138072933648908
2021-08-04 02:00:00,2.2167757322980335
2021-08-04 03:00:00,2.2523633234957514
2021-08-04 04:00:00,1.991552756724155
2021-08-04 05:00:00,2.1395252923437496
2021-08-04 06:00:00,2.109782475122727
2021-08-04 07:00:00,1.9592362935034575
2021-08-04 08:00:00,2.098643031857742
2021-08-04 09:00:00,2.112708134138618
2021-08-04 10:00:00,2.1140512347073335
2021-08-04 11:00:00,2.117595094381405
2021-08-04 12:00:00,1.9333556522053155
2021-08-04 13:00:00,1.9889244350604478
2021-08-04 14:00:00,2.2217858214368205
2021-08-04 15:00:00,2.097164578582559
2021-08-04 16:00:00,2.0898675591424816
2021-08-04 17:00:00,2.0436993100708682
2021-08-04 18:00:00,2.134963521184445
2021-08-04 19:00:00,2.030913477646044
2021-08-04 20:00:00,2.1095678330490397
2021-08-04 21:00:00,2.2502280669605175
2021-08-04 22:00:00,2.3241968251218
2021-08-04 23:00:00,2.035814193198062
2021-08-05 00:00:00,2.2811782337934816
2021-08-05 01:00:00,2.1631877514925058
2021-08-05 02:00:00,2.0751461891484073
2021-08-05 03:00:00,1.997027082320813
2021-08-05 04:00:00,2.080911534307522
2021-08-05 05:00:00,2.233671146705408
2021-08-05 06:00:00,2.182024684099388
2021-08-05 07:00:00,2.201008667437242
2021-08-05 08:00:00,2.0769533921871153
2021-08-05 09:00:00,2.013551954528917
2021-08-05 10:00:00,2.268006088779825
2021-08-05 11:00:00,2.101312251373572
2021-08-05 12:00:00,2.40194580149721
2021-08-05 13:00:00,2.0533601924705454
2021-08-05 14:00:00,2.2840608094099086
2021-08-05 15:00:00,2.239521625749883
2021-08-05 16:00:00,1.9922822121905572
2021-08-05 17:00:00,2.215949318509413
2021-08-05 18:00:00,2.1670955064395683
2021-08-05 19:00:00,2.184636252258326
2021-08-05 20:00:00,2.068913781033058
2021-08-05 21:00:00,2.088963297867707
2021-08-05 22:00:00,2.1653526418831195
2021-08-05 23:00:00,2.0518540544096293
2021-08-06 00:00:00,1.935163707524121
2021-08-06 01:00:00,2.2777336150470653
2021-08-06 02:00:00,2.246860617893633
2021-08-06 03:00:00,2.0868549727569574
2021-08-06 04:00:00,2.0702333697086552
2021-08-06 05:00:00,2.2101155865897333
2021-08-06 06:00:00,2.269464431064488
2021-08-06 07:00:00,2.1728573976677086
2021-08-06 08:00:00,2.062347929524817
2021-08-06 09:00:00,2.196207790979735
2021-08-06 10:00:00,2.115542877101075
2021-08-06 11:00:00,2.088389686958064
2021-08-06 12:00:00,1.9806376195254602
2021-08-06 13:00:00,2.0744607050195336
2021-08-06 14:00:00,2.1521690803713307
2021-08-06 15:00:00,2.0948327958558215
2021-08-06 16:00:00,2.0552751548879704
2021-08-06 17:00:00,2.0402922833953823
2021-08-06 18:00:00,2.0169474099231617
2021-08-06 19:00:00,2.010840241770337
2021-08-06 20:00:00,2.160220380834644
2021-08-06 21:00:00,2.2272804824122963
2021-08-06 22:00:00,2.230759275631105
2021-08-06 23:00:00,2.1560171650922766
2021-08-07 00:00:00,2.069036105211376
2021-08-07 01:00:00,2.139932850949022
2021-08-07 02:00:00,2.059354797372529
2021-08-07 03:00:00,2.2355630240511117
2021-08-07 04:00:00,2.0400948721656675
2021-08-07 05:00:00,2.093100522465717
2021-08-07 06:00:00,2.108493360780693
2021-08-07 07:00:00,1.9408706340852544
2021-08-07 08:00:00,2.2022446603668664
2021-08-07 09:00:00,2.054097766149606
2021-08-07 10:00:00,2.088083498274623
2021-08-07 11:00:00,1.9897753974541452
2021-08-07 12:00:00,1.9547156532884193
2021-08-07 13:00:00,2.110487374448409
2021-08-07 14:00:00,2.019752773743854
2021-08-07 15:00:00,2.307915066704072
2021-08-07 16:00:00,2.08462586095109
2021-08-07 17:00:00,2.3526945783084594
2021-08-07 18:00:00,2.0568284024954258
2021-08-07 19:00:00,2.176981817484108
2021-08-07 20:00:00,1.9974759342802535
2021-08-07 21:00:00,2.0783123510919936
2021-08-07 22:00:00,1.9147969466109762
2021-08-07 23:00:00,2.1693799811215455
2021-08-08 00:00:00,2.0730750058319987
2021-08-08 01:00:00,2.0871349900454135
2021-08-08 02:00:00,2.087110567544785
2021-08-08 03:00:00,2.23716922775672
2021-08-08 04:00:00,2.065374897386285
2021-08-08 05:00:00,2.0401968880506005
2021-08-08 06:00:00,2.0741295000779365
2021-08-08 07:00:00,2.250773080854646
2021-08-08 08:00:00,2.260215340865942
2021-08-08 09:00:00,1.9330734187814929
2021-08-08 10:00:00,1.9787407255368172
2021-08-08 11:00:00,2.095895090898667
2021-08-08 12:00:00,1.9179059449732616
2021-08-08 13:00:00,2.1154539263546286
2021-08-08 14:00:00,2.146749057285483
2021-08-08 15:00:00,2.233813943835779
2021-08-08 16:00:00,2.080899304263557
2021-08-08 17:00:00,2.076406544378117
2021-08-08 18:00:00,2.033735500658929
2021-08-08 19:00:00,2.060933756170406
2021-08-08 20:00:00,2.146726057716021
2021-08-08 21:00:00,2.2253260382912297
2021-08-08 22:00:00,2.115104540008046
2021-08-08 23:00:00,2.167668871014805
2021-08-09 00:00:00,2.0110758449401374
2021-08-09 01:00:00,2.210998610359059
2021-08-09 02:00:00,2.1730333598442946
2021-08-09 03:00:00,2.2885300793077756
2021-08-09 04:00:00,2.257184241271761
2021-08-09 05:00:00,2.0978870634514513
2021-08-09 06:00:00,2.1680055474320126
2021-08-09 07:00:00,2.0542022164571123
2021-08-09 08:00:00,2.2351055023242132
2021-08-09 09:00:00,2.2263936210521282
2021-08-09 10:00:00,2.1746488766292646
2021-08-09 11:00:00,2.2488329427651794
2021-08-09 12:00:00,2.1677918379594905
2021-08-09 13:00:00,2.313083187371244
2021-08-09 14:00:00,2.1069448237672646
2021-08-09 15:00:00,2.1080860341063166
2021-08-09 16:00:00,2.093239953552028
2021-08-09 17:00:00,2.16144397961965
2021-08-09 18:00:00,2.233806620853422
2021-08-09 19:00:00,2.0517564019947234
2021-08-09 20:00:00,2.20481223358015
2021-08-09 21:00:00,2.1543781160165385
2021-08-09 22:00:00,2.148283054203489
2021-08-09 23:00:00,2.308710639609392
2021-08-10 00:00:00,2.221944282938159
2021-08-10 01:00:00,2.2800129185004048
2021-08-10 02:00:00,2.0928772321644438
2021-08-10 03:00:00,2.2415799835769104
2021-08-10 04:00:00,2.1455158745096936
2021-08-10 05:00:00,2.2090602283348013
2021-08-10 06:00:00,2.13599289653921
2021-08-10 07:00:00,2.368404298640343
2021-08-10 08:00:00,2.193072303217623
2021-08-10 09:00:00,2.1851961296821942
2021-08-10 10:00:00,2.2282511403257335
2021-08-10 11:00:00,2.2642350437980734
2021-08-10 12:00:00,2.291418213199296
2021-08-10 13:00:00,2.1069319776506705
2021-08-10 14:00:00,2.249543649504669
2021-08-10 15:00:00,2.0512880562402405
2021-08-10 16:00:00,2.1920063578034283
2021-08-10 17:00:00,2.1740047638220323
2021-08-10 18:00:00,2.101555171381701
2021-08-10 19:00:00,2.0541602793726703
2021-08-10 20:00:00,2.1087576973161237
2021-08-10 21:00:00,2.143195484365791
2021-08-10 22:00:00,2.1512662196395422
2021-08-10 23:00:00,2.2790769409727667
2021-08-11 00:00:00,2.307216220812495
2021-08-11 01:00:00,2.2654145009295834
2021-08-11 02:00:00,2.21963703817363
2021-08-11 03:00:00,2.277444766437487
2021-08-11 04:00:00,2.287982624283611
2021-08-11 05:00:00,2.1235627069946514
2021-08-11 06:00:00,2.2710346571727222
2021-08-11 07:00:00,2.304537007549638
2021-08-11 08:00:00,2.128386024709847
2021-08-11 09:00:00,2.0673316645958804
2021-08-11 10:00:00,2.288683874075855
2021-08-11 11:00:00,2.1851947037580772
2021-08-11 12:00:00,2.199908505499619
2021-08-11 13:00:00,2.077648789116041
2021-08-11 14:00:00,2.0889763018924934
2021-08-11 15:00:00,1.958066561379576
2021-08-11 16:00:00,2.0190923097169633
2021-08-11 17:00:00,2.1368269876192043
2021-08-11 18:00:00,2.1663982721228163
2021-08-11 19:00:00,2.327841837462999
2021-08-11 20:00:00,2.0751632256308086
2021-08-11 21:00:00,2.328081746568444
2021-08-11 22:00:00,2.0828831058373245
2021-08-11 23:00:00,1.972233153691451
2021-08-12 00:00:00,2.1308457804202616
2021-08-12 01:00:00,2.275496284078895
2021-08-12 02:00:00,2.086656590292006
2021-08-12 03:00:00,2.3353096406386102
2021-08-12 04:00:00,2.1138966265346295
2021-08-12 05:00:00,2.393816373688895
2021-08-12 06:00:00,2.05285918910928
2021-08-12 07:00:00,2.1581021829637677
2021-08-12 08:00:00,2.165300346211498
2021-08-12 09:00:00,2.176662917755375
2021-08-12 10:00:00,2.09363799603996
2021-08-12 11:00:00,1.8838167463700901
2021-08-12 12:00:00,1.9961220645514042
2021-08-12 13:00:00,1.9389613744606622
2021-08-12 14:00:00,2.2479929600777173
2021-08-12 15:00:00,1.9999745290357065
2021-08-12 16:00:00,2.1443600332115342
2021-08-12 17:00:00,2.051387904359381
2021-08-12 18:00:00,2.111985320147835
2021-08-12 19:00:00,1.981655956767142
2021-08-12 20:00:00,2.0430419086451725
2021-08-12 21:00:00,2.145792475601407
2021-08-12 22:00:00,2.396880269024387
2021-08-12 23:00:00,2.0587464907705684
2021-08-13 00:00:00,1.9554289080632123
2021-08-13 01:00:00,1.9937487057814907
2021-08-13 02:00:00,1.9727638242673675
2021-08-13 03:00:00,2.0014218521913767
2021-08-13 04:00:00,2.0817168324030564
2021-08-13 05:00:00,2.110581323253456
2021-08-13 06:00:00,2.158042204140566
2021-08-13 07:00:00,2.0916034988441217
2021-08-13 08:00:00,2.1947080525211735
2021-08-13 09:00:00,2.0677296568478654
2021-08-13 10:00:00,2.006927633458229
2021-08-13 11:00:00,2.142325647340183
2021-08-13 12:00:00,2.0990974236137236
2021-08-13 13:00:00,2.1201933002248294
2021-08-13 14:00:00,2.1311810040073533
2021-08-13 15:00:00,2.087249358973748
2021-08-13 16:00:00,2.0923160367168707
2021-08-13 17:00:00,2.1460233887488815
2021-08-13 18:00:00,2.1647862946425733
2021-08-13 19:00:00,2.1751391152722306
2021-08-13 20:00:00,2.0114658799482896
2021-08-13 21:00:00,2.108759921767592
2021-08-13 22:00:00,1.951837238873126
2021-08-13 23:00:00,2.1483538777660476
2021-08-14 00:00:00,2.0482996372870756
2021-08-14 01:00:00,2.2224010318963616
2021-08-14 02:00:00,2.1166586042265156
2021-08-14 03:00:00,2.0473666039450324
2021-08-14 04:00:00,2.1099383877223707
2021-08-14 05:00:00,2.2974239797875216
2021-08-14 06:00:00,2.073754034431849
2021-08-14 07:00:00,1.9247089978753864
2021-08-14 08:00:00,2.1006949049946755
2021-08-14 09:00:00,2.1400408457941866
2021-08-14 10:00:00,2.139299025433231
2021-08-14 11:00:00,2.040013018087149
2021-08-14 12:00:00,2.1160716047566517
2021-08-14 13:00:00,2.121715011625138
2021-08-14 14:00:00,2.0285489807150663
2021-08-14 15:00:00,2.0749074855985272
2021-08-14 16:00:00,2.072868513377534
2021-08-14 17:00:00,2.221910141654501
2021-08-14 18:00:00,2.3796382410874024
2021-08-14 19:00:00,2.2754239189457817
2021-08-14 20:00:00,2.1003835375315445
2021-08-14 21:00:00,2.1929650906637863
2021-08-14 22:00:00,2.3052060084078545
2021-08-14 23:00:00,2.232128705090467
2021-08-15 00:00:00,2.244359266030006
2021-08-15 01:00:00,2.201789730611127
2021-08-15 02:00:00,2.36098224718373
2021-08-15 03:00:00,2.199259041649928
2021-08-15 04:00:00,2.2613078300461202
2021-08-15 05:00:00,2.2156254311120245
2021-08-15 06:00:00,2.3288787767801837
2021-08-15 07:00:00,2.1749955532921996
2021-08-15 08:00:00,2.0950659467338304
2021-08-15 09:00:00,2.058390629126153
2021-08-15 10:00:00,2.0522487123554463
2021-08-15 11:00:00,2.1908944620770607
2021-08-15 12:00:00,2.1165262412365324
2021-08-15 13:00:00,1.9387591041674674
2021-08-15 14:00:00,2.2681198116060832
2021-08-15 15:00:00,2.174562555233152
2021-08-15 16:00:00,2.1388803902954834
2021-08-15 17:00:00,2.048187834005753
2021-08-15 18:00:00,2.260475496690195
2021-08-15 19:00:00,2.0389586983795662
2021-08-15 20:00:00,1.9909056336826598
2021-08-15 21:00:00,2.1224663586467853
2021-08-15 22:00:00,2.122304034211597
2021-08-15 23:00:00,2.201123396635509
2021-08-16 00:00:00,2.280343288369811
2021-08-16 01:00:00,2.1281978801868098
2021-08-16 02:00:00,2.1563764892253774
2021-08-16 03:00:00,2.083821613053902
2021-08-16 04:00:00,1.9900104375300178
2021-08-16 05:00:00,2.2594025811793035
2021-08-16 06:00:00,2.1124601268171053
2021-08-16 07:00:00,2.190057744177974
2021-08-16 08:00:00,2.015454485824744
2021-08-16 09:00:00,2.262573807832285
2021-08-16 10:00:00,2.3210427172120016
2021-08-16 11:00:00,2.2139577193275644
2021-08-16 12:00:00,2.200043844985046
2021-08-16 13:00:00,1.996512709377095
2021-08-16 14:00:00,2.016753432874848
2021-08-16 15:00:00,1.8913615954099976
2021-08-16 16:00:00,2.1350930097227456
2021-08-16 17:00:00,2.035354254958639
2021-08-16 18:00:00,1.908477448128303
2021-08-16 19:00:00,2.1293414171664558
2021-08-16 20:00:00,2.082114658503456
2021-08-16 21:00:00,1.9522761332002772
2021-08-16 22:00:00,2.137810126929559
2021-08-16 23:00:00,2.031300188194121
2021-08-17 00:00:00,2.0261581369291215
2021-08-17 01:00:00,2.1076464358982427
2021-08-17 02:00:00,1.9704724284649688
2021-08-17 03:00:00,2.0438961762800014
2021-08-17 04:00:00,2.086364024010923
2021-08-17 05:00:00,2.1205918352666875
2021-08-17 06:00:00,2.0415775769676507
2021-08-17 07:00:00,2.0084134505742104
2021-08-17 08:00:00,2.1192261402879518
2021-08-17 09:00:00,1.9243290578034387
2021-08-17 10:00:00,2.1263923467054164
2021-08-17 11:00:00,2.11784730851316
2021-08-17 12:00:00,2.1297567701017788
2021-08-17 13:00:00,2.250266318807059
2021-08-17 14:00:00,2.1644334349825343
2021-08-17 15:00:00,2.003248751091284
2021-08-17 16:00:00,2.2082827647848906
2021-08-17 17:00:00,2.1918946896697955
2021-08-17 18:00:00,2.1430340664029672
2021-08-17 19:00:00,2.1158931675050603
2021-08-17 20:00:00,2.0733363832296656
2021-08-17 21:00:00,2.195508664425197
2021-08-17 22:00:00,2.260035840538377
2021-08-17 23:00:00,2.065317786593471
2021-08-18 00:00:00,2.1910048039492893
2021-08-18 01:00:00,2.3495290091463183
2021-08-18 02:00:00,2.259057360490606
2021-08-18 03:00:00,2.0211247173045668
2021-08-18 04:00:00,2.055641685555566
2021-08-18 05:00:00,2.221352062799618
2021-08-18 06:00:00,2.288415045722532
2021-08-18 07:00:00,2.0556071981010695
2021-08-18 08:00:00,2.2932677199715137
2021-08-18 09:00:00,2.2260988655536327
2021-08-18 10:00:00,2.0831858931456573
2021-08-18 11:00:00,2.3727831256451144
2021-08-18 12:00:00,2.329390989553459
2021-08-18 13:00:00,2.085375687732406
2021-08-18 14:00:00,2.2394211811700973
2021-08-18 15:00:00,2.076760468865818
2021-08-18 16:00:00,2.1665852616367203
2021-08-18 17:00:00,2.0978675167505028
2021-08-18 18:00:00,2.2652419929420384
2021-08-18 19:00:00,2.2474810797750906
2021-08-18 20:00:00,2.249261992716558
2021-08-18 21:00:00,2.195663366001798
2021-08-18 22:00:00,2.155296165903758
2021-08-18 23:00:00,2.1425243839117516
2021-08-19 00:00:00,2.1077170950606727
2021-08-19 01:00:00,2.261982023206259
2021-08-19 02:00:00,2.099349523835059
2021-08-19 03:00:00,2.302566735380626
2021-08-19 04:00:00,2.1327630003578033
2021-08-19 05:00:00,2.275086742474871
2021-08-19 06:00:00,2.205051751094027
2021-08-19 07:00:00,2.2879582054088505
2021-08-19 08:00:00,2.501550557673012
2021-08-19 09:00:00,2.0899819184440984
2021-08-19 10:00:00,2.0638059223943785
2021-08-19 11:00:00,2.213673927580912
2021-08-19 12:00:00,2.1206622367577492
2021-08-19 13:00:00,2.2654268379701716
2021-08-19 14:00:00,2.056084656919318
2021-08-19 15:00:00,2.1660664216084276
2021-08-19 16:00:00,2.1017050927974714
2021-08-19 17:00:00,2.1401543732207755
2021-08-19 18:00:00,2.209719591416547
2021-08-19 19:00:00,2.3468566989238044
2021-08-19 20:00:00,2.202197318298661
2021-08-19 21:00:00,2.0597933104085935
2021-08-19 22:00:00,2.2204134786858054
2021-08-19 23:00:00,2.122265430244136
2021-08-20 00:00:00,2.20865625146579
2021-08-20 01:00:00,2.195603312881731
2021-08-20 02:00:00,2.164395024903384
2021-08-20 03:00:00,2.255587601682656
2021-08-20 04:00:00,2.0909053928140624
2021-08-20 05:00:00,1.8837568552698705
2021-08-20 06:00:00,2.0703076956905866
2021-08-20 07:00:00,1.9909128850218392
2021-08-20 08:00:00,2.1916623411939384
2021-08-20 09:00:00,2.021419532839663
2021-08-20 10:00:00,1.953835941577534
2021-08-20 11:00:00,2.103152971387486
2021-08-20 12:00:00,2.0126498273900295
2021-08-20 13:00:00,2.0684256719528933
2021-08-20 14:00:00,2.156587354667094
2021-08-20 15:00:00,2.0054691263539772
2021-08-20 16:00:00,2.177435579586107
2021-08-20 17:00:00,2.1396575955844632
2021-08-20 18:00:00,2.2036177735854072
2021-08-20 19:00:00,1.9700721812383621
2021-08-20 20:00:00,2.267453974819274
2021-08-20 21:00:00,2.122401366961981
2021-08-20 22:00:00,2.0057060013151156
2021-08-20 23:00:00,2.084961282224542
2021-08-21 00:00:00,1.9871239005532748
2021-08-21 01:00:00,1.948825312725515
2021-08-21 02:00:00,2.1890518558273375
2021-08-21 03:00:00,2.231140074274069
2021-08-21 04:00:00,1.9938858603304181
2021-08-21 05:00:00,1.9958487090279866
2021-08-21 06:00:00,2.1180581166874033
2021-08-21 07:00:00,2.317802727412588
2021-08-21 08:00:00,2.093165678537767
2021-08-21 09:00:00,2.0992766350599017
2021-08-21 10:00:00,2.147546573171007
2021-08-21 11:00:00,2.1560802324472723
2021-08-21 12:00:00,2.0232762606654635
2021-08-21 13:00:00,2.058194934451616
2021-08-21 14:00:00,1.9721867279819383
2021-08-21 15:00:00,1.9379639150119512
2021-08-21 16:00:00,1.9291545680613718
2021-08-21 17:00:00,1.994929781903231
2021-08-21 18:00:00,2.1621288120053945
2021-08-21 19:00:00,2.2032899904415078
2021-08-21 20:00:00,2.0176408041791496
2021-08-21 21:00:00,2.0533503600326983
2021-08-21 22:00:00,2.1701502104370416
2021-08-21 23:00:00,1.95292267190645
2021-08-22 00:00:00,2.0940106733235657
2021-08-22 01:00:00,2.031364125031204
2021-08-22 02:00:00,2.223314540941829
2021-08-22 03:00:00,1.9506162665135187
2021-08-22 04:00:00,2.1309245565633717
2021-08-22 05:00:00,2.0292285016446385
2021-08-22 06:00:00,2.1313849304440184
2021-08-22 07:00:00,2.0411912010410975
2021-08-22 08:00:00,2.099239159719213
2021-08-22 09:00:00,2.0072677026661414
2021-08-22 10:00:00,2.061041040416472
2021-08-22 11:00:00,2.0760917623543027
2021-08-22 12:00:00,2.220498949978174
2021-08-22 13:00:00,2.1772010621484448
2021-08-22 14:00:00,2.0142457425135984
2021-08-22 15:00:00,1.950605621476034
2021-08-22 16:00:00,2.1652618582787193
2021-08-22 17:00:00,2.067783780486268
2021-08-22 18:00:00,2.018018718057214
2021-08-22 19:00:00,2.031515995355373
2021-08-22 20:00:00,2.237647242849395
2021-08-22 21:00:00,1.9568714078457414
2021-08-22 22:00:00,1.945374951440173
2021-08-22 23:00:00,2.0232557552295556
2021-08-23 00:00:00,2.268903795976704
2021-08-23 01:00:00,2.055008494815142
2021-08-23 02:00:00,2.216276555909212
2021-08-23 03:00:00,1.9277878339169354
2021-08-23 04:00:00,2.1492405841058284
2021-08-23 05:00:00,2.0145329928677103
2021-08-23 06:00:00,1.9013054561154044
2021-08-23 07:00:00,2.181083600694377
2021-08-23 08:00:00,2.1348437773382862
2021-08-23 09:00:00,2.1523513275190003
2021-08-23 10:00:00,2.1355863556660735
2021-08-23 11:00:00,2.09519682073792
2021-08-23 12:00:00,2.070416288402363
2021-08-23 13:00:00,2.079401276308968
2021-08-23 14:00:00,1.7925251878557136
2021-08-23 15:00:00,1.7291342413808546
2021-08-23 16:00:00,2.09054657237997
2021-08-23 17:00:00,2.054191863581794
2021-08-23 18:00:00,2.1477840230465777
2021-08-23 19:00:00,2.082619032987503
2021-08-23 20:00:00,2.224966334221082
2021-08-23 21:00:00,2.0401492793592357
2021-08-23 22:00:00,2.084327343986092
2021-08-23 23:00:00,1.996893882944105
2021-08-24 00:00:00,2.106678173651594
2021-08-24 01:00:00,1.9683992428637391
2021-08-24 02:00:00,1.8740199670862476
2021-08-24 03:00:00,1.9433582673266976
2021-08-24 04:00:00,2.170619964127489
2021-08-24 05:00:00,2.0298801523179058
2021-08-24 06:00:00,2.2142854762355997
2021-08-24 07:00:00,1.994068715574659
2021-08-24 08:00:00,2.077333400890024
2021-08-24 09:00:00,2.022055330982222
2021-08-24 10:00:00,1.8861648133873048
2021-08-24 11:00:00,1.902824793098317
2021-08-24 12:00:00,1.997404550463273
2021-08-24 13:00:00,2.095903963140838
2021-08-24 14:00:00,2.081375939343832
2021-08-24 15:00:00,1.9562435038215844
2021-08-24 16:00:00,1.925714728506145
2021-08-24 17:00:00,2.2208718047415723
2021-08-24 18:00:00,1.9811393750246127
2021-08-24 19:00:00,2.031621359677292
2021-08-24 20:00:00,1.9023857857064856
2021-08-24 21:00:00,2.0905844238588345
2021-08-24 22:00:00,2.167736152077503
2021-08-24 23:00:00,1.9682746884277231
2021-08-25 00:00:00,2.005696551066381
2021-08-25 01:00:00,2.1762701132666544
2021-08-25 02:00:00,2.0066030612090042
2021-08-25 03:00:00,1.8430477256657876
2021-08-25 04:00:00,1.969747342531735
2021-08-25 05:00:00,2.108475969407926
2021-08-25 06:00:00,2.00703168790629
2021-08-25 07:00:00,2.07804143675026
2021-08-25 08:00:00,1.9631423607267977
2021-08-25 09:00:00,2.105212125370576
2021-08-25 10:00:00,2.1136752802186756
2021-08-25 11:00:00,2.1230784775062275
2021-08-25 12:00:00,1.915758210873907
2021-08-25 13:00:00,2.045515582779259
2021-08-25 14:00:00,2.165127835271349
2021-08-25 15:00:00,1.8977081290759668
2021-08-25 16:00:00,2.0475851105716223
2021-08-25 17:00:00,1.999631020878621
2021-08-25 18:00:00,2.14973299155543
2021-08-25 19:00:00,1.8990956054169381
2021-08-25 20:00:00,1.9111550553887922
2021-08-25 21:00:00,1.9642476171543697
2021-08-25 22:00:00,1.976869679034197
2021-08-25 23:00:00,1.9881698286394278
2021-08-26 00:00:00,2.1183769383780318
2021-08-26 01:00:00,2.1362762009573175
2021-08-26 02:00:00,1.9700134581698499
2021-08-26 03:00:00,2.0995302094842483
2021-08-26 04:00:00,2.0132326348280536
2021-08-26 05:00:00,2.1516839746471796
2021-08-26 06:00:00,2.042356100397328
2021-08-26 07:00:00,2.097702456851036
2021-08-26 08:00:00,2.1074880455572074
2021-08-26 09:00:00,2.072670399409034
2021-08-26 10:00:00,2.256812638615272
2021-08-26 11:00:00,1.9904675721721432
2021-08-26 12:00:00,2.1092157100326485
2021-08-26 13:00:00,2.019741347710122
2021-08-26 14:00:00,2.032743010747725
2021-08-26 15:00:00,2.059400186426329
2021-08-26 16:00:00,1.8807570514149785
2021-08-26 17:00:00,2.268539246050974
2021-08-26 18:00:00,2.275234507128809
2021-08-26 19:00:00,2.1888814737877733
2021-08-26 20:00:00,2.253560505409066
2021-08-26 21:00:00,2.0518741776823863
2021-08-26 22:00:00,2.074064033868906
2021-08-26 23:00:00,2.1714853718872265
2021-08-27 00:00:00,2.0315393319587525
2021-08-27 01:00:00,1.9247607244979983
2021-08-27 02:00:00,2.0633040822763644
2021-08-27 03:00:00,2.2212837393971046
2021-08-27 04:00:00,1.9254052818018912
2021-08-27 05:00:00,1.870183831748343
2021-08-27 06:00:00,1.9759187269026315
2021-08-27 07:00:00,2.0058145649418333
2021-08-27 08:00:00,2.0093037466798203
2021-08-27 09:00:00,1.9511491800254213
2021-08-27 10:00:00,2.107750867481423
2021-08-27 11:00:00,2.136157846452924
2021-08-27 12:00:00,1.9994124443907635
2021-08-27 13:00:00,2.0706821654720793
2021-08-27 14:00:00,2.094670098741437
2021-08-27 15:00:00,2.163334867471478
2021-08-27 16:00:00,2.0409747214188347
2021-08-27 17:00:00,1.9013410002838205
2021-08-27 18:00:00,2.1564051580219497
2021-08-27 19:00:00,1.876244691043564
2021-08-27 20:00:00,1.9415782763546046
2021-08-27 21:00:00,1.9022761438889582
2021-08-27 22:00:00,2.1553640639490887
2021-08-27 23:00:00,1.995175784028753
2021-08-28 00:00:00,2.074846834923186
2021-08-28 01:00:00,1.871003420389977
2021-08-28 02:00:00,2.0479301278955595
2021-08-28 03:00:00,2.0880493142675887
2021-08-28 04:00:00,2.0907135802402177
2021-08-28 05:00:00,1.879993307885011
2021-08-28 06:00:00,2.0208011011587512
2021-08-28 07:00:00,2.1615412227849493
2021-08-28 08:00:00,1.9687152955455154
2021-08-28 09:00:00,1.9138290376409428
2021-08-28 10:00:00,2.0167316606194765
2021-08-28 11:00:00,2.012215549263254
2021-08-28 12:00:00,1.996831800506205
2021-08-28 13:00:00,2.207690369186784
2021-08-28 14:00:00,2.11746067156069
2021-08-28 15:00:00,2.157336603698348
2021-08-28 16:00:00,1.9985257389924391
2021-08-28 17:00:00,2.041679658368027
2021-08-28 18:00:00,2.049957596841246
2021-08-28 19:00:00,2.1894012723686496
2021-08-28 20:00:00,2.155750548308302
2021-08-28 21:00:00,2.0243801947652487
2021-08-28 22:00:00,2.102709085429485
2021-08-28 23:00:00,1.900109291075807
2021-08-29 00:00:00,2.1027225128948976
2021-08-29 01:00:00,2.2895874813257087
2021-08-29 02:00:00,1.9856806505462061
2021-08-29 03:00:00,2.129777536731267
2021-08-29 04:00:00,2.045921005632112
2021-08-29 05:00:00,2.157508381626539
2021-08-29 06:00:00,2.119791042901977
2021-08-29 07:00:00,2.084820141086064
2021-08-29 08:00:00,2.1295907160782686
2021-08-29 09:00:00,2.193067728564675
2021-08-29 10:00:00,2.1873125925909163
2021-08-29 11:00:00,2.157704591644578
2021-08-29 12:00:00,2.0072089955157444
2021-08-29 13:00:00,2.151189359147764
2021-08-29 14:00:00,2.2148140247287897
2021-08-29 15:00:00,2.0406636685076127
2021-08-29 16:00:00,2.049646734888028
2021-08-29 17:00:00,2.043389715688609
2021-08-29 18:00:00,2.1494877415597418
2021-08-29 19:00:00,2.301416884657171
2021-08-29 20:00:00,2.1637545664231808
2021-08-29 21:00:00,2.0536880600953804
2021-08-29 22:00:00,2.0773898419808146
2021-08-29 23:00:00,2.052021186286738
2021-08-30 00:00:00,2.1275754456119613
2021-08-30 01:00:00,2.199509838923384
2021-08-30 02:00:00,2.162404393699567
2021-08-30 03:00:00,2.0164226596988994
2021-08-30 04:00:00,2.0091734665938126
2021-08-30 05:00:00,2.212604855253506
2021-08-30 06:00:00,1.9423888810885985
2021-08-30 07:00:00,2.0688117601954814
2021-08-30 08:00:00,2.0896695792685307
2021-08-30 09:00:00,2.067643497795677
2021-08-30 10:00:00,2.2522236617267897
2021-08-30 11:00:00,2.205185942358543
2021-08-30 12:00:00,2.314205400647069
2021-08-30 13:00:00,2.184478530263581
2021-08-30 14:00:00,2.0115978991052867
2021-08-30 15:00:00,2.00955924147355
2021-08-30 16:00:00,2.146349054270485
2021-08-30 17:00:00,2.0519997215817964
2021-08-30 18:00:00,2.063048033229276
2021-08-30 19:00:00,2.216406491889652
2021-08-30 20:00:00,2.0718295100365665
2021-08-30 21:00:00,2.0883385905721923
2021-08-30 22:00:00,2.235193550458472
2021-08-30 23:00:00,2.111443554300295
2021-08-31 00:00:00,1.9802444808381257
2021-08-31 01:00:00,2.1285159112710095
2021-08-31 02:00:00,2.260996927416781
2021-08-31 03:00:00,2.1687096320313257
2021-08-31 04:00:00,2.1951349952147465
2021-08-31 05:00:00,2.159544754944197
2021-08-31 06:00:00,2.2202581158593016
2021-08-31 07:00:00,2.008115043746521
2021-08-31 08:00:00,2.1740424856495313
2021-08-31 09:00:00,2.1444518841853797
2021-08-31 10:00:00,2.0327206675726766
2021-08-31 11:00:00,2.05111594827005
2021-08-31 12:00:00,1.9553462045793766
2021-08-31 13:00:00,2.1178307570412014
2021-08-31 14:00:00,2.2370951772528893
2021-08-31 15:00:00,2.1846343129103087
2021-08-31 16:00:00,2.189278507802998
2021-08-31 17:00:00,2.140986114471621
2021-08-31 18:00:00,1.9500028097571172
2021-08-31 19:00:00,2.232741738056326
2021-08-31 20:00:00,2.192009965774328
2021-08-31 21:00:00,2.035556292097792
2021-08-31 22:00:00,2.0164415347116273
2021-08-31 23:00:00,2.1193465107475093
2021-09-01 00:00:00,2.2647408884613385
2021-09-01 01:00:00,2.1194308178948047
2021-09-01 02:00:00,2.100953594242318
2021-09-01 03:00:00,2.1888797997879688
2021-09-01 04:00:00,2.112026511590927
2021-09-01 05:00:00,2.1580564044214063
2021-09-01 06:00:00,2.0314302293255206
2021-09-01 07:00:00,2.0800138440782567
2021-09-01 08:00:00,2.1014066675145053
2021-09-01 09:00:00,2.000111664904376
2021-09-01 10:00:00,2.27802694081713
2021-09-01 11:00:00,2.1113326996018156
2021-09-01 12:00:00,2.1923435263877766
2021-09-01 13:00:00,2.036900714369896
2021-09-01 14:00:00,2.144910270979659
2021-09-01 15:00:00,2.1806231403707157
2021-09-01 16:00:00,2.1551734538872456
2021-09-01 17:00:00,2.0653960030382197
2021-09-01 18:00:00,2.0273058933493076
2021-09-01 19:00:00,2.2420015952650916
2021-09-01 20:00:00,2.0786326418812875
2021-09-01 21:00:00,2.099271432374801
2021-09-01 22:00:00,2.1004168510519343
2021-09-01 23:00:00,1.9910701374099165
2021-09-02 00:00:00,1.979041140870292
2021-09-02 01:00:00,1.9687209672889983
2021-09-02 02:00:00,2.0980161195657683
2021-09-02 03:00:00,2.215741370207625
2021-09-02 04:00:00,2.1478004888995064
2021-09-02 05:00:00,2.089008987733154
2021-09-02 06:00:00,2.2049841701914277
2021-09-02 07:00:00,1.9635528898458074
2021-09-02 08:00:00,1.9344689568735205
2021-09-02 09:00:00,1.8962119165005737
2021-09-02 10:00:00,2.2177825223406713
2021-09-02 11:00:00,2.0796661909548257
2021-09-02 12:00:00,2.1106167057687775
2021-09-02 13:00:00,1.9762763485674932
2021-09-02 14:00:00,2.0782642985686754
2021-09-02 15:00:00,2.0921509952880784
2021-09-02 16:00:00,2.060178482975761
2021-09-02 17:00:00,2.2878823282643106
2021-09-02 18:00:00,2.151069188426008
2021-09-02 19:00:00,2.2140824061176385
2021-09-02 20:00:00,1.9989497597096038
2021-09-02 21:00:00,2.020632951251414
2021-09-02 22:00:00,2.092560096733633
2021-09-02 23:00:00,2.0642392981767737
2021-09-03 00:00:00,2.1241428775966074
2021-09-03 01:00:00,1.83263489720133
2021-09-03 02:00:00,2.0411185003542203
2021-09-03 03:00:00,2.055081820172255
2021-09-03 04:00:00,2.277900714506395
2021-09-03 05:00:00,2.0702625514519513
2021-09-03 06:00:00,1.9849122287232124
2021-09-03 07:00:00,2.0562790847478998
2021-09-03 08:00:00,2.3930245305143307
2021-09-03 09:00:00,2.097131863961352
2021-09-03 10:00:00,2.030993079724622
2021-09-03 11:00:00,1.959756170197981
2021-09-03 12:00:00,2.102244506109815
2021-09-03 13:00:00,2.168701044207299
2021-09-03 14:00:00,2.1437136889754997
2021-09-03 15:00:00,2.061964049668515
2021-09-03 16:00:00,2.044087543888378
2021-09-03 17:00:00,2.025732002091592
2021-09-03 18:00:00,2.083319299337601
2021-09-03 19:00:00,2.101460899586009
2021-09-03 20:00:00,2.145335656888152
2021-09-03 21:00:00,2.0583577882704014
2021-09-03 22:00:00,2.2052598171787734
2021-09-03 23:00:00,1.9650756882429723
2021-09-04 00:00:00,2.0842965571917205
2021-09-04 01:00:00,2.073884761953928
2021-09-04 02:00:00,2.1943526243117373
2021-09-04 03:00:00,2.2244605887477995
2021-09-04 04:00:00,2.1108746742419013
2021-09-04 05:00:00,2.1314588269307024
2021-09-04 06:00:00,2.0133610588798065
2021-09-04 07:00:00,2.1139942600314687
2021-09-04 08:00:00,2.299604925359871
2021-09-04 09:00:00,2.004738170031004
2021-09-04 10:00:00,2.045039295891724
2021-09-04 11:00:00,2.1749001308943736
2021-09-04 12:00:00,2.059512462766249
2021-09-04 13:00:00,2.2546673982464887
2021-09-04 14:00:00,2.068286718877741
2021-09-04 15:00:00,1.9972137384594169
2021-09-04 16:00:00,1.9726413435710308
2021-09-04 17:00:00,2.0612417291280285
2021-09-04 18:00:00,2.0034356172542247
2021-09-04 19:00:00,1.9952158482888906
2021-09-04 20:00:00,2.0830554813323086
2021-09-04 21:00:00,2.2064125231317386
2021-09-04 22:00:00,2.175743498745826
2021-09-04 23:00:00,2.1423986245227815
2021-09-05 00:00:00,2.2855932905915335
2021-09-05 01:00:00,2.293623483398284
2021-09-05 02:00:00,2.3084959895947588
2021-09-05 03:00:00,2.2526251930588725
2021-09-05 04:00:00,2.0594041790610373
2021-09-05 05:00:00,2.294220730552072
2021-09-05 06:00:00,2.2306153861128872
2021-09-05 07:00:00,2.193570490634662
2021-09-05 08:00:00,2.203492853530207
2021-09-05 09:00:00,2.200715744683387
2021-09-05 10:00:00,2.2256376703108236
2021-09-05 11:00:00,2.142863526597142
2021-09-05 12:00:00,2.087957143123838
2021-09-05 13:00:00,2.195544806028632
2021-09-05 14:00:00,2.2004584822501916
2021-09-05 15:00:00,2.244799266013776
2021-09-05 16:00:00,2.2334709033467472
2021-09-05 17:00:00,2.200079940527164
2021-09-05 18:00:00,2.014002766042726
2021-09-05 19:00:00,2.346068779926563
2021-09-05 20:00:00,2.1551018946328138
2021-09-05 21:00:00,2.105238515657052
2021-09-05 22:00:00,2.3428416116319553
2021-09-05 23:00:00,2.1399408721343187
2021-09-06 00:00:00,2.216869347052539
2021-09-06 01:00:00,2.393904299226151
2021-09-06 02:00:00,2.309859382956921
2021-09-06 03:00:00,1.9145080058880393
2021-09-06 04:00:00,2.2866724981960003
2021-09-06 05:00:00,2.2834269921829495
2021-09-06 06:00:00,1.992951593590122
2021-09-06 07:00:00,2.297507320878249
2021-09-06 08:00:00,2.185923448045796
2021-09-06 09:00:00,2.275780025177276
2021-09-06 10:00:00,2.1984838700058713
2021-09-06 11:00:00,2.1457986131007494
2021-09-06 12:00:00,2.239973685535286
2021-09-06 13:00:00,2.3134498263177092
2021-09-06 14:00:00,2.0553016698449733
2021-09-06 15:00:00,2.2333352893891574
2021-09-06 16:00:00,2.182494497850968
2021-09-06 17:00:00,2.233427876545778
2021-09-06 18:00:00,2.018343089684463
2021-09-06 19:00:00,2.2429087625817843
2021-09-06 20:00:00,2.0702568649546618
2021-09-06 21:00:00,2.0301306014549336
2021-09-06 22:00:00,2.1331325490842645
2021-09-06 23:00:00,2.03301157814924
2021-09-07 00:00:00,2.2797501596437044
2021-09-07 01:00:00,2.225464929317061
2021-09-07 02:00:00,2.0762370290921663
2021-09-07 03:00:00,2.0669978784608896
2021-09-07 04:00:00,2.105105210350564
2021-09-07 05:00:00,2.095263898377691
2021-09-07 06:00:00,2.152217695182356
2021-09-07 07:00:00,2.1873601074531894
2021-09-07 08:00:00,2.011544716539008
2021-09-07 09:00:00,2.17292783721221
2021-09-07 10:00:00,2.1003130105186227
2021-09-07 11:00:00,2.0228154736983726
2021-09-07 12:00:00,2.034622204424937
2021-09-07 13:00:00,2.16037725961613
2021-09-07 14:00:00,2.094794567606082
2021-09-07 15:00:00,2.079655092289
2021-09-07 16:00:00,2.115795891112486
2021-09-07 17:00:00,2.0477866543688585
2021-09-07 18:00:00,2.100298815164181
2021-09-07 19:00:00,2.0623952325114288
2021-09-07 20:00:00,2.1570834913578385
2021-09-07 21:00:00,2.0362808331969733
2021-09-07 22:00:00,2.0761298762743055
2021-09-07 23:00:00,2.0271421590485597
2021-09-08 00:00:00,2.166030156121633
2021-09-08 01:00:00,2.270140621331526
2021-09-08 02:00:00,2.256146006716914
2021-09-08 03:00:00,1.9840821017745798
2021-09-08 04:00:00,2.128997969496481
2021-09-08 05:00:00,2.122079764329611
2021-09-08 06:00:00,2.2243086823192573
2021-09-08 07:00:00,2.1335479411857086
2021-09-08 08:00:00,2.1767677060143398
2021-09-08 09:00:00,1.8449687345453265
2021-09-08 10:00:00,2.1741101860523533
2021-09-08 11:00:00,2.094526391409966
2021-09-08 12:00:00,2.1017649293945655
2021-09-08 13:00:00,2.1409029443572116
2021-09-08 14:00:00,2.0622466296996276
2021-09-08 15:00:00,2.0441165755152997
2021-09-08 16:00:00,2.0652657265577545
2021-09-08 17:00:00,2.138766196095181
2021-09-08 18:00:00,2.038432443492105
2021-09-08 19:00:00,2.257777948808408
2021-09-08 20:00:00,2.1291606707018667
2021-09-08 21:00:00,2.2020606363140818
2021-09-08 22:00:00,2.219482745425146
2021-09-08 23:00:00,2.1318061621128974
2021-09-09 00:00:00,1.9850600162047223
2021-09-09 01:00:00,2.0062565215643904
2021-09-09 02:00:00,2.274266337189064
2021-09-09 03:00:00,2.187799126982
2021-09-09 04:00:00,1.9493570728289986
2021-09-09 05:00:00,2.081598480907876
2021-09-09 06:00:00,1.9695856609476705
2021-09-09 07:00:00,1.9907630804382719
2021-09-09 08:00:00,2.137313849162556
2021-09-09 09:00:00,2.19105417836719
2021-09-09 10:00:00,2.270334082234007
2021-09-09 11:00:00,2.088382488723228
2021-09-09 12:00:00,2.163078470074418
2021-09-09 13:00:00,2.2458196042174268
2021-09-09 14:00:00,2.3178178696158995
2021-09-09 15:00:00,2.2457764643950298
2021-09-09 16:00:00,2.1593013436068844
2021-09-09 17:00:00,2.086465820073658
2021-09-09 18:00:00,2.15970582484304
2021-09-09 19:00:00,2.176408487094384
2021-09-09 20:00:00,1.987953018872585
2021-09-09 21:00:00,2.179247315034765
2021-09-09 22:00:00,2.008835946873291
2021-09-09 23:00:00,2.079106129538971
2021-09-10 00:00:00,2.0923927307902583
2021-09-10 01:00:00,2.1915896286074172
2021-09-10 02:00:00,2.089277272987987
2021-09-10 03:00:00,2.2621967089153037
2021-09-10 04:00:00,2.0477202942545456
2021-09-10 05:00:00,1.9524203378379281
2021-09-10 06:00:00,2.058757495486244
2021-09-10 07:00:00,2.087857067052864
2021-09-10 08:00:00,2.099420506658992
2021-09-10 09:00:00,2.1153506746077575
2021-09-10 10:00:00,2.1390568204261995
2021-09-10 11:00:00,2.0416683567428815
2021-09-10 12:00:00,2.2896065733463837
2021-09-10 13:00:00,2.098230258013969
2021-09-10 14:00:00,2.0989684240983135
2021-09-10 15:00:00,2.0442170899224004
2021-09-10 16:00:00,2.285338707940901
2021-09-10 17:00:00,1.9861528063459568
2021-09-10 18:00:00,2.041852508260988
2021-09-10 19:00:00,1.9050623898249623
2021-09-10 20:00:00,1.9869658177233196
2021-09-10 21:00:00,2.109472007569919
2021-09-10 22:00:00,2.1964961513601815
2021-09-10 23:00:00,1.9067160989598928
2021-09-11 00:00:00,2.19746155365994
2021-09-11 01:00:00,2.118730727712929
2021-09-11 02:00:00,2.0592420244585834
2021-09-11 03:00:00,1.9428400571829305
2021-09-11 04:00:00,2.02075011877317
2021-09-11 05:00:00,1.9474620489256587
2021-09-11 06:00:00,1.9411743954893048
2021-09-11 07:00:00,2.0173737401500715
2021-09-11 08:00:00,2.2344581301942115
2021-09-11 09:00:00,2.146411626412303
2021-09-11 10:00:00,1.9459845228137422
2021-09-11 11:00:00,2.1416557461206773
2021-09-11 12:00:00,2.0684350870936097
2021-09-11 13:00:00,2.164715942538025
2021-09-11 14:00:00,2.014688265386777
2021-09-11 15:00:00,2.003858209040059
2021-09-11 16:00:00,1.972486106227445
2021-09-11 17:00:00,1.993196344009656
2021-09-11 18:00:00,2.0832901944723803
2021-09-11 19:00:00,2.2009089945206846
2021-09-11 20:00:00,2.132442473315688
2021-09-11 21:00:00,1.9123446156533814
2021-09-11 22:00:00,1.9908301507335973
2021-09-11 23:00:00,2.0147838209353686
2021-09-12 00:00:00,2.093568091692734
2021-09-12 01:00:00,2.0627723611798343
2021-09-12 02:00:00,1.9351718633724881
2021-09-12 03:00:00,2.149292962635848
2021-09-12 04:00:00,2.086147852371878
2021-09-12 05:00:00,1.945569228238268
2021-09-12 06:00:00,2.1586234454809627
2021-09-12 07:00:00,2.110357334273686
2021-09-12 08:00:00,2.0695784728347313
2021-09-12 09:00:00,2.060188355722494
2021-09-12 10:00:00,2.0069207305475643
2021-09-12 11:00:00,2.0585341171065474
2021-09-12 12:00:00,2.0203694491554898
2021-09-12 13:00:00,2.0830339639259456
2021-09-12 14:00:00,2.075575572466864
2021-09-12 15:00:00,2.186830162909841
2021-09-12 16:00:00,2.1453367662723757
2021-09-12 17:00:00,2.2123014123892184
2021-09-12 18:00:00,2.064209729602852
2021-09-12 19:00:00,2.229060287758885
2021-09-12 20:00:00,2.1835039847640205
2021-09-12 21:00:00,2.1449864831235814
2021-09-12 22:00:00,2.15630035053837
2021-09-12 23:00:00,2.16307031470639
2021-09-13 00:00:00,2.145455113066386
2021-09-13 01:00:00,2.2254073200980087
2021-09-13 02:00:00,2.0774796595932634
2021-09-13 03:00:00,2.124931398816561
2021-09-13 04:00:00,2.264674941856775
2021-09-13 05:00:00,2.188250763887274
2021-09-13 06:00:00,2.140864913198092
2021-09-13 07:00:00,2.03902420819131
2021-09-13 08:00:00,2.0475923265055638
2021-09-13 09:00:00,2.178553670994014
2021-09-13 10:00:00,2.1355301150197237
2021-09-13 11:00:00,2.170196898523435
2021-09-13 12:00:00,2.178147442455581
2021-09-13 13:00:00,2.2287509154835874
2021-09-13 14:00:00,2.2029335892519204
2021-09-13 15:00:00,2.2737263438860476
2021-09-13 16:00:00,2.2147105483909306
2021-09-13 17:00:00,2.157102926014152
2021-09-13 18:00:00,2.0348619602899345
2021-09-13 19:00:00,1.9986177405729297
2021-09-13 20:00:00,2.307092748186645
2021-09-13 21:00:00,1.950037503997419
2021-09-13 22:00:00,2.249652828038952
2021-09-13 23:00:00,2.118554939430168
2021-09-14 00:00:00,2.0032449309778166
2021-09-14 01:00:00,2.199838845073827
2021-09-14 02:00:00,2.100648406403336
2021-09-14 03:00:00,1.9551938428514306
2021-09-14 04:00:00,1.902502829371803
2021-09-14 05:00:00,1.9763675317151392
2021-09-14 06:00:00,2.1373153480126303
2021-09-14 07:00:00,2.0325165165821097
2021-09-14 08:00:00,2.033764158551565
2021-09-14 09:00:00,2.2783246042047045
2021-09-14 10:00:00,2.050099879187921
2021-09-14 11:00:00,2.1195390400575826
2021-09-14 12:00:00,2.109822749306012
2021-09-14 13:00:00,2.109849889396058
2021-09-14 14:00:00,2.05970487508038
2021-09-14 15:00:00,2.164929563987921
2021-09-14 16:00:00,2.1004278798307987
2021-09-14 17:00:00,2.0515799324784094
2021-09-14 18:00:00,2.201901745366767
2021-09-14 19:00:00,2.1871909752522183
2021-09-14 20:00:00,2.0483789032164355
2021-09-14 21:00:00,2.136588617915239
2021-09-14 22:00:00,2.0968096671980665
2021-09-14 23:00:00,2.1220285542984048
2021-09-15 00:00:00,2.0949971409446073
2021-09-15 01:00:00,2.07876203415539
2021-09-15 02:00:00,2.2525348259161913
2021-09-15 03:00:00,2.1044724753275923
2021-09-15 04:00:00,2.0731199834930107
2021-09-15 05:00:00,2.1623117434133348
2021-09-15 06:00:00,2.1789281308530617
2021-09-15 07:00:00,2.108985341417872
2021-09-15 08:00:00,1.9857871412330825
2021-09-15 09:00:00,2.1221967268999973
2021-09-15 10:00:00,2.127336770316758
2021-09-15 11:00:00,2.0278076209826357
2021-09-15 12:00:00,2.0429504275873396
2021-09-15 13:00:00,2.1455277340547414
2021-09-15 14:00:00,1.999923856270255
2021-09-15 15:00:00,2.398909315092843
2021-09-15 16:00:00,1.9575344184631627
2021-09-15 17:00:00,2.143279782142126
2021-09-15 18:00:00,2.120617778090963
2021-09-15 19:00:00,1.9864366825174733
2021-09-15 20:00:00,2.1979574282256973
2021-09-15 21:00:00,2.1356300862453472
2021-09-15 22:00:00,1.9990900502525202
2021-09-15 23:00:00,2.2609976030736503
2021-09-16 00:00:00,2.2516234837563385
2021-09-16 01:00:00,2.187293946337567
2021-09-16 02:00:00,2.2333853796453695
2021-09-16 03:00:00,2.0358801184451356
2021-09-16 04:00:00,2.130555669966885
2021-09-16 05:00:00,2.1019207516418557
2021-09-16 06:00:00,2.1196298115910865
2021-09-16 07:00:00,2.2386845814587555
2021-09-16 08:00:00,1.9418788935597002
2021-09-16 09:00:00,2.2344913659783328
2021-09-16 10:00:00,2.2580993370912594
2021-09-16 11:00:00,2.27324531368164
2021-09-16 12:00:00,2.1611912140712835
2021-09-16 13:00:00,2.1693504251233455
2021-09-16 14:00:00,2.208442782113501
2021-09-16 15:00:00,2.2863555115133125
2021-09-16 16:00:00,2.270858454219055
2021-09-16 17:00:00,2.1641596513276022
2021-09-16 18:00:00,2.1938354532299935
2021-09-16 19:00:00,2.2867091501085137
2021-09-16 20:00:00,2.20775027848744
2021-09-16 21:00:00,2.1889303743828514
2021-09-16 22:00:00,2.1789809511454266
2021-09-16 23:00:00,2.0379408446551595
2021-09-17 00:00:00,2.2363154182257894
2021-09-17 01:00:00,2.176485270888535
2021-09-17 02:00:00,2.1744314793516235
2021-09-17 03:00:00,2.2593464755577957
2021-09-17 04:00:00,2.110151459773853
2021-09-17 05:00:00,1.9726111119219907
2021-09-17 06:00:00,2.1459575752896156
2021-09-17 07:00:00,2.02715979382046
2021-09-17 08:00:00,2.1931660935944373
2021-09-17 09:00:00,2.081145032707556
2021-09-17 10:00:00,2.304669557948137
2021-09-17 11:00:00,2.0066927265952774
2021-09-17 12:00:00,2.0884359879316716
2021-09-17 13:00:00,1.997522114635417
2021-09-17 14:00:00,2.2396582792184407
2021-09-17 15:00:00,2.0014724836486604
2021-09-17 16:00:00,2.234289459590351
2021-09-17 17:00:00,2.162773110580712
2021-09-17 18:00:00,2.1802658166785434
2021-09-17 19:00:00,2.0165171451498107
2021-09-17 20:00:00,2.2205553307540775
2021-09-17 21:00:00,2.0935552823477535
2021-09-17 22:00:00,2.2800695785152914
2021-09-17 23:00:00,2.0860743662698793
2021-09-18 00:00:00,2.3006622906111733
2021-09-18 01:00:00,2.273060199452503
2021-09-18 02:00:00,2.41320854178064
2021-09-18 03:00:00,2.1879100904462683
2021-09-18 04:00:00,2.267119652019786
2021-09-18 05:00:00,2.272085163958881
2021-09-18 06:00:00,2.1259876607055177
2021-09-18 07:00:00,2.264194063943711
2021-09-18 08:00:00,2.133752927165303
2021-09-18 09:00:00,2.2567130180949015
2021-09-18 10:00:00,2.190356392205709
2021-09-18 11:00:00,2.0308272929851734
2021-09-18 12:00:00,1.974547248389639
2021-09-18 13:00:00,2.0607371479973415
2021-09-18 14:00:00,2.2748602672858516
2021-09-18 15:00:00,2.295033638539136
2021-09-18 16:00:00,2.2113245398806645
2021-09-18 17:00:00,2.1575085138649936
2021-09-18 18:00:00,2.046084242173421
2021-09-18 19:00:00,2.0057456891633767
2021-09-18 20:00:00,2.200313234431602
2021-09-18 21:00:00,2.13333885342897
2021-09-18 22:00:00,2.0357287791903658
2021-09-18 23:00:00,2.2299580317167136
2021-09-19 00:00:00,2.122684135394064
2021-09-19 01:00:00,2.068761909188062
2021-09-19 02:00:00,2.1014549967489193
2021-09-19 03:00:00,2.0515088967553465
2021-09-19 04:00:00,2.14590403876705
2021-09-19 05:00:00,2.172871434771879
2021-09-19 06:00:00,2.0946435682573066
2021-09-19 07:00:00,2.101705836824764
2021-09-19 08:00:00,2.0698590865946933
2021-09-19 09:00:00,2.0591170796184395
2021-09-19 10:00:00,2.1982648079908276
2021-09-19 11:00:00,2.2907680990331936
2021-09-19 12:00:00,2.0822880421949526
2021-09-19 13:00:00,1.9209512087936182
2021-09-19 14:00:00,2.097506573901552
2021-09-19 15:00:00,1.9994430127827658
2021-09-19 16:00:00,1.9592646702419043
2021-09-19 17:00:00,2.02094183749708
2021-09-19 18:00:00,1.9547019577853744
2021-09-19 19:00:00,2.163687761712517
2021-09-19 20:00:00,1.9041115935832296
2021-09-19 21:00:00,1.9882222825020124
2021-09-19 22:00:00,1.68934672142878
2021-09-19 23:00:00,2.018505415763779
2021-09-20 00:00:00,2.0964648544555033
2021-09-20 01:00:00,2.1324321339405357
2021-09-20 02:00:00,1.9694892983091676
2021-09-20 03:00:00,2.069140961605157
2021-09-20 04:00:00,1.93019644341247
2021-09-20 05:00:00,1.9061744529847442
2021-09-20 06:00:00,1.9911547160338856
2021-09-20 07:00:00,2.000122087282666
2021-09-20 08:00:00,2.045206122663158
2021-09-20 09:00:00,2.0305106087371967
2021-09-20 10:00:00,2.061700980483012
2021-09-20 11:00:00,2.011341273308404
2021-09-20 12:00:00,1.954250089972755
2021-09-20 13:00:00,2.03489971471486
2021-09-20 14:00:00,2.0076264148089535
2021-09-20 15:00:00,1.9829935799122165
2021-09-20 16:00:00,2.1192289150847925
2021-09-20 17:00:00,2.133363746137633
2021-09-20 18:00:00,2.154372080371543
2021-09-20 19:00:00,1.9728325913908469
2021-09-20 20:00:00,2.0196890120822877
2021-09-20 21:00:00,2.1100543443957336
2021-09-20 22:00:00,2.080887876542491
2021-09-20 23:00:00,2.005956947418402
2021-09-21 00:00:00,2.210596309135122
2021-09-21 01:00:00,2.1580323206798337
2021-09-21 02:00:00,1.923829342929614
2021-09-21 03:00:00,2.126680294530062
2021-09-21 04:00:00,1.9965237171794534
2021-09-21 05:00:00,2.10429750702218
2021-09-21 06:00:00,2.0874923407648263
2021-09-21 07:00:00,2.116490651829947
2021-09-21 08:00:00,2.235160872414421
2021-09-21 09:00:00,2.0989699860250806
2021-09-21 10:00:00,1.8665071185945992
2021-09-21 11:00:00,2.1548670271984287
2021-09-21 12:00:00,2.155366124952657
2021-09-21 13:00:00,2.1683361869064126
2021-09-21 14:00:00,2.108491697089418
2021-09-21 15:00:00,2.2491732247041947
2021-09-21 16:00:00,2.1909243368840037
2021-09-21 17:00:00,2.3654334870741227
2021-09-21 18:00:00,2.2452060102224363
2021-09-21 19:00:00,2.2024681127012316
2021-09-21 20:00:00,2.178848817155814
2021-09-21 21:00:00,2.091613413029473
2021-09-21 22:00:00,2.216055083169952
2021-09-21 23:00:00,2.3719829167442112
2021-09-22 00:00:00,2.2494991254516723
2021-09-22 01:00:00,2.1376572763585036
2021-09-22 02:00:00,2.1082286871615152
2021-09-22 03:00:00,2.2777608253752755
2021-09-22 04:00:00,2.474687795600866
2021-09-22 05:00:00,2.367940758252555
2021-09-22 06:00:00,2.3002595850524203
2021-09-22 07:00:00,2.145966080134715
2021-09-22 08:00:00,2.1666925672554447
2021-09-22 09:00:00,2.2261987609035887
2021-09-22 10:00:00,2.100869701940182
2021-09-22 11:00:00,2.289055166887577
2021-09-22 12:00:00,2.1165053718408555
2021-09-22 13:00:00,2.2798213793667688
2021-09-22 14:00:00,2.2291878161218373
2021-09-22 15:00:00,1.8594227169517168
2021-09-22 16:00:00,2.2604897640328026
2021-09-22 17:00:00,2.0938435576432797
2021-09-22 18:00:00,2.2195850159118002
2021-09-22 19:00:00,2.0925190177569424
2021-09-22 20:00:00,2.139885991359223
2021-09-22 21:00:00,2.231923518888729
2021-09-22 22:00:00,2.2856157096450036
2021-09-22 23:00:00,2.225174106496102
2021-09-23 00:00:00,2.0212211899129437
2021-09-23 01:00:00,2.076040895896074
2021-09-23 02:00:00,2.154055657132687
2021-09-23 03:00:00,2.0972282941317384
2021-09-23 04:00:00,2.1283868121572875
2021-09-23 05:00:00,2.030741745791032
2021-09-23 06:00:00,2.185763369876606
2021-09-23 07:00:00,2.243471728710854
2021-09-23 08:00:00,2.012905600332924
2021-09-23 09:00:00,2.12672183968193
2021-09-23 10:00:00,2.001475733045304
2021-09-23 11:00:00,2.113313971838468
2021-09-23 12:00:00,2.0460966468031367
2021-09-23 13:00:00,1.9993800917981885
2021-09-23 14:00:00,2.2980092600374253
2021-09-23 15:00:00,2.0464490020649464
2021-09-23 16:00:00,2.1422062282121126
2021-09-23 17:00:00,1.876072144756468
2021-09-23 18:00:00,2.1646075966745832
2021-09-23 19:00:00,2.144951356943773
2021-09-23 20:00:00,2.343827891638214
2021-09-23 21:00:00,2.183117230697677
2021-09-23 22:00:00,2.033250768987937
2021-09-23 23:00:00,1.9643112723379532
2021-09-24 00:00:00,2.16565240732287
2021-09-24 01:00:00,2.223614796256234
2021-09-24 02:00:00,1.9948971494502994
2021-09-24 03:00:00,2.18439318883757
2021-09-24 04:00:00,2.0893919558751737
2021-09-24 05:00:00,2.063804377835077
2021-09-24 06:00:00,2.024864546806987
2021-09-24 07:00:00,1.8774292231380212
2021-09-24 08:00:00,2.0014745411585277
2021-09-24 09:00:00,2.0542622275385023
2021-09-24 10:00:00,2.205075777130951
2021-09-24 11:00:00,1.9405346989756127
2021-09-24 12:00:00,2.214186667598483
2021-09-24 13:00:00,2.0948330254492786
2021-09-24 14:00:00,2.122568653492652
2021-09-24 15:00:00,1.9930130184568102
2021-09-24 16:00:00,2.0482505594189657
2021-09-24 17:00:00,2.0598133321918772
2021-09-24 18:00:00,2.0608174222496096
2021-09-24 19:00:00,1.8714335349326636
2021-09-24 20:00:00,1.9602815492721368
2021-09-24 21:00:00,2.200276667035042
2021-09-24 22:00:00,2.0104559359088707
2021-09-24 23:00:00,2.025611634030724
2021-09-25 00:00:00,2.0476936159334316
2021-09-25 01:00:00,2.085575747770533
2021-09-25 02:00:00,1.9426157048029067
2021-09-25 03:00:00,2.05272671681507
2021-09-25 04:00:00,2.1656930680467092
2021-09-25 05:00:00,2.0574888828632902
2021-09-25 06:00:00,2.1167493500874497
2021-09-25 07:00:00,1.9285765968461919
2021-09-25 08:00:00,2.078974685879168
2021-09-25 09:00:00,2.1466702979301777
2021-09-25 10:00:00,2.0292158458119243
2021-09-25 11:00:00,1.9982276692467644
2021-09-25 12:00:00,2.15574393014543
2021-09-25 13:00:00,2.045489915940041
2021-09-25 14:00:00,2.049519899175805
2021-09-25 15:00:00,2.242874800542576
2021-09-25 16:00:00,2.2461382864124704
2021-09-25 17:00:00,2.1100722522901596
2021-09-25 18:00:00,1.9975683037240328
2021-09-25 19:00:00,2.0709332807054395
2021-09-25 20:00:00,2.0213965878224567
2021-09-25 21:00:00,2.0224573012031932
2021-09-25 22:00:00,1.9719540171276677
2021-09-25 23:00:00,2.0218365538473235
2021-09-26 00:00:00,2.2054382630379337
2021-09-26 01:00:00,2.157669099530175
2021-09-26 02:00:00,2.097886646813429
2021-09-26 03:00:00,1.9641655047796334
2021-09-26 04:00:00,1.959212134833047
2021-09-26 05:00:00,2.186836803087351
2021-09-26 06:00:00,2.1843595735557075
2021-09-26 07:00:00,1.9501483694417523
2021-09-26 08:00:00,2.010720360223563
2021-09-26 09:00:00,1.8641972589622346
2021-09-26 10:00:00,1.929174433716837
2021-09-26 11:00:00,2.0794824269008996
2021-09-26 12:00:00,2.1507766357704674
2021-09-26 13:00:00,2.0282300538591844
2021-09-26 14:00:00,1.9575386548818694
2021-09-26 15:00:00,2.0602285025958667
2021-09-26 16:00:00,1.8898897312323193
2021-09-26 17:00:00,1.984624388374247
2021-09-26 18:00:00,1.9531943864223726
2021-09-26 19:00:00,1.9987732006100225
2021-09-26 20:00:00,2.2246243748481813
2021-09-26 21:00:00,1.94583997009644
2021-09-26 22:00:00,2.053093168589745
2021-09-26 23:00:00,2.0372042265523045
2021-09-27 00:00:00,2.1557261353072237
2021-09-27 01:00:00,2.023590878578164
2021-09-27 02:00:00,1.8869009867159083
2021-09-27 03:00:00,2.0885474912023367
2021-09-27 04:00:00,2.060852910899509
2021-09-27 05:00:00,2.263232532393285
2021-09-27 06:00:00,2.1766967092059284
2021-09-27 07:00:00,2.225828655438699
2021-09-27 08:00:00,2.122850938862291
2021-09-27 09:00:00,2.0819601481809733
2021-09-27 10:00:00,2.3458535198507384
2021-09-27 11:00:00,2.269664769456731
2021-09-27 12:00:00,2.2820534187767807
2021-09-27 13:00:00,2.321511602287571
2021-09-27 14:00:00,2.2450535672604266
2021-09-27 15:00:00,2.184338243041194
2021-09-27 16:00:00,2.196730339931019
2021-09-27 17:00:00,2.090758641180154
2021-09-27 18:00:00,2.1880990605216013
2021-09-27 19:00:00,2.1086894282234234
2021-09-27 20:00:00,2.200823550968736
2021-09-27 21:00:00,2.23468264643707
2021-09-27 22:00:00,2.2337282557719558
2021-09-27 23:00:00,2.2208582736315297
2021-09-28 00:00:00,2.1774109334137184
2021-09-28 01:00:00,2.2015527002387274
2021-09-28 02:00:00,2.14874154748711
2021-09-28 03:00:00,2.211021944586916
2021-09-28 04:00:00,2.1693609705327503
2021-09-28 05:00:00,2.244237137215692
2021-09-28 06:00:00,2.162855690367254
2021-09-28 07:00:00,2.281884871172317
2021-09-28 08:00:00,2.3462884544554132
2021-09-28 09:00:00,2.0553602952878043
2021-09-28 10:00:00,2.1396312811802662
2021-09-28 11:00:00,2.260054053208622
2021-09-28 12:00:00,2.097313247289758
2021-09-28 13:00:00,2.193568635400382
2021-09-28 14:00:00,2.2750213453534727
2021-09-28 15:00:00,2.4212509237128086
2021-09-28 16:00:00,2.3229626467546844
2021-09-28 17:00:00,2.0917430163014745
2021-09-28 18:00:00,2.1097753917148725
2021-09-28 19:00:00,2.1935976125531322
2021-09-28 20:00:00,2.1715954571577587
2021-09-28 21:00:00,2.3901226793907595
2021-09-28 22:00:00,2.1489624894788957
2021-09-28 23:00:00,2.1974225685230815
2021-09-29 00:00:00,2.0790338138753217
2021-09-29 01:00:00,2.324783262022441
2021-09-29 02:00:00,2.0759229685234413
2021-09-29 03:00:00,2.064503717729294
2021-09-29 04:00:00,2.0412724472230908
2021-09-29 05:00:00,2.1747484602640026
2021-09-29 06:00:00,2.0342063061453617
2021-09-29 07:00:00,2.0759870629033306
2021-09-29 08:00:00,2.1828572135357334
2021-09-29 09:00:00,2.1634596170141744
2021-09-29 10:00:00,2.0068444676785395
2021-09-29 11:00:00,2.064316099248061
2021-09-29 12:00:00,2.148828611841686
2021-09-29 13:00:00,2.125652275078134
2021-09-29 14:00:00,2.097881311095057
2021-09-29 15:00:00,2.1154896734842628
2021-09-29 16:00:00,2.208596202642879
2021-09-29 17:00:00,2.0987237026168892
2021-09-29 18:00:00,2.17193581665306
2021-09-29 19:00:00,2.0061332642642102
2021-09-29 20:00:00,2.07665565323585
2021-09-29 21:00:00,2.0762444601079895
2021-09-29 22:00:00,2.0444035335054482
2021-09-29 23:00:00,2.226553810297354
2021-09-30 00:00:00,2.0512282023549537
2021-09-30 01:00:00,2.2572421238045104
2021-09-30 02:00:00,2.168157617750212
2021-09-30 03:00:00,1.8660495554761367
2021-09-30 04:00:00,1.8222864953408782
2021-09-30 05:00:00,2.0142319112532907
2021-09-30 06:00:00,2.0947300973361336
2021-09-30 07:00:00,2.2804919343879377
2021-09-30 08:00:00,2.105822789885962
2021-09-30 09:00:00,2.027680928207379
2021-09-30 10:00:00,2.073520172132093
2021-09-30 11:00:00,1.949477509219525
2021-09-30 12:00:00,1.951123902331439
2021-09-30 13:00:00,2.0067780527508834
2021-09-30 14:00:00,2.03601899190226
2021-09-30 15:00:00,2.0469686629352175
2021-09-30 16:00:00,2.1075305904976833
2021-09-30 17:00:00,2.071689721220167
2021-09-30 18:00:00,2.0191536047875256
2021-09-30 19:00:00,2.0098840606711676
2021-09-30 20:00:00,2.0974744381116572
2021-09-30 21:00:00,1.9547917406725706
2021-09-30 22:00:00,2.004029226523606
2021-09-30 23:00:00,2.112889562219975
2021-10-01 00:00:00,2.1729570894086963
2021-10-01 01:00:00,2.037564442734497
2021-10-01 02:00:00,2.169159727184514
2021-10-01 03:00:00,2.0228811106772158
2021-10-01 04:00:00,2.1420026773337035
2021-10-01 05:00:00,2.0820962784913037
2021-10-01 06:00:00,2.1193422755781763
2021-10-01 07:00:00,2.0163063049693166
2021-10-01 08:00:00,2.062667427249514
2021-10-01 09:00:00,2.0628957054458645
2021-10-01 10:00:00,2.08888145051576
2021-10-01 11:00:00,2.001310997459527
2021-10-01 12:00:00,2.258029724537945
2021-10-01 13:00:00,2.0623434928848297
2021-10-01 14:00:00,2.0425112624695125
2021-10-01 15:00:00,2.1724075780004672
2021-10-01 16:00:00,2.19381317683888
2021-10-01 17:00:00,2.1360332531790203
2021-10-01 18:00:00,2.1752171122781316
2021-10-01 19:00:00,1.9756372421274735
2021-10-01 20:00:00,2.1286312196284363
2021-10-01 21:00:00,2.1113055053958116
2021-10-01 22:00:00,2.110963261735294
2021-10-01 23:00:00,2.0300830097227682
2021-10-02 00:00:00,2.097445437138715
2021-10-02 01:00:00,2.2002409511281726
2021-10-02 02:00:00,2.2177673127354307
2021-10-02 03:00:00,1.977784431735428
2021-10-02 04:00:00,2.183259391194619
2021-10-02 05:00:00,2.035046511086268
2021-10-02 06:00:00,2.0383600382698557
2021-10-02 07:00:00,1.8924268135241389
2021-10-02 08:00:00,2.003362055439461
2021-10-02 09:00:00,1.9624346754237771
2021-10-02 10:00:00,2.1314762486872194
2021-10-02 11:00:00,2.0166285416867176
2021-10-02 12:00:00,2.095454649419777
2021-10-02 13:00:00,2.098538426735444
2021-10-02 14:00:00,2.1070796798508695
2021-10-02 15:00:00,2.201479533608854
2021-10-02 16:00:00,2.229567468706402
2021-10-02 17:00:00,1.9362685850657664
2021-10-02 18:00:00,2.1006598983508287
2021-10-02 19:00:00,2.1212029198649422
2021-10-02 20:00:00,2.1150658507260904
2021-10-02 21:00:00,2.2166209548423033
2021-10-02 22:00:00,2.1420607006809176
2021-10-02 23:00:00,2.112560189300357
2021-10-03 00:00:00,2.167135380936403
2021-10-03 01:00:00,2.0475386572096865
2021-10-03 02:00:00,2.050768629509839
2021-10-03 03:00:00,1.9767207007531318
2021-10-03 04:00:00,1.9069230657935505
2021-10-03 05:00:00,2.072655486942704
2021-10-03 06:00:00,2.1773699264372914
2021-10-03 07:00:00,2.1490537112131083
2021-10-03 08:00:00,2.247130071176989
2021-10-03 09:00:00,2.247890785110579
2021-10-03 10:00:00,2.2627867756552162
2021-10-03 11:00:00,2.139956553595246
2021-10-03 12:00:00,2.1541502953219966
2021-10-03 13:00:00,2.1558794486449835
2021-10-03 14:00:00,2.0175306410088307
2021-10-03 15:00:00,1.9937721125598746
2021-10-03 16:00:00,2.0142782157108865
2021-10-03 17:00:00,2.0977528889670816
2021-10-03 18:00:00,2.0899195488272593
2021-10-03 19:00:00,2.0364378987452874
2021-10-03 20:00:00,2.080155539652983
2021-10-03 21:00:00,2.1819590160116684
2021-10-03 22:00:00,2.0527169724591463
2021-10-03 23:00:00,2.160910737120768
2021-10-04 00:00:00,2.082378423206076
2021-10-04 01:00:00,2.0581561145323404
2021-10-04 02:00:00,2.237899325235272
2021-10-04 03:00:00,2.2163616901664653
2021-10-04 04:00:00,2.1220391985940252
2021-10-04 05:00:00,2.101140388555076
2021-10-04 06:00:00,2.114116686645459
2021-10-04 07:00:00,2.0135793050636517
2021-10-04 08:00:00,2.1435775948058886
2021-10-04 09:00:00,2.0503439371828223
2021-10-04 10:00:00,2.120222407909627
2021-10-04 11:00:00,2.003568059865942
2021-10-04 12:00:00,1.9766605500107488
2021-10-04 13:00:00,2.1633537710487802
2021-10-04 14:00:00,2.0962419721870336
2021-10-04 15:00:00,2.127556237766339
2021-10-04 16:00:00,2.0338891687731118
2021-10-04 17:00:00,2.009561623371476
2021-10-04 18:00:00,2.13140975628706
2021-10-04 19:00:00,2.034523908164323
2021-10-04 20:00:00,2.061953875015234
2021-10-04 21:00:00,2.311927524295629
2021-10-04 22:00:00,2.1239014524257924
2021-10-04 23:00:00,2.2180514466802816
2021-10-05 00:00:00,2.173697243377745
2021-10-05 01:00:00,1.972887961670274
2021-10-05 02:00:00,1.9688715839901636
2021-10-05 03:00:00,2.1811195548112283
2021-10-05 04:00:00,2.09524043491135
2021-10-05 05:00:00,1.8445414478945281
2021-10-05 06:00:00,1.9845103839750726
2021-10-05 07:00:00,1.8835731011297727
2021-10-05 08:00:00,2.156139896862054
2021-10-05 09:00:00,2.1715975463231576
2021-10-05 10:00:00,2.0846132316542527
2021-10-05 11:00:00,2.010523023686185
2021-10-05 12:00:00,1.9570797110305116
2021-10-05 13:00:00,2.2022527042210056
2021-10-05 14:00:00,2.123232037052936
2021-10-05 15:00:00,2.046463394767183
2021-10-05 16:00:00,2.1860887737754293
2021-10-05 17:00:00,2.166354066939097
2021-10-05 18:00:00,2.1477173049406524
2021-10-05 19:00:00,2.2846761780660363
2021-10-05 20:00:00,2.0881398638430886
2021-10-05 21:00:00,2.0133327100881058
2021-10-05 22:00:00,2.0597344346891604
2021-10-05 23:00:00,2.148434822177312
2021-10-06 00:00:00,2.2082375063300494
2021-10-06 01:00:00,2.0218151536173705
2021-10-06 02:00:00,1.8768623036831196
2021-10-06 03:00:00,2.186505830198813
2021-10-06 04:00:00,2.068487540386421
2021-10-06 05:00:00,2.200140037368959
2021-10-06 06:00:00,2.135293779533293
2021-10-06 07:00:00,2.175360737766415
2021-10-06 08:00:00,2.184099688938965
2021-10-06 09:00:00,2.0031398363478083
2021-10-06 10:00:00,2.0867855967531024
2021-10-06 11:00:00,2.2404502670478497
2021-10-06 12:00:00,2.0300777254137636
2021-10-06 13:00:00,2.01478634647079
2021-10-06 14:00:00,2.1066404741610554
2021-10-06 15:00:00,2.125190804630577
2021-10-06 16:00:00,2.1472043439558988
2021-10-06 17:00:00,2.243603297656073
2021-10-06 18:00:00,2.0146855471901572
2021-10-06 19:00:00,2.0484875035867045
2021-10-06 20:00:00,1.9840329530052814
2021-10-06 21:00:00,1.9695665900114023
2021-10-06 22:00:00,1.987482221453773
2021-10-06 23:00:00,1.9910574752101902
2021-10-07 00:00:00,2.1866596148111976
2021-10-07 01:00:00,2.29723880987032
2021-10-07 02:00:00,1.9340599045765474
2021-10-07 03:00:00,2.157696746496705
2021-10-07 04:00:00,2.0463824980507854
2021-10-07 05:00:00,2.1948420362192773
2021-10-07 06:00:00,2.1645532892644277
2021-10-07 07:00:00,2.438241308139923
2021-10-07 08:00:00,2.1651057175612247
2021-10-07 09:00:00,2.148480679462365
2021-10-07 10:00:00,2.1321728720157176
2021-10-07 11:00:00,2.434990295515091
2021-10-07 12:00:00,2.032332460781672
2021-10-07 13:00:00,2.194519422373997
2021-10-07 14:00:00,2.173891132061566
2021-10-07 15:00:00,2.040348874776742
2021-10-07 16:00:00,2.113263595253657
2021-10-07 17:00:00,2.202358835356651
2021-10-07 18:00:00,1.8439152096329259
2021-10-07 19:00:00,1.9958244997814871
2021-10-07 20:00:00,2.077413546041929
2021-10-07 21:00:00,2.0032835708798498
2021-10-07 22:00:00,2.1944600682017272
2021-10-07 23:00:00,2.062753198536282
2021-10-08 00:00:00,1.9911072927693945
2021-10-08 01:00:00,2.0666439380932093
2021-10-08 02:00:00,2.039220514740027
2021-10-08 03:00:00,2.076307728187165
2021-10-08 04:00:00,2.16717078475141
2021-10-08 05:00:00,1.9891852253441444
2021-10-08 06:00:00,2.070889220540715
2021-10-08 07:00:00,2.070039678949604
2021-10-08 08:00:00,2.1274102216939386
2021-10-08 09:00:00,1.9675610412458107
2021-10-08 10:00:00,1.912241858026269
2021-10-08 11:00:00,2.0895702236935247
2021-10-08 12:00:00,2.014032428736774
2021-10-08 13:00:00,2.0023409639599614
2021-10-08 14:00:00,1.9455028798587046
2021-10-08 15:00:00,2.0646947065618986
2021-10-08 16:00:00,2.142193547488784
2021-10-08 17:00:00,2.1422158122380273
2021-10-08 18:00:00,2.1358607822606825
2021-10-08 19:00:00,2.08065282032618
2021-10-08 20:00:00,2.2297475960753905
2021-10-08 21:00:00,2.1357307006821635
2021-10-08 22:00:00,2.0871891249485315
2021-10-08 23:00:00,2.255850208226668
2021-10-09 00:00:00,2.1109951490555465
2021-10-09 01:00:00,1.9828445525820886
2021-10-09 02:00:00,2.0468972645151795
2021-10-09 03:00:00,2.03663783994019
2021-10-09 04:00:00,2.13513252495245
2021-10-09 05:00:00,2.005906679103174
2021-10-09 06:00:00,2.178610814637789
2021-10-09 07:00:00,2.05305917922566
2021-10-09 08:00:00,2.085893528344956
2021-10-09 09:00:00,2.1875315307262326
2021-10-09 10:00:00,2.1137914948571557
2021-10-09 11:00:00,1.9694820121151029
2021-10-09 12:00:00,2.204287642534382
2021-10-09 13:00:00,2.0259959521504527
2021-10-09 14:00:00,2.109278779617244
2021-10-09 15:00:00,2.2496749520126724
2021-10-09 16:00:00,2.074956632943932
2021-10-09 17:00:00,2.2698885551468653
2021-10-09 18:00:00,2.200615752793267
2021-10-09 19:00:00,2.1327893850087434
2021-10-09 20:00:00,1.9227761926919735
2021-10-09 21:00:00,2.202937624031735
2021-10-09 22:00:00,2.312958884874182
2021-10-09 23:00:00,2.193293976819464
2021-10-10 00:00:00,2.2620757005346714
2021-10-10 01:00:00,2.1392419012497417
2021-10-10 02:00:00,2.1203777394180072
2021-10-10 03:00:00,2.0786637479661136
2021-10-10 04:00:00,2.053517049592742
2021-10-10 05:00:00,2.081095422442436
2021-10-10 06:00:00,2.120452759116239
2021-10-10 07:00:00,2.0688288736191485
2021-10-10 08:00:00,2.2877223644011466
2021-10-10 09:00:00,2.0935504402104286
2021-10-10 10:00:00,2.0161286261794165
2021-10-10 11:00:00,2.2889457663042023
2021-10-10 12:00:00,2.0542439330374846
2021-10-10 13:00:00,2.084839681500523
2021-10-10 14:00:00,2.1401484517673697
2021-10-10 15:00:00,2.1827303371887257
2021-10-10 16:00:00,2.2513002743839094
2021-10-10 17:00:00,2.03630090171552
2021-10-10 18:00:00,2.147820863583084
2021-10-10 19:00:00,2.197630761914791
2021-10-10 20:00:00,2.0975673235238803
2021-10-10 21:00:00,2.0874332415558814
2021-10-10 22:00:00,2.1512602612661826
2021-10-10 23:00:00,1.9516273512109044
2021-10-11 00:00:00,2.110492077813712
2021-10-11 01:00:00,1.9875253718893025
2021-10-11 02:00:00,1.9854644854744619
2021-10-11 03:00:00,2.232176184717235
2021-10-11 04:00:00,2.1121550370886077
2021-10-11 05:00:00,2.0687213410635925
2021-10-11 06:00:00,2.290255951323297
2021-10-11 07:00:00,2.1756504561991914
2021-10-11 08:00:00,2.098277345995696
2021-10-11 09:00:00,2.023468338246845
2021-10-11 10:00:00,2.0813813057961044
2021-10-11 11:00:00,2.144968381162826
2021-10-11 12:00:00,1.9688402850589521
2021-10-11 13:00:00,1.8861837587624584
2021-10-11 14:00:00,2.0453290634895613
2021-10-11 15:00:00,2.149399010537375
2021-10-11 16:00:00,2.0482174888452236
2021-10-11 17:00:00,2.061426075210752
2021-10-11 18:00:00,2.036543002216207
2021-10-11 19:00:00,2.180406048922049
2021-10-11 20:00:00,1.9950441351255142
2021-10-11 21:00:00,2.214408008080957
2021-10-11 22:00:00,2.1158380897360294
2021-10-11 23:00:00,2.1692197534047133
2021-10-12 00:00:00,2.0966481395928094
2021-10-12 01:00:00,1.9108974258258185
2021-10-12 02:00:00,2.0948517558064483
2021-10-12 03:00:00,2.1068504858143093
2021-10-12 04:00:00,2.048576371006482
2021-10-12 05:00:00,1.9602356412387838
2021-10-12 06:00:00,2.2688031185588207
2021-10-12 07:00:00,2.113059865568621
2021-10-12 08:00:00,2.217578857431244
2021-10-12 09:00:00,2.207838307252948
2021-10-12 10:00:00,2.087504087677105
2021-10-12 11:00:00,2.3260798783823424
2021-10-12 12:00:00,1.9833552492868818
2021-10-12 13:00:00,2.121745420049968
2021-10-12 14:00:00,2.152877234231743
2021-10-12 15:00:00,2.1261870224578256
2021-10-12 16:00:00,2.195466632246892
2021-10-12 17:00:00,1.9732993379163672
2021-10-12 18:00:00,2.117798586782137
2021-10-12 19:00:00,2.315252912365298
2021-10-12 20:00:00,2.019926702878084
2021-10-12 21:00:00,2.057553920213572
2021-10-12 22:00:00,2.2159007268156525
2021-10-12 23:00:00,2.1650040861605295
2021-10-13 00:00:00,2.2782538732990076
2021-10-13 01:00:00,2.094301475211794
2021-10-13 02:00:00,2.065416893275332
2021-10-13 03:00:00,2.0743439747338615
2021-10-13 04:00:00,2.090883290977135
2021-10-13 05:00:00,1.9911659937543396
2021-10-13 06:00:00,2.03238833349629
2021-10-13 07:00:00,2.0702084070954245
2021-10-13 08:00:00,2.092320881951905
2021-10-13 09:00:00,2.195745705736637
2021-10-13 10:00:00,2.0079509840586622
2021-10-13 11:00:00,1.9978231279861296
2021-10-13 12:00:00,1.904717034376357
2021-10-13 13:00:00,1.9833456167803463
2021-10-13 14:00:00,2.0471294091140675
2021-10-13 15:00:00,1.9605475016198768
2021-10-13 16:00:00,2.073549164647782
2021-10-13 17:00:00,1.9053643335772903
2021-10-13 18:00:00,2.1651968504737944
2021-10-13 19:00:00,2.0792494780051842
2021-10-13 20:00:00,2.0900257335029604
2021-10-13 21:00:00,1.9832614770750054
2021-10-13 22:00:00,2.111044868123401
2021-10-13 23:00:00,2.190225034935205
2021-10-14 00:00:00,2.1335147097546376
2021-10-14 01:00:00,2.0525938685984375
2021-10-14 02:00:00,2.0273862653979595
2021-10-14 03:00:00,1.988714332088769
2021-10-14 04:00:00,2.139385507104964
2021-10-14 05:00:00,2.1083979999900073
2021-10-14 06:00:00,2.1881321656889594
2021-10-14 07:00:00,2.037956137446039
2021-10-14 08:00:00,2.086171212166951
2021-10-14 09:00:00,2.14130141933286
2021-10-14 10:00:00,2.006508570371032
2021-10-14 11:00:00,2.115155554273436
2021-10-14 12:00:00,2.0215170769697335
2021-10-14 13:00:00,2.16802519413015
2021-10-14 14:00:00,2.1903957733518373
2021-10-14 15:00:00,2.2341138847769124
2021-10-14 16:00:00,2.1460757843827385
2021-10-14 17:00:00,2.186422182728402
2021-10-14 18:00:00,2.3495669555838643
2021-10-14 19:00:00,2.036367589195574
2021-10-14 20:00:00,2.2203371650409163
2021-10-14 21:00:00,2.2091567945312622
2021-10-14 22:00:00,2.03386599195299
2021-10-14 23:00:00,2.1448134533698875
2021-10-15 00:00:00,1.9737724151119758
2021-10-15 01:00:00,2.3394719064444582
2021-10-15 02:00:00,1.9818637159312147
2021-10-15 03:00:00,2.01691790712994
2021-10-15 04:00:00,2.124174706700225
2021-10-15 05:00:00,1.9766866126929035
2021-10-15 06:00:00,1.9831921084293185
2021-10-15 07:00:00,2.0694197025213974
2021-10-15 08:00:00,2.2145106141159974
2021-10-15 09:00:00,2.238820761595737
2021-10-15 10:00:00,2.127592776362522
2021-10-15 11:00:00,1.9756711299604273
2021-10-15 12:00:00,2.283542189397936
2021-10-15 13:00:00,2.213548790717212
2021-10-15 14:00:00,2.141163556326242
2021-10-15 15:00:00,2.1406048863007445
2021-10-15 16:00:00,2.1027364392740466
2021-10-15 17:00:00,2.4063592377527008
2021-10-15 18:00:00,2.32705126725245
2021-10-15 19:00:00,2.003898648251007
2021-10-15 20:00:00,2.08230329205007
2021-10-15 21:00:00,2.1519458535015206
2021-10-15 22:00:00,2.2384510189239104
2021-10-15 23:00:00,2.0961779625334387
2021-10-16 00:00:00,2.159748239578366
2021-10-16 01:00:00,2.0482709959523784
2021-10-16 02:00:00,2.184091095535359
2021-10-16 03:00:00,2.0961116824547656
2021-10-16 04:00:00,2.2295471648962053
2021-10-16 05:00:00,2.1312156747891704
2021-10-16 06:00:00,2.1994712884363876
2021-10-16 07:00:00,2.0503431267500654
2021-10-16 08:00:00,2.0788457530450333
2021-10-16 09:00:00,2.2271399619754617
2021-10-16 10:00:00,2.184761173654493
2021-10-16 11:00:00,2.1075114752408624
2021-10-16 12:00:00,2.1109417661668877
2021-10-16 13:00:00,2.2419280894359144
2021-10-16 14:00:00,1.9951804020510369
2021-10-16 15:00:00,2.3605003045609414
2021-10-16 16:00:00,2.2458362924403676
2021-10-16 17:00:00,2.0667821551828243
2021-10-16 18:00:00,2.163716424951998
2021-10-16 19:00:00,2.2506739789075363
2021-10-16 20:00:00,2.229361045303129
2021-10-16 21:00:00,2.3378960632138392
2021-10-16 22:00:00,2.0708218103042193
2021-10-16 23:00:00,2.148343952294788
2021-10-17 00:00:00,2.136479536498502
2021-10-17 01:00:00,2.443437480841923
2021-10-17 02:00:00,2.278352576801897
2021-10-17 03:00:00,2.327376781653805
2021-10-17 04:00:00,2.0660114470279507
2021-10-17 05:00:00,2.1649674136545825
2021-10-17 06:00:00,2.254216433404754
2021-10-17 07:00:00,2.2413396448964145
2021-10-17 08:00:00,2.151528021274321
2021-10-17 09:00:00,2.0809285483668556
2021-10-17 10:00:00,2.0282550941974926
2021-10-17 11:00:00,2.115638277743958
2021-10-17 12:00:00,2.211603688548864
2021-10-17 13:00:00,2.2060317127439855
2021-10-17 14:00:00,2.1126730834612952
2021-10-17 15:00:00,1.9997051262061474
2021-10-17 16:00:00,1.9836671385495965
2021-10-17 17:00:00,1.863297253290365
2021-10-17 18:00:00,1.9757621200537434
2021-10-17 19:00:00,2.2311890705815483
2021-10-17 20:00:00,2.1080357472985125
2021-10-17 21:00:00,2.033593354999429
2021-10-17 22:00:00,1.7983587221094446
2021-10-17 23:00:00,2.1625026888489804
2021-10-18 00:00:00,2.195718518486967
2021-10-18 01:00:00,1.8793253167937645
2021-10-18 02:00:00,1.981567088396148
2021-10-18 03:00:00,1.9525567378066453
2021-10-18 04:00:00,2.2119984575493863
2021-10-18 05:00:00,2.0671891757522634
2021-10-18 06:00:00,2.1771202208423777
2021-10-18 07:00:00,2.278757284828298
2021-10-18 08:00:00,2.172684054592236
2021-10-18 09:00:00,2.2350766670101745
2021-10-18 10:00:00,1.972346738217575
2021-10-18 11:00:00,2.1349019785242898
2021-10-18 12:00:00,2.111374960862956
2021-10-18 13:00:00,2.1495018042606873
2021-10-18 14:00:00,2.1204246527965513
2021-10-18 15:00:00,2.158097316427733
2021-10-18 16:00:00,2.25587184343577
2021-10-18 17:00:00,2.277191553029646
2021-10-18 18:00:00,2.0292385150292858
2021-10-18 19:00:00,1.98842137355828
2021-10-18 20:00:00,2.029554105687248
2021-10-18 21:00:00,2.0849382457206866
2021-10-18 22:00:00,1.9997540085648626
2021-10-18 23:00:00,2.204274207367809
2021-10-19 00:00:00,2.0608402345843873
2021-10-19 01:00:00,2.131394586646161
2021-10-19 02:00:00,2.3382029042913017
2021-10-19 03:00:00,2.0372019716307377
2021-10-19 04:00:00,2.1625143045362605
2021-10-19 05:00:00,1.9785570427297954
2021-10-19 06:00:00,1.996258939810563
2021-10-19 07:00:00,2.041505901343647
2021-10-19 08:00:00,2.114843163554626
2021-10-19 09:00:00,2.0694927650806894
2021-10-19 10:00:00,1.9799622012169897
2021-10-19 11:00:00,1.975999096738667
2021-10-19 12:00:00,2.125067319417664
2021-10-19 13:00:00,2.214103666492715
2021-10-19 14:00:00,2.1167382483090216
2021-10-19 15:00:00,2.1016555661674547
2021-10-19 16:00:00,2.0490080987204906
2021-10-19 17:00:00,2.1420033481747915
2021-10-19 18:00:00,1.8964425555853754
2021-10-19 19:00:00,1.9975179970329957
2021-10-19 20:00:00,2.1998630275941045
2021-10-19 21:00:00,2.2764272440693594
2021-10-19 22:00:00,2.258648960311935
2021-10-19 23:00:00,2.081002209927726
2021-10-20 00:00:00,2.160172494333424
2021-10-20 01:00:00,2.2235122796434976
2021-10-20 02:00:00,2.3706494886846556
2021-10-20 03:00:00,2.10838089194114
2021-10-20 04:00:00,2.1994452014452377
2021-10-20 05:00:00,2.175872753293557
2021-10-20 06:00:00,2.1432906236313403
2021-10-20 07:00:00,2.1261252177389593
2021-10-20 08:00:00,2.0471341925035564
2021-10-20 09:00:00,2.110917742635801
2021-10-20 10:00:00,2.092481704933782
2021-10-20 11:00:00,2.1914437994161378
2021-10-20 12:00:00,2.122141911088985
2021-10-20 13:00:00,2.0944304796428
2021-10-20 14:00:00,2.2121870346864543
2021-10-20 15:00:00,2.178579568376797
2021-10-20 16:00:00,2.1793722668438797
2021-10-20 17:00:00,2.367518748083758
2021-10-20 18:00:00,2.086331082681678
2021-10-20 19:00:00,2.2195353386706462
2021-10-20 20:00:00,2.18327497979373
2021-10-20 21:00:00,2.2098735833164254
2021-10-20 22:00:00,2.219653250965503
2021-10-20 23:00:00,2.026066699049886
2021-10-21 00:00:00,2.119343448590798
2021-10-21 01:00:00,2.226242819547178
2021-10-21 02:00:00,2.2173950196722485
2021-10-21 03:00:00,2.208614916422364
2021-10-21 04:00:00,1.9300863564802937
2021-10-21 05:00:00,2.083456015297795
2021-10-21 06:00:00,2.2549500954949435
2021-10-21 07:00:00,2.175473771598494
2021-10-21 08:00:00,2.177424046385439
2021-10-21 09:00:00,2.142436375942189
2021-10-21 10:00:00,2.1519233967493974
2021-10-21 11:00:00,2.2457190023378253
2021-10-21 12:00:00,2.221562200720499
2021-10-21 13:00:00,2.2844159082150903
2021-10-21 14:00:00,2.3813894088222605
2021-10-21 15:00:00,2.276458803270983
2021-10-21 16:00:00,2.129923890206477
2021-10-21 17:00:00,2.3169964176835376
2021-10-21 18:00:00,2.2462771139001196
2021-10-21 19:00:00,2.2568315951658104
2021-10-21 20:00:00,2.1231582953673396
2021-10-21 21:00:00,2.227542776491854
2021-10-21 22:00:00,2.284205821560616
2021-10-21 23:00:00,2.225469256883811
2021-10-22 00:00:00,1.8990114685772237
2021-10-22 01:00:00,2.138117337211647
2021-10-22 02:00:00,2.1688499055975496
2021-10-22 03:00:00,1.9738684878926942
2021-10-22 04:00:00,2.2539426560350835
2021-10-22 05:00:00,2.2855840753770766
2021-10-22 06:00:00,2.3419836012150563
2021-10-22 07:00:00,2.1836252159553564
2021-10-22 08:00:00,2.1445964854020385
2021-10-22 09:00:00,2.1723623883095375
2021-10-22 10:00:00,2.035245049900748
2021-10-22 11:00:00,2.137796368123745
2021-10-22 12:00:00,2.329008944753438
2021-10-22 13:00:00,2.2208268576009025
2021-10-22 14:00:00,2.00068742525766
2021-10-22 15:00:00,2.1027591478343637
2021-10-22 16:00:00,1.9191185645926327
2021-10-22 17:00:00,2.0236256896675577
2021-10-22 18:00:00,2.222238047084027
2021-10-22 19:00:00,1.9513983780295345
2021-10-22 20:00:00,2.164658123766939
2021-10-22 21:00:00,2.0909517096310752
2021-10-22 22:00:00,2.270087671230841
2021-10-22 23:00:00,2.2719333585041555
2021-10-23 00:00:00,2.051523970330645
2021-10-23 01:00:00,2.2072362734521866
2021-10-23 02:00:00,2.1191270103853816
2021-10-23 03:00:00,2.184793664474898
2021-10-23 04:00:00,2.2224120876933116
2021-10-23 05:00:00,2.0499913532705576
2021-10-23 06:00:00,2.2532937317458126
2021-10-23 07:00:00,2.254940254870092
2021-10-23 08:00:00,2.103988961892023
2021-10-23 09:00:00,2.1791041682824477
2021-10-23 10:00:00,2.1478630721185095
2021-10-23 11:00:00,2.1315170958549765
2021-10-23 12:00:00,2.1123184949317335
2021-10-23 13:00:00,2.2073034362553474
2021-10-23 14:00:00,2.16966820141639
2021-10-23 15:00:00,2.220069842720135
2021-10-23 16:00:00,2.190706506791253
2021-10-23 17:00:00,2.043893763196857
2021-10-23 18:00:00,2.147469623699493
2021-10-23 19:00:00,2.02398248214095
2021-10-23 20:00:00,2.1502227870253177
2021-10-23 21:00:00,2.162319378788083
2021-10-23 22:00:00,2.055893089482831
2021-10-23 23:00:00,2.0665472666720217
2021-10-24 00:00:00,2.241849758763199
2021-10-24 01:00:00,2.1768274059794726
2021-10-24 02:00:00,2.020226537629206
2021-10-24 03:00:00,2.286349381298002
2021-10-24 04:00:00,2.324843109503368
2021-10-24 05:00:00,2.2512016584928456
2021-10-24 06:00:00,2.2213662271411345
2021-10-24 07:00:00,2.091925501215246
2021-10-24 08:00:00,1.957616519017595
2021-10-24 09:00:00,2.123168602067494
2021-10-24 10:00:00,2.0483936473238264
2021-10-24 11:00:00,2.268598490404398
2021-10-24 12:00:00,2.047969542937251
2021-10-24 13:00:00,2.0065039902070163
2021-10-24 14:00:00,2.035398628807923
2021-10-24 15:00:00,2.016084624424378
2021-10-24 16:00:00,2.0893311397679573
2021-10-24 17:00:00,2.0141238253113127
2021-10-24 18:00:00,2.148172527306732
2021-10-24 19:00:00,2.0724075355168043
2021-10-24 20:00:00,2.0275993561627597
2021-10-24 21:00:00,2.0704995734377847
2021-10-24 22:00:00,2.1422543418052578
2021-10-24 23:00:00,1.9273537709720086
2021-10-25 00:00:00,2.128177934874226
2021-10-25 01:00:00,2.064796353415968
2021-10-25 02:00:00,2.171311382808204
2021-10-25 03:00:00,2.2465023701693774
2021-10-25 04:00:00,2.1259774249802343
2021-10-25 05:00:00,2.255878689381254
2021-10-25 06:00:00,2.17349646157202
2021-10-25 07:00:00,2.0787276101645458
2021-10-25 08:00:00,2.156301089922551
2021-10-25 09:00:00,2.0049252220321834
2021-10-25 10:00:00,2.005728853593672
2021-10-25 11:00:00,2.3278153481823614
2021-10-25 12:00:00,2.0085334778926103
2021-10-25 13:00:00,2.171759258499175
2021-10-25 14:00:00,2.2904101825004624
2021-10-25 15:00:00,2.0871924070669183
2021-10-25 16:00:00,2.011711204812016
2021-10-25 17:00:00,2.199867123584984
2021-10-25 18:00:00,2.1352273648883706
2021-10-25 19:00:00,2.013700522601004
2021-10-25 20:00:00,2.2176355095911413
2021-10-25 21:00:00,2.036437396306437
2021-10-25 22:00:00,2.164160231370045
2021-10-25 23:00:00,2.2218970667951234
2021-10-26 00:00:00,2.0772152752371995
2021-10-26 01:00:00,2.367865997212547
2021-10-26 02:00:00,2.2487003691284833
2021-10-26 03:00:00,2.1189985663878237
2021-10-26 04:00:00,2.1585756204361144
2021-10-26 05:00:00,2.061331820195488
2021-10-26 06:00:00,2.1694746576802735
2021-10-26 07:00:00,2.2134925477355045
2021-10-26 08:00:00,2.0279950356905307
2021-10-26 09:00:00,2.2513640127254626
2021-10-26 10:00:00,2.097908996206293
2021-10-26 11:00:00,2.1529174605320094
2021-10-26 12:00:00,2.2597563313706086
2021-10-26 13:00:00,2.1430534966737365
2021-10-26 14:00:00,2.168408717152695
2021-10-26 15:00:00,2.0420389514736823
2021-10-26 16:00:00,2.2623563417818513
2021-10-26 17:00:00,2.343887038872191
2021-10-26 18:00:00,2.0290459708177306
2021-10-26 19:00:00,2.2150503105761876
2021-10-26 20:00:00,2.1852460884223586
2021-10-26 21:00:00,2.316244393521635
2021-10-26 22:00:00,2.093960243557356
2021-10-26 23:00:00,2.2089065328336375
2021-10-27 00:00:00,2.0903073698410513
2021-10-27 01:00:00,2.128289455123124
2021-10-27 02:00:00,2.183325319150771
2021-10-27 03:00:00,2.0740466056006936
2021-10-27 04:00:00,2.1167649462497233
2021-10-27 05:00:00,2.0151753789932054
2021-10-27 06:00:00,2.007512272380035
2021-10-27 07:00:00,2.085461928651307
2021-10-27 08:00:00,2.008005495603109
2021-10-27 09:00:00,2.1596510025932707
2021-10-27 10:00:00,1.9134496308748579
2021-10-27 11:00:00,2.167823203583214
2021-10-27 12:00:00,2.1216170189845114
2021-10-27 13:00:00,2.0172141694912202
2021-10-27 14:00:00,2.2202781911571132
2021-10-27 15:00:00,2.2660091371139113
2021-10-27 16:00:00,2.1665906703118045
2021-10-27 17:00:00,2.0900682741812733
2021-10-27 18:00:00,2.1106887738451903
2021-10-27 19:00:00,1.9954765192301946
2021-10-27 20:00:00,2.2288026871650977
2021-10-27 21:00:00,1.898289055471978
2021-10-27 22:00:00,2.186140391725712
2021-10-27 23:00:00,2.1096754357411234
2021-10-28 00:00:00,2.004291251546788
2021-10-28 01:00:00,2.087885493320457
2021-10-28 02:00:00,1.9810144129036311
2021-10-28 03:00:00,1.9469846959090584
2021-10-28 04:00:00,2.0751630782797905
2021-10-28 05:00:00,2.3285381129169354
2021-10-28 06:00:00,2.204741945002418
2021-10-28 07:00:00,1.9723154550123985
2021-10-28 08:00:00,1.9172618672008623
2021-10-28 09:00:00,2.1731548369977554
2021-10-28 10:00:00,2.3268548685955084
2021-10-28 11:00:00,2.1488605185864884
2021-10-28 12:00:00,2.1683980203535387
2021-10-28 13:00:00,2.1067340691845975
2021-10-28 14:00:00,2.2606094116506026
2021-10-28 15:00:00,2.004613130934389
2021-10-28 16:00:00,1.866059300401677
2021-10-28 17:00:00,2.2167203296562463
2021-10-28 18:00:00,2.238230605733433
2021-10-28 19:00:00,2.040204010027074
2021-10-28 20:00:00,1.9705174024406196
2021-10-28 21:00:00,2.17454482483625
2021-10-28 22:00:00,2.163198859487232
2021-10-28 23:00:00,2.116795531049874
2021-10-29 00:00:00,2.2358106204242634
2021-10-29 01:00:00,2.252079986772986
2021-10-29 02:00:00,2.1753571474473388
2021-10-29 03:00:00,2.196914006331892
2021-10-29 04:00:00,2.033232022537064
2021-10-29 05:00:00,2.083235812468853
2021-10-29 06:00:00,2.147863802458392
2021-10-29 07:00:00,2.030169812031682
2021-10-29 08:00:00,2.100982309117314
2021-10-29 09:00:00,1.9851043039795506
2021-10-29 10:00:00,2.126541205456012
2021-10-29 11:00:00,2.1872015025053013
2021-10-29 12:00:00,2.112566998366665
2021-10-29 13:00:00,2.1707881136956746
2021-10-29 14:00:00,2.1634573473213607
2021-10-29 15:00:00,2.142963732680626
2021-10-29 16:00:00,2.064785660535536
2021-10-29 17:00:00,2.2716004545224435
2021-10-29 18:00:00,2.129403243023447
2021-10-29 19:00:00,2.1386633828918464
2021-10-29 20:00:00,1.9720996238631747
2021-10-29 21:00:00,1.9929927340062719
2021-10-29 22:00:00,2.126513286087496
2021-10-29 23:00:00,2.1411728972359128
2021-10-30 00:00:00,2.148615737332467
2021-10-30 01:00:00,1.8990542593238113
2021-10-30 02:00:00,1.9564907482182217
2021-10-30 03:00:00,2.301614259399486
2021-10-30 04:00:00,1.967636362516514
2021-10-30 05:00:00,2.3022343533295175
2021-10-30 06:00:00,2.0144372600577314
2021-10-30 07:00:00,2.111785238683454
2021-10-30 08:00:00,1.9522749028998578
2021-10-30 09:00:00,2.053241097980694
2021-10-30 10:00:00,2.017669402086515
2021-10-30 11:00:00,2.137040674221948
2021-10-30 12:00:00,1.9650257546145817
2021-10-30 13:00:00,2.110035737960893
2021-10-30 14:00:00,1.9335951674991412
2021-10-30 15:00:00,2.2464511436735695
2021-10-30 16:00:00,2.284315270476367
2021-10-30 17:00:00,2.145170814401012
2021-10-30 18:00:00,1.8269142332841484
2021-10-30 19:00:00,2.2975206167779945
2021-10-30 20:00:00,2.2192722557971476
2021-10-30 21:00:00,2.3046367885798085
2021-10-30 22:00:00,2.194849426864462
2021-10-30 23:00:00,2.09612119953317
2021-10-31 00:00:00,2.157485310459775
2021-10-31 01:00:00,2.1809736734527965
2021-10-31 02:00:00,2.00544814401576
2021-10-31 03:00:00,2.200291775182189
2021-10-31 04:00:00,2.0531540338406153
2021-10-31 05:00:00,2.0755182923808744
2021-10-31 06:00:00,2.2801424112940283
2021-10-31 07:00:00,2.1627273001580956
2021-10-31 08:00:00,2.090295081156024
2021-10-31 09:00:00,2.0542681610337037
2021-10-31 10:00:00,1.9340654387983363
2021-10-31 11:00:00,2.10926418299876
2021-10-31 12:00:00,2.020911228983702
2021-10-31 13:00:00,2.059712987878369
2021-10-31 14:00:00,2.363517130314281
2021-10-31 15:00:00,2.200611218693944
2021-10-31 16:00:00,2.1694136087966496
2021-10-31 17:00:00,2.0400000807135186
2021-10-31 18:00:00,2.065020309152507
2021-10-31 19:00:00,2.012130851710048
2021-10-31 20:00:00,2.2116017052951147
2021-10-31 21:00:00,2.0739059784313176
2021-10-31 22:00:00,2.3137586216159023
2021-10-31 23:00:00,2.006129123798402
2021-11-01 00:00:00,2.269607441141526
2021-11-01 01:00:00,2.0390791860466786
2021-11-01 02:00:00,2.068370906786493
2021-11-01 03:00:00,2.177215783487068
2021-11-01 04:00:00,2.006425126263821
2021-11-01 05:00:00,2.0125155968815207
2021-11-01 06:00:00,2.093401358321769
2021-11-01 07:00:00,2.150121822110306
2021-11-01 08:00:00,2.1420034209946706
2021-11-01 09:00:00,2.106419881915315
2021-11-01 10:00:00,2.1922677799106625
2021-11-01 11:00:00,2.066673946132054
2021-11-01 12:00:00,2.151025675219383
2021-11-01 13:00:00,2.06042512550311
2021-11-01 14:00:00,2.145932735274104
2021-11-01 15:00:00,2.1049856053477116
2021-11-01 16:00:00,2.177090719345672
2021-11-01 17:00:00,2.0513795966962465
2021-11-01 18:00:00,2.061936808226
2021-11-01 19:00:00,2.1247990871809956
2021-11-01 20:00:00,2.1408548630115947
2021-11-01 21:00:00,2.0413830633144103
2021-11-01 22:00:00,2.20656918867161
2021-11-01 23:00:00,2.21514287151647
2021-11-02 00:00:00,2.237974163158433
2021-11-02 01:00:00,2.2056906786606048
2021-11-02 02:00:00,2.3308290856542846
2021-11-02 03:00:00,2.2509387849003284
2021-11-02 04:00:00,2.1765123797550103
2021-11-02 05:00:00,2.211961232137637
2021-11-02 06:00:00,2.2462979389899105
2021-11-02 07:00:00,2.182777983836428
2021-11-02 08:00:00,2.293416031998332
2021-11-02 09:00:00,2.1675748015584815
2021-11-02 10:00:00,2.175719266747534
2021-11-02 11:00:00,2.2156888946198774
2021-11-02 12:00:00,2.217391832712925
2021-11-02 13:00:00,2.2309621707947715
2021-11-02 14:00:00,1.9818054969931476
2021-11-02 15:00:00,2.324526316519236
2021-11-02 16:00:00,2.2157737374180795
2021-11-02 17:00:00,2.163531790658889
2021-11-02 18:00:00,2.085912028822159
2021-11-02 19:00:00,2.24600428057602
2021-11-02 20:00:00,1.9983085245925676
2021-11-02 21:00:00,2.140002736295504
2021-11-02 22:00:00,2.1112914384988337
2021-11-02 23:00:00,2.1196635441221483
2021-11-03 00:00:00,2.2209300908867373
2021-11-03 01:00:00,2.210875331641592
2021-11-03 02:00:00,2.122711495906866
2021-11-03 03:00:00,2.259089613967272
2021-11-03 04:00:00,2.1134847599640256
2021-11-03 05:00:00,2.0586525815925496
2021-11-03 06:00:00,2.09522829787329
2021-11-03 07:00:00,2.26067261966068
2021-11-03 08:00:00,2.0970822160713944
2021-11-03 09:00:00,2.1845221274912805
2021-11-03 10:00:00,1.99661306067763
2021-11-03 11:00:00,2.1455680738687195
2021-11-03 12:00:00,2.1977581651141995
2021-11-03 13:00:00,2.1403330805686474
2021-11-03 14:00:00,2.072775415724817
2021-11-03 15:00:00,2.1230759483179122
2021-11-03 16:00:00,2.1151951963417925
2021-11-03 17:00:00,2.2065522656483276
2021-11-03 18:00:00,1.987036298881833
2021-11-03 19:00:00,2.058484918484811
2021-11-03 20:00:00,2.3131797807467405
2021-11-03 21:00:00,2.1259228818830813
2021-11-03 22:00:00,2.135983917501503
2021-11-03 23:00:00,2.1967806108501806
2021-11-04 00:00:00,2.198232728100853
2021-11-04 01:00:00,2.02798971908669
2021-11-04 02:00:00,2.1805591658845977
2021-11-04 03:00:00,2.0105631235884354
2021-11-04 04:00:00,2.1206691595047156
2021-11-04 05:00:00,2.210978275825317
2021-11-04 06:00:00,2.267249465674022
2021-11-04 07:00:00,2.255121635744214
2021-11-04 08:00:00,2.0076755846941254
2021-11-04 09:00:00,2.1608394319633115
2021-11-04 10:00:00,2.183838372129688
2021-11-04 11:00:00,2.0923788994073984
2021-11-04 12:00:00,2.132755075401046
2021-11-04 13:00:00,2.370429174198026
2021-11-04 14:00:00,2.0745636829689147
2021-11-04 15:00:00,2.09165266282611
2021-11-04 16:00:00,2.204165639507403
2021-11-04 17:00:00,2.2196250427533517
2021-11-04 18:00:00,2.1788569731790304
2021-11-04 19:00:00,2.26582291226802
2021-11-04 20:00:00,2.143187289435605
2021-11-04 21:00:00,1.9938268704262705
2021-11-04 22:00:00,2.075915802611955
2021-11-04 23:00:00,2.217215565723415
2021-11-05 00:00:00,2.097242981838179
2021-11-05 01:00:00,2.055364850084935
2021-11-05 02:00:00,2.1825067285664126
2021-11-05 03:00:00,2.214338175552747
2021-11-05 04:00:00,2.1634900715860743
2021-11-05 05:00:00,2.2363367906608587
2021-11-05 06:00:00,2.1655370371229736
2021-11-05 07:00:00,1.8845615465496401
2021-11-05 08:00:00,2.168146686456963
2021-11-05 09:00:00,2.0921289800744205
2021-11-05 10:00:00,2.237186716816061
2021-11-05 11:00:00,2.152996147622018
2021-11-05 12:00:00,2.1912115795991607
2021-11-05 13:00:00,2.0916569970666976
2021-11-05 14:00:00,2.286241349131196
2021-11-05 15:00:00,2.0610774309705895
2021-11-05 16:00:00,1.94138445378831
2021-11-05 17:00:00,2.135341171549333
2021-11-05 18:00:00,2.0806105338836
2021-11-05 19:00:00,2.0457523012579784
2021-11-05 20:00:00,2.052780189850046
2021-11-05 21:00:00,2.201835998655328
2021-11-05 22:00:00,2.157446695226092
2021-11-05 23:00:00,1.9465719599397469
2021-11-06 00:00:00,2.180727204237463
2021-11-06 01:00:00,2.0595050031985016
2021-11-06 02:00:00,2.0517902062261424
2021-11-06 03:00:00,2.209064858301823
2021-11-06 04:00:00,2.253779296526627
2021-11-06 05:00:00,2.2919790503461983
2021-11-06 06:00:00,2.1945090461896886
2021-11-06 07:00:00,2.1919786922967686
2021-11-06 08:00:00,2.135307898164527
2021-11-06 09:00:00,2.0560104256355314
2021-11-06 10:00:00,1.9983183647552556
2021-11-06 11:00:00,2.1277645233714475
2021-11-06 12:00:00,1.9405100395633603
2021-11-06 13:00:00,2.231146188829757
2021-11-06 14:00:00,2.2614624321766095
2021-11-06 15:00:00,2.3127402503800836
2021-11-06 16:00:00,1.9785473142816319
2021-11-06 17:00:00,2.1175836175071274
2021-11-06 18:00:00,2.2778211561431188
2021-11-06 19:00:00,2.2125892036693844
2021-11-06 20:00:00,1.8999927113418624
2021-11-06 21:00:00,2.1342640312682826
2021-11-06 22:00:00,2.092621878624376
2021-11-06 23:00:00,1.8815590689209625
2021-11-07 00:00:00,2.162488468741599
2021-11-07 01:00:00,2.082666792554629
2021-11-07 02:00:00,2.217419041638663
2021-11-07 03:00:00,2.1961413951828717
2021-11-07 04:00:00,2.2084009338936954
2021-11-07 05:00:00,2.2464491439027037
2021-11-07 06:00:00,2.1209136647006934
2021-11-07 07:00:00,2.285679857761472
2021-11-07 08:00:00,2.128715828987455
2021-11-07 09:00:00,2.1088278200227566
2021-11-07 10:00:00,2.055657404929105
2021-11-07 11:00:00,2.0987093707258597
2021-11-07 12:00:00,2.1612613051170175
2021-11-07 13:00:00,2.3119981200195765
2021-11-07 14:00:00,2.0754893006300668
2021-11-07 15:00:00,2.179394695888409
2021-11-07 16:00:00,2.1844066556921287
2021-11-07 17:00:00,2.1859650870727423
2021-11-07 18:00:00,2.110129901770062
2021-11-07 19:00:00,2.141503847743523
2021-11-07 20:00:00,2.340708542446727
2021-11-07 21:00:00,2.093723429720362
2021-11-07 22:00:00,2.2594145745494396
2021-11-07 23:00:00,2.0790825358292815
2021-11-08 00:00:00,2.2699277979975196
2021-11-08 01:00:00,1.9903825700477185
2021-11-08 02:00:00,2.1555662021433073
2021-11-08 03:00:00,2.1966214642234885
2021-11-08 04:00:00,2.1900786744673986
2021-11-08 05:00:00,2.063399312904919
2021-11-08 06:00:00,2.112234451492407
2021-11-08 07:00:00,1.9862450164416596
2021-11-08 08:00:00,2.0467707531509096
2021-11-08 09:00:00,2.1337261470617657
2021-11-08 10:00:00,1.9552529293669993
2021-11-08 11:00:00,2.151338876597359
2021-11-08 12:00:00,2.219557961851049
2021-11-08 13:00:00,2.3082975006561113
2021-11-08 14:00:00,2.278447929484903
2021-11-08 15:00:00,2.2981381735382835
2021-11-08 16:00:00,2.0669336193311763
2021-11-08 17:00:00,2.0862577937821696
2021-11-08 18:00:00,2.0362482777708193
2021-11-08 19:00:00,2.1333161554704048
2021-11-08 20:00:00,2.1478818618526296
2021-11-08 21:00:00,2.2369049314699465
2021-11-08 22:00:00,2.1357720308087154
2021-11-08 23:00:00,2.2168019807138615
2021-11-09 00:00:00,2.104597711638846
2021-11-09 01:00:00,2.196601672742023
2021-11-09 02:00:00,2.1375508285240614
2021-11-09 03:00:00,2.0010775567997254
2021-11-09 04:00:00,2.2023414046207663
2021-11-09 05:00:00,2.2141180706794326
2021-11-09 06:00:00,2.1035629750272884
2021-11-09 07:00:00,2.210494688071169
2021-11-09 08:00:00,1.9083136063441228
2021-11-09 09:00:00,2.0968330729286713
2021-11-09 10:00:00,2.041271976091683
2021-11-09 11:00:00,2.128986727952583
2021-11-09 12:00:00,2.1551311197630043
2021-11-09 13:00:00,2.0098464197411507
2021-11-09 14:00:00,1.9370224870268618
2021-11-09 15:00:00,1.830781755040726
2021-11-09 16:00:00,2.0024067583875254
2021-11-09 17:00:00,2.1048528574261742
2021-11-09 18:00:00,2.0574639450760035
2021-11-09 19:00:00,2.0284172958309887
2021-11-09 20:00:00,2.112763970649647
2021-11-09 21:00:00,2.1841626355469566
2021-11-09 22:00:00,1.9458866900573575
2021-11-09 23:00:00,2.052805395659614
2021-11-10 00:00:00,2.064216920763807
2021-11-10 01:00:00,1.952234592535699
2021-11-10 02:00:00,1.9317885586423924
2021-11-10 03:00:00,2.1721456855606265
2021-11-10 04:00:00,2.0317571806230244
2021-11-10 05:00:00,2.1577148739596645
2021-11-10 06:00:00,2.326429266539451
2021-11-10 07:00:00,2.1365481626460046
2021-11-10 08:00:00,2.280933211273984
2021-11-10 09:00:00,2.135266196254407
2021-11-10 10:00:00,2.009753837211911
2021-11-10 11:00:00,1.9509725571307
2021-11-10 12:00:00,2.152576114840485
2021-11-10 13:00:00,2.2189249687894
2021-11-10 14:00:00,1.9202006974599528
2021-11-10 15:00:00,2.1354914825126063
2021-11-10 16:00:00,2.2927833140963076
2021-11-10 17:00:00,2.156017181234769
2021-11-10 18:00:00,1.9915613014280014
2021-11-10 19:00:00,2.307410929723444
2021-11-10 20:00:00,2.058020590646828
2021-11-10 21:00:00,2.0322840058192746
2021-11-10 22:00:00,2.2245309442759953
2021-11-10 23:00:00,2.107516854633426
2021-11-11 00:00:00,1.8296969970217007
2021-11-11 01:00:00,2.247831134740418
2021-11-11 02:00:00,2.124939379736322
2021-11-11 03:00:00,2.08163521598592
2021-11-11 04:00:00,2.088672898949043
2021-11-11 05:00:00,1.8639252829661292
2021-11-11 06:00:00,2.063264939200099
2021-11-11 07:00:00,1.9955932703598784
2021-11-11 08:00:00,2.163874670781456
2021-11-11 09:00:00,2.1371778819052794
2021-11-11 10:00:00,2.1429283166812176
2021-11-11 11:00:00,2.1717282861661134
2021-11-11 12:00:00,2.1645286358000475
2021-11-11 13:00:00,2.271243418433067
2021-11-11 14:00:00,2.214846291176426
2021-11-11 15:00:00,1.9328147790299663
2021-11-11 16:00:00,2.1866000528835623
2021-11-11 17:00:00,2.101413224383854
2021-11-11 18:00:00,1.9435105617798358
2021-11-11 19:00:00,2.1004136610667468
2021-11-11 20:00:00,2.2537389140341335
2021-11-11 21:00:00,1.8082122054216856
2021-11-11 22:00:00,2.2934645455559592
2021-11-11 23:00:00,2.164368893243465
2021-11-12 00:00:00,1.943672503261163
2021-11-12 01:00:00,2.128987310344588
2021-11-12 02:00:00,2.2952132843077653
2021-11-12 03:00:00,2.146111596854882
2021-11-12 04:00:00,2.3024553558360648
2021-11-12 05:00:00,1.9723045523090614
2021-11-12 06:00:00,2.117740095187576
2021-11-12 07:00:00,2.201725320945758
2021-11-12 08:00:00,2.2282516309399125
2021-11-12 09:00:00,2.0841771758255083
2021-11-12 10:00:00,2.1618795701214313
2021-11-12 11:00:00,2.2255772699099747
2021-11-12 12:00:00,2.0110473615265656
2021-11-12 13:00:00,2.418360641889606
2021-11-12 14:00:00,2.184862026206863
2021-11-12 15:00:00,2.187422412721631
2021-11-12 16:00:00,2.15048521059451
2021-11-12 17:00:00,1.9017674224440069
2021-11-12 18:00:00,2.195747075336658
2021-11-12 19:00:00,2.05021381356553
2021-11-12 20:00:00,2.0068129195778095
2021-11-12 21:00:00,2.224460226946333
2021-11-12 22:00:00,2.0266516977897475
2021-11-12 23:00:00,2.1979973997165665
2021-11-13 00:00:00,1.9601575594239118
2021-11-13 01:00:00,2.0408800433115335
2021-11-13 02:00:00,2.1312830223569366
2021-11-13 03:00:00,2.333049297035611
2021-11-13 04:00:00,2.233479978674596
2021-11-13 05:00:00,2.15078306164115
2021-11-13 06:00:00,2.192487747871436
2021-11-13 07:00:00,2.2022069115477834
2021-11-13 08:00:00,2.2007653057539645
2021-11-13 09:00:00,1.9911841550484009
2021-11-13 10:00:00,2.16186499996386
2021-11-13 11:00:00,2.210775270139127
2021-11-13 12:00:00,2.159488466943719
2021-11-13 13:00:00,2.3638683910100013
2021-11-13 14:00:00,1.9222064937703744
2021-11-13 15:00:00,2.2161520240556127
2021-11-13 16:00:00,2.2244932150451
2021-11-13 17:00:00,2.247435071033218
2021-11-13 18:00:00,2.285198089598995
2021-11-13 19:00:00,2.2525653278088527
2021-11-13 20:00:00,2.2245060675760793
2021-11-13 21:00:00,2.345527258872022
2021-11-13 22:00:00,2.0185669889911213
2021-11-13 23:00:00,2.3399461663937484
2021-11-14 00:00:00,2.085118332322193
2021-11-14 01:00:00,2.2341531594029505
2021-11-14 02:00:00,2.256742511514987
2021-11-14 03:00:00,2.27997430492569
2021-11-14 04:00:00,2.1556391190513082
2021-11-14 05:00:00,2.1160735445082977
2021-11-14 06:00:00,2.271813683567476
2021-11-14 07:00:00,2.2861642977850356
2021-11-14 08:00:00,2.1766991017233637
2021-11-14 09:00:00,2.3232306000122733
2021-11-14 10:00:00,2.296761654487548
2021-11-14 11:00:00,2.0497382728425064
2021-11-14 12:00:00,2.0937720042759733
2021-11-14 13:00:00,2.2943993909854763
2021-11-14 14:00:00,2.147994787707094
2021-11-14 15:00:00,2.207641340764864
2021-11-14 16:00:00,2.2844604367935193
2021-11-14 17:00:00,2.060867162457928
2021-11-14 18:00:00,2.131521342751688
2021-11-14 19:00:00,2.137404670610636
2021-11-14 20:00:00,2.041395594424389
2021-11-14 21:00:00,2.273488772276536
2021-11-14 22:00:00,2.142739573121196
2021-11-14 23:00:00,2.3449768299697316
2021-11-15 00:00:00,2.144294904431944
2021-11-15 01:00:00,2.293613297980304
2021-11-15 02:00:00,2.035704292462125
2021-11-15 03:00:00,2.0755363161634293
2021-11-15 04:00:00,2.1706284647176464
2021-11-15 05:00:00,2.164660008182816
2021-11-15 06:00:00,2.052125674932275
2021-11-15 07:00:00,2.0864017835329998
2021-11-15 08:00:00,1.9600387923728382
2021-11-15 09:00:00,1.9187014088357284
2021-11-15 10:00:00,2.1253801935797387
2021-11-15 11:00:00,2.0337243603831228
2021-11-15 12:00:00,2.1996108873479128
2021-11-15 13:00:00,2.106068244329386
2021-11-15 14:00:00,1.9475465727086054
2021-11-15 15:00:00,2.21148430123724
2021-11-15 16:00:00,2.031956389674538
2021-11-15 17:00:00,1.9530541129463954
2021-11-15 18:00:00,2.1446330902630923
2021-11-15 19:00:00,1.9448997978916884
2021-11-15 20:00:00,2.003997387759077
2021-11-15 21:00:00,2.102963130326321
2021-11-15 22:00:00,1.9850203786245344
2021-11-15 23:00:00,2.0403823986194958
2021-11-16 00:00:00,1.9312973720812585
2021-11-16 01:00:00,2.009585890204115
2021-11-16 02:00:00,1.913636625186623
2021-11-16 03:00:00,2.0390109988766176
2021-11-16 04:00:00,2.012215003486988
2021-11-16 05:00:00,1.980439026456822
2021-11-16 06:00:00,2.015275787851804
2021-11-16 07:00:00,1.9756259616044305
2021-11-16 08:00:00,2.218235161250857
2021-11-16 09:00:00,2.0328996825978014
2021-11-16 10:00:00,2.222759428521088
2021-11-16 11:00:00,2.0496531264861972
2021-11-16 12:00:00,2.1592273724065696
2021-11-16 13:00:00,2.153728832709355
2021-11-16 14:00:00,2.218433047676924
2021-11-16 15:00:00,2.0016154909213193
2021-11-16 16:00:00,2.0322027136150997
2021-11-16 17:00:00,2.1712434781017906
2021-11-16 18:00:00,2.145792884395857
2021-11-16 19:00:00,2.1483793131715716
2021-11-16 20:00:00,2.0479632104017105
2021-11-16 21:00:00,1.923056752536388
2021-11-16 22:00:00,2.1667478615458102
2021-11-16 23:00:00,2.0786914763503934
2021-11-17 00:00:00,2.202465935857422
2021-11-17 01:00:00,2.1044636983650284
2021-11-17 02:00:00,2.210962039109296
2021-11-17 03:00:00,1.9417942087769138
2021-11-17 04:00:00,2.1111324904796573
2021-11-17 05:00:00,2.0189431209345288
2021-11-17 06:00:00,1.888867284182543
2021-11-17 07:00:00,1.9466873390262622
2021-11-17 08:00:00,2.1873478902886907
2021-11-17 09:00:00,2.1797134130541598
2021-11-17 10:00:00,2.06596713779713
2021-11-17 11:00:00,2.0580168262441796
2021-11-17 12:00:00,2.0318700268521277
2021-11-17 13:00:00,1.9642148045683345
2021-11-17 14:00:00,2.1478792532933824
2021-11-17 15:00:00,2.1155042321592448
2021-11-17 16:00:00,2.3289126870223615
2021-11-17 17:00:00,1.9359840309874063
2021-11-17 18:00:00,2.329598423301526
2021-11-17 19:00:00,2.3218838555617953
2021-11-17 20:00:00,2.2316820821824073
2021-11-17 21:00:00,2.388033497955203
2021-11-17 22:00:00,2.309449253638239
2021-11-17 23:00:00,2.209163971121152
2021-11-18 00:00:00,1.97000419424227
2021-11-18 01:00:00,2.264288833667315
2021-11-18 02:00:00,2.189705736477122
2021-11-18 03:00:00,2.305513619069306
2021-11-18 04:00:00,2.3370539317197463
2021-11-18 05:00:00,2.3288109411441007
2021-11-18 06:00:00,2.1275111930091857
2021-11-18 07:00:00,2.273726556945098
2021-11-18 08:00:00,2.3331713082822203
2021-11-18 09:00:00,2.2810473415980326
2021-11-18 10:00:00,2.2502954889076845
2021-11-18 11:00:00,2.23920432833639
2021-11-18 12:00:00,2.2221244236918274
2021-11-18 13:00:00,2.128216243372536
2021-11-18 14:00:00,2.2514825633155793
2021-11-18 15:00:00,2.2007231992215655
2021-11-18 16:00:00,2.360936891807215
2021-11-18 17:00:00,2.4200810741465353
2021-11-18 18:00:00,2.209904727191756
2021-11-18 19:00:00,2.214696924221112
2021-11-18 20:00:00,2.283390807471577
2021-11-18 21:00:00,2.3742654276265194
2021-11-18 22:00:00,2.10330846938421
2021-11-18 23:00:00,2.0175107390602833
2021-11-19 00:00:00,2.118247828654918
2021-11-19 01:00:00,2.1599471941208104
2021-11-19 02:00:00,2.2612750801409267
2021-11-19 03:00:00,2.2911202867187765
2021-11-19 04:00:00,2.126710592496119
2021-11-19 05:00:00,2.13359848649185
2021-11-19 06:00:00,2.0875761545015394
2021-11-19 07:00:00,2.2738054213752865
2021-11-19 08:00:00,2.266663872066961
2021-11-19 09:00:00,2.10181012809447
2021-11-19 10:00:00,2.180447181954147
2021-11-19 11:00:00,2.052316592821586
2021-11-19 12:00:00,2.15384157441265
2021-11-19 13:00:00,2.337502258189665
2021-11-19 14:00:00,2.1135725331076225
2021-11-19 15:00:00,2.013272646367745
2021-11-19 16:00:00,2.129459075111722
2021-11-19 17:00:00,2.255104728334262
2021-11-19 18:00:00,2.1339131428287033
2021-11-19 19:00:00,1.9688053812952262
2021-11-19 20:00:00,2.138824329789046
2021-11-19 21:00:00,1.9823015767663075
2021-11-19 22:00:00,2.0344594373271327
2021-11-19 23:00:00,1.923731009704629
2021-11-20 00:00:00,2.128945100870152
2021-11-20 01:00:00,1.9827258110783959
2021-11-20 02:00:00,2.2145395922346744
2021-11-20 03:00:00,2.034132257265801
2021-11-20 04:00:00,2.0937760810324972
2021-11-20 05:00:00,1.9050296232168558
2021-11-20 06:00:00,2.109743999822972
2021-11-20 07:00:00,1.96563982415774
2021-11-20 08:00:00,2.020715592616064
2021-11-20 09:00:00,2.1218807939822355
2021-11-20 10:00:00,2.028006408999784
2021-11-20 11:00:00,2.1374727829307782
2021-11-20 12:00:00,2.340006006930807
2021-11-20 13:00:00,2.206307634409664
2021-11-20 14:00:00,2.0472170895871216
2021-11-20 15:00:00,1.8320456967366465
2021-11-20 16:00:00,2.0882108732008002
2021-11-20 17:00:00,2.2930441204880143
2021-11-20 18:00:00,1.8730740272331703
2021-11-20 19:00:00,2.05756147301558
2021-11-20 20:00:00,2.034945359576523
2021-11-20 21:00:00,1.990352053212192
2021-11-20 22:00:00,2.0872238931301204
2021-11-20 23:00:00,2.077699348187713
2021-11-21 00:00:00,2.054069786902424
2021-11-21 01:00:00,2.133585148297149
2021-11-21 02:00:00,2.0403660901742846
2021-11-21 03:00:00,1.94341355420759
2021-11-21 04:00:00,2.1297529711895313
2021-11-21 05:00:00,1.8643794470667192
2021-11-21 06:00:00,2.169362553139115
2021-11-21 07:00:00,2.0454975055434335
2021-11-21 08:00:00,2.1138477790318917
2021-11-21 09:00:00,2.0886450699520456
2021-11-21 10:00:00,2.071348284766717
2021-11-21 11:00:00,2.128596603892342
2021-11-21 12:00:00,2.0392429348236565
2021-11-21 13:00:00,2.2312071470553994
2021-11-21 14:00:00,2.000943195916313
2021-11-21 15:00:00,2.082651099452337
2021-11-21 16:00:00,2.138423679406236
2021-11-21 17:00:00,2.056824825672697
2021-11-21 18:00:00,2.1687690569241003
2021-11-21 19:00:00,2.1537962026482536
2021-11-21 20:00:00,2.2371009975789713
2021-11-21 21:00:00,2.1333619622023785
2021-11-21 22:00:00,2.3263417202733523
2021-11-21 23:00:00,2.1419278691130823
2021-11-22 00:00:00,2.2095446696536984
2021-11-22 01:00:00,2.2063598098481814
2021-11-22 02:00:00,2.120442481652762
2021-11-22 03:00:00,2.058226122601811
2021-11-22 04:00:00,2.0550866805255588
2021-11-22 05:00:00,2.163501092258733
2021-11-22 06:00:00,2.1064778878858337
2021-11-22 07:00:00,2.122404852169869
2021-11-22 08:00:00,2.020360954611816
2021-11-22 09:00:00,2.3491577402237915
2021-11-22 10:00:00,2.0802093865296705
2021-11-22 11:00:00,2.0253391904905325
2021-11-22 12:00:00,2.0100472840008283
2021-11-22 13:00:00,2.20750813845639
2021-11-22 14:00:00,2.249660853721647
2021-11-22 15:00:00,2.1978402804251638
2021-11-22 16:00:00,2.208167438748661
2021-11-22 17:00:00,2.0471850626543127
2021-11-22 18:00:00,2.081381133248912
2021-11-22 19:00:00,2.291650655416294
2021-11-22 20:00:00,2.1499248775117987
2021-11-22 21:00:00,1.9581081863372791
2021-11-22 22:00:00,2.2235546674787257
2021-11-22 23:00:00,2.281904684795106
2021-11-23 00:00:00,2.2873961617940206
2021-11-23 01:00:00,2.187890524327186
2021-11-23 02:00:00,2.3750671819170006
2021-11-23 03:00:00,2.0947265467372906
2021-11-23 04:00:00,2.2670887982051515
2021-11-23 05:00:00,2.1044344602016802
2021-11-23 06:00:00,2.1439134138805827
2021-11-23 07:00:00,2.199374006655122
2021-11-23 08:00:00,2.236409317985409
2021-11-23 09:00:00,1.9795596597862943
2021-11-23 10:00:00,2.0225118179767856
2021-11-23 11:00:00,1.9807948850309787
2021-11-23 12:00:00,2.1958136685015286
2021-11-23 13:00:00,2.1510590643649308
2021-11-23 14:00:00,2.255213336204591
2021-11-23 15:00:00,2.025192170570863
2021-11-23 16:00:00,2.1507613874724654
2021-11-23 17:00:00,2.0844289202049024
2021-11-23 18:00:00,2.0713468034701195
2021-11-23 19:00:00,2.008327961922996
2021-11-23 20:00:00,2.1996593427557483
2021-11-23 21:00:00,2.0171638106104317
2021-11-23 22:00:00,2.190777162641448
2021-11-23 23:00:00,2.198106866003937
2021-11-24 00:00:00,2.148021095901714
2021-11-24 01:00:00,2.3143211229773195
2021-11-24 02:00:00,2.068737297849772
2021-11-24 03:00:00,2.0288295088095802
2021-11-24 04:00:00,2.00368278680657
2021-11-24 05:00:00,1.97738637644893
2021-11-24 06:00:00,2.149764201941076
2021-11-24 07:00:00,2.0044658915553275
2021-11-24 08:00:00,2.0711652696362783
2021-11-24 09:00:00,2.099519673429971
2021-11-24 10:00:00,2.295111997374113
2021-11-24 11:00:00,2.2421409061905853
2021-11-24 12:00:00,2.0789053996988587
2021-11-24 13:00:00,2.0135966913379066
2021-11-24 14:00:00,1.989888651277182
2021-11-24 15:00:00,1.987085329011425
2021-11-24 16:00:00,2.1211342846562267
2021-11-24 17:00:00,2.088315149944947
2021-11-24 18:00:00,2.1155415989618818
2021-11-24 19:00:00,2.1641300405993404
2021-11-24 20:00:00,1.9273245108103465
2021-11-24 21:00:00,2.124777453388592
2021-11-24 22:00:00,2.0740551340918456
2021-11-24 23:00:00,2.0156214302284834
2021-11-25 00:00:00,2.1088848830535136
2021-11-25 01:00:00,2.1063733734283474
2021-11-25 02:00:00,2.1318488394422204
2021-11-25 03:00:00,2.0206704150717707
2021-11-25 04:00:00,2.209324324500154
2021-11-25 05:00:00,2.0822315221774708
2021-11-25 06:00:00,2.151913949157336
2021-11-25 07:00:00,1.9162332889403815
2021-11-25 08:00:00,2.0647836915167552
2021-11-25 09:00:00,2.061842496149422
2021-11-25 10:00:00,1.8309393096239948
2021-11-25 11:00:00,2.0954805250693336
2021-11-25 12:00:00,2.039132263804365
2021-11-25 13:00:00,1.8333922608524995
2021-11-25 14:00:00,2.2882765934618248
2021-11-25 15:00:00,2.1477149716085284
2021-11-25 16:00:00,1.9978132399407857
2021-11-25 17:00:00,2.025987753371064
2021-11-25 18:00:00,2.0464087161984774
2021-11-25 19:00:00,2.0371683335043045
2021-11-25 20:00:00,2.062130411973462
2021-11-25 21:00:00,2.0513708394009083
2021-11-25 22:00:00,2.146856330508992
2021-11-25 23:00:00,2.0892214032445073
2021-11-26 00:00:00,2.0134902117008022
2021-11-26 01:00:00,2.130324732510928
2021-11-26 02:00:00,2.137651194707728
2021-11-26 03:00:00,2.06749439994648
2021-11-26 04:00:00,2.3051655737815318
2021-11-26 05:00:00,2.1647965578727892
2021-11-26 06:00:00,2.2856930512551465
2021-11-26 07:00:00,2.0871568144789308
2021-11-26 08:00:00,2.1922715525578527
2021-11-26 09:00:00,2.1712529810908476
2021-11-26 10:00:00,2.092614505009579
2021-11-26 11:00:00,2.2674366938552715
2021-11-26 12:00:00,2.1088030172316277
2021-11-26 13:00:00,2.0584913188959906
2021-11-26 14:00:00,1.9848732496830837
2021-11-26 15:00:00,2.12342316563164
2021-11-26 16:00:00,2.1458842475635995
2021-11-26 17:00:00,2.0225112627336217
2021-11-26 18:00:00,2.199178662149776
2021-11-26 19:00:00,2.187638277606747
2021-11-26 20:00:00,2.2203067462718766
2021-11-26 21:00:00,2.176720759638463
2021-11-26 22:00:00,2.2138181980958107
2021-11-26 23:00:00,2.112745933554426
2021-11-27 00:00:00,2.005694018591112
2021-11-27 01:00:00,2.110273814015317
2021-11-27 02:00:00,2.1252056824835144
2021-11-27 03:00:00,2.375023682532898
2021-11-27 04:00:00,2.1021423351373034
2021-11-27 05:00:00,2.141327697940609
2021-11-27 06:00:00,2.3091193446364775
2021-11-27 07:00:00,2.0540230850863663
2021-11-27 08:00:00,2.0513009085636535
2021-11-27 09:00:00,2.017165072630382
2021-11-27 10:00:00,2.1718671315672147
2021-11-27 11:00:00,2.1889050318194934
2021-11-27 12:00:00,1.930572432234578
2021-11-27 13:00:00,1.900484705716968
2021-11-27 14:00:00,1.9135664662207965
2021-11-27 15:00:00,2.166147935033617
2021-11-27 16:00:00,2.0861629459863344
2021-11-27 17:00:00,2.079389356195264
2021-11-27 18:00:00,1.9097854367494862
2021-11-27 19:00:00,2.121168921289722
2021-11-27 20:00:00,2.0064412324869156
2021-11-27 21:00:00,1.8750604879299149
2021-11-27 22:00:00,1.88110759905451
2021-11-27 23:00:00,2.1231320640154303
2021-11-28 00:00:00,2.175735923718091
2021-11-28 01:00:00,2.2770707984227867
2021-11-28 02:00:00,1.8611259108107618
2021-11-28 03:00:00,2.154309912772344
2021-11-28 04:00:00,2.045269750403939
2021-11-28 05:00:00,2.0896277129966165
2021-11-28 06:00:00,1.9924852463329237
2021-11-28 07:00:00,2.0093223628297774
2021-11-28 08:00:00,2.1765550021546205
2021-11-28 09:00:00,2.030637049419638
2021-11-28 10:00:00,2.0776696543511703
2021-11-28 11:00:00,2.130596562381014
2021-11-28 12:00:00,2.039571274919724
2021-11-28 13:00:00,1.9305474128537061
2021-11-28 14:00:00,1.9718960901711484
2021-11-28 15:00:00,1.9702445149424532
2021-11-28 16:00:00,1.9238014233848024
2021-11-28 17:00:00,1.9435090902225838
2021-11-28 18:00:00,1.9829272582761275
2021-11-28 19:00:00,2.0723028197468856
2021-11-28 20:00:00,1.9431708973806028
2021-11-28 21:00:00,2.0660214529104133
2021-11-28 22:00:00,1.8899404190827447
2021-11-28 23:00:00,2.084085036604095
2021-11-29 00:00:00,2.078940508924156
2021-11-29 01:00:00,2.0790198790741967
2021-11-29 02:00:00,2.089524963315216
2021-11-29 03:00:00,1.9556860447530762
2021-11-29 04:00:00,2.0302107112484573
2021-11-29 05:00:00,2.009323119506136
2021-11-29 06:00:00,1.9145258988356897
2021-11-29 07:00:00,2.0824622918725177
2021-11-29 08:00:00,2.0447629513742314
2021-11-29 09:00:00,2.0778540350845884
2021-11-29 10:00:00,2.0884599121702747
2021-11-29 11:00:00,2.165905576887316
2021-11-29 12:00:00,2.1585597693732383
2021-11-29 13:00:00,1.9608070928794206
2021-11-29 14:00:00,1.9878594179992717
2021-11-29 15:00:00,2.200805196361591
2021-11-29 16:00:00,1.9907492860137246
2021-11-29 17:00:00,2.223796204926989
2021-11-29 18:00:00,2.2549611367102944
2021-11-29 19:00:00,2.0351802183633922
2021-11-29 20:00:00,2.175450304300645
2021-11-29 21:00:00,2.178825440482946
2021-11-29 22:00:00,2.096440422120502
2021-11-29 23:00:00,2.1654912361958645
2021-11-30 00:00:00,1.9285664235203823
2021-11-30 01:00:00,1.9908435003012062
2021-11-30 02:00:00,1.9417291555788756
2021-11-30 03:00:00,2.040101237755864
2021-11-30 04:00:00,2.1542909723636696
2021-11-30 05:00:00,2.295256586625004
2021-11-30 06:00:00,2.001698992094003
2021-11-30 07:00:00,2.1647286883357286
2021-11-30 08:00:00,1.9220678937033655
2021-11-30 09:00:00,1.9616528094859569
2021-11-30 10:00:00,2.0195194911830474
2021-11-30 11:00:00,2.1096399662488245
2021-11-30 12:00:00,1.9885087305998619
2021-11-30 13:00:00,1.9541623855773946
2021-11-30 14:00:00,1.967429440799851
2021-11-30 15:00:00,1.9799838313361549
2021-11-30 16:00:00,1.920531252570059
2021-11-30 17:00:00,2.1416296116902935
2021-11-30 18:00:00,2.0299932333360813
2021-11-30 19:00:00,2.1192230111082466
2021-11-30 20:00:00,2.041315964712569
2021-11-30 21:00:00,1.9120119633540154
2021-11-30 22:00:00,1.9384337299450487
2021-11-30 23:00:00,1.953939072832743
2021-12-01 00:00:00,2.1072618985805063
2021-12-01 01:00:00,2.169189879309473
2021-12-01 02:00:00,2.186035357624159
2021-12-01 03:00:00,2.010925877652816
2021-12-01 04:00:00,2.1082070801904482
2021-12-01 05:00:00,2.122568672239163
2021-12-01 06:00:00,1.9956033044566837
2021-12-01 07:00:00,2.097644713495964
2021-12-01 08:00:00,1.9674364366332187
2021-12-01 09:00:00,2.0604931493221788
2021-12-01 10:00:00,2.2008833643388384
2021-12-01 11:00:00,2.0450552596730738
2021-12-01 12:00:00,2.2337342946764562
2021-12-01 13:00:00,2.0019586043396034
2021-12-01 14:00:00,2.203457098444979
2021-12-01 15:00:00,1.9995492258600691
2021-12-01 16:00:00,2.1787453169393376
2021-12-01 17:00:00,1.9649147192806775
2021-12-01 18:00:00,2.1814643909849387
2021-12-01 19:00:00,2.0582868394247495
2021-12-01 20:00:00,1.906067417274206
2021-12-01 21:00:00,2.0480944387334294
2021-12-01 22:00:00,2.1261103669511625
2021-12-01 23:00:00,2.208464647603424
2021-12-02 00:00:00,2.0290430833101247
2021-12-02 01:00:00,2.002536359405377
2021-12-02 02:00:00,2.1311099714413575
2021-12-02 03:00:00,2.048447009217769
2021-12-02 04:00:00,1.9708377290473302
2021-12-02 05:00:00,2.2467617966653335
2021-12-02 06:00:00,2.122114349248751
2021-12-02 07:00:00,2.0230326397534015
2021-12-02 08:00:00,2.03585410192223
2021-12-02 09:00:00,1.9173075694222896
2021-12-02 10:00:00,2.1401712432987106
2021-12-02 11:00:00,2.135964959937752
2021-12-02 12:00:00,2.1097644125301698
2021-12-02 13:00:00,1.964959492084205
2021-12-02 14:00:00,2.1718429564801953
2021-12-02 15:00:00,2.197018072074446
2021-12-02 16:00:00,2.1695015804810582
2021-12-02 17:00:00,2.135840178429184
2021-12-02 18:00:00,2.00897285767124
2021-12-02 19:00:00,2.2379981993514875
2021-12-02 20:00:00,2.2112541426036376
2021-12-02 21:00:00,2.157856988702063
2021-12-02 22:00:00,2.266179709782974
2021-12-02 23:00:00,2.0200834778805543
2021-12-03 00:00:00,2.2205883273930933
2021-12-03 01:00:00,2.145660164140978
2021-12-03 02:00:00,2.0860877210243274
2021-12-03 03:00:00,1.9135900151470935
2021-12-03 04:00:00,2.164325278029289
2021-12-03 05:00:00,2.163893626677051
2021-12-03 06:00:00,2.0706635342840416
2021-12-03 07:00:00,2.191094203877128
2021-12-03 08:00:00,2.1568644157031898
2021-12-03 09:00:00,1.941317614703346
2021-12-03 10:00:00,2.067369317740186
2021-12-03 11:00:00,1.976694218357402
2021-12-03 12:00:00,1.9939378949320075
2021-12-03 13:00:00,2.054567383295435
2021-12-03 14:00:00,2.1176799155818595
2021-12-03 15:00:00,1.982281396961429
2021-12-03 16:00:00,2.0092531961916
2021-12-03 17:00:00,2.2428871542465068
2021-12-03 18:00:00,2.1118176883094226
2021-12-03 19:00:00,2.2794711917881854
2021-12-03 20:00:00,2.13782952449367
2021-12-03 21:00:00,2.036419865725605
2021-12-03 22:00:00,1.9213459480916262
2021-12-03 23:00:00,2.179753449808736
2021-12-04 00:00:00,2.1404494960460876
2021-12-04 01:00:00,1.9070180403645165
2021-12-04 02:00:00,1.9669428188304894
2021-12-04 03:00:00,2.1198881557716343
2021-12-04 04:00:00,1.965840104526806
2021-12-04 05:00:00,2.167055281043039
2021-12-04 06:00:00,1.9342224213504937
2021-12-04 07:00:00,2.0254401329858034
2021-12-04 08:00:00,2.1296579850052826
2021-12-04 09:00:00,2.0983431246971436
2021-12-04 10:00:00,2.111031100958252
2021-12-04 11:00:00,2.0767740882210695
2021-12-04 12:00:00,2.0872605099790804
2021-12-04 13:00:00,2.05541747337396
2021-12-04 14:00:00,2.2053175874684627
2021-12-04 15:00:00,2.0084998665099367
2021-12-04 16:00:00,2.032416961159407
2021-12-04 17:00:00,2.0643234303225895
2021-12-04 18:00:00,2.059959587108585
2021-12-04 19:00:00,2.1375708752042653
2021-12-04 20:00:00,2.04871093925228
2021-12-04 21:00:00,2.0591261293522862
2021-12-04 22:00:00,2.0899379886419105
2021-12-04 23:00:00,1.7588020069815449
2021-12-05 00:00:00,2.0364646995727806
2021-12-05 01:00:00,2.180579174286063
2021-12-05 02:00:00,2.0331758351829
2021-12-05 03:00:00,1.915359028624163
2021-12-05 04:00:00,2.0803257206357815
2021-12-05 05:00:00,2.0171985486948554
2021-12-05 06:00:00,2.013798508125531
2021-12-05 07:00:00,2.0718188078695468
2021-12-05 08:00:00,2.067182330450738
2021-12-05 09:00:00,2.1365869067161283
2021-12-05 10:00:00,2.1899013867458486
2021-12-05 11:00:00,2.0545522501662585
2021-12-05 12:00:00,2.006656009467224
2021-12-05 13:00:00,2.139519889424168
2021-12-05 14:00:00,2.0849165367966003
2021-12-05 15:00:00,2.132774110901099
2021-12-05 16:00:00,2.1377445495464578
2021-12-05 17:00:00,2.0354427109593924
2021-12-05 18:00:00,2.0736672743429643
2021-12-05 19:00:00,2.0881453337242357
2021-12-05 20:00:00,1.9105918404293438
2021-12-05 21:00:00,2.1613793998954094
2021-12-05 22:00:00,2.0466407743884036
2021-12-05 23:00:00,1.9981308496209818
2021-12-06 00:00:00,2.2192520345418925
2021-12-06 01:00:00,2.075613257580001
2021-12-06 02:00:00,2.057299582534942
2021-12-06 03:00:00,2.179186358898773
2021-12-06 04:00:00,1.965176848909222
2021-12-06 05:00:00,1.9421744568857808
2021-12-06 06:00:00,1.945168874875371
2021-12-06 07:00:00,1.9393485798410732
2021-12-06 08:00:00,2.1178110180338185
2021-12-06 09:00:00,1.947238646315612
2021-12-06 10:00:00,2.032163492724861
2021-12-06 11:00:00,2.0134905386113835
2021-12-06 12:00:00,2.0026994236947147
2021-12-06 13:00:00,2.0445784004231013
2021-12-06 14:00:00,2.0241694078154318
2021-12-06 15:00:00,2.035800911631409
2021-12-06 16:00:00,1.9819091516190472
2021-12-06 17:00:00,2.1247545150946507
2021-12-06 18:00:00,2.1334616710683814
2021-12-06 19:00:00,2.1018742102145405
2021-12-06 20:00:00,1.967886383534787
2021-12-06 21:00:00,1.9628013149168133
2021-12-06 22:00:00,1.8182010375021482
2021-12-06 23:00:00,1.906751817705048
2021-12-07 00:00:00,2.0532198492491167
2021-12-07 01:00:00,2.0069342620935213
2021-12-07 02:00:00,2.085526864239377
2021-12-07 03:00:00,2.195834029689427
2021-12-07 04:00:00,1.9573953697867787
2021-12-07 05:00:00,1.9043433214030467
2021-12-07 06:00:00,2.121510804241007
2021-12-07 07:00:00,2.0111470896718333
2021-12-07 08:00:00,2.0828942882370813
2021-12-07 09:00:00,2.1003580553425314
2021-12-07 10:00:00,2.2032911270575437
2021-12-07 11:00:00,2.0557534769495653
2021-12-07 12:00:00,2.1815503125552285
2021-12-07 13:00:00,2.266500309307911
2021-12-07 14:00:00,2.149180488340886
2021-12-07 15:00:00,2.233310918749213
2021-12-07 16:00:00,2.0073704605625595
2021-12-07 17:00:00,2.2279204518282363
2021-12-07 18:00:00,2.0427858184520558
2021-12-07 19:00:00,1.948383241550281
2021-12-07 20:00:00,2.0659522117512163
2021-12-07 21:00:00,2.134446407146036
2021-12-07 22:00:00,2.0383407232632615
2021-12-07 23:00:00,2.0301391709579537
2021-12-08 00:00:00,2.122973944451216
2021-12-08 01:00:00,1.9930596551171664
2021-12-08 02:00:00,2.0856166705354493
2021-12-08 03:00:00,1.9521986679985852
2021-12-08 04:00:00,2.0734345640912335
2021-12-08 05:00:00,2.0752516380208976
2021-12-08 06:00:00,2.3238212981418758
2021-12-08 07:00:00,2.183056058826665
2021-12-08 08:00:00,2.1226982797308676
2021-12-08 09:00:00,2.219887048705381
2021-12-08 10:00:00,2.242404556013333
2021-12-08 11:00:00,2.054892281260125
2021-12-08 12:00:00,2.2461016871208885
2021-12-08 13:00:00,2.006130654179625
2021-12-08 14:00:00,2.117124531548288
2021-12-08 15:00:00,2.3144405965298454
2021-12-08 16:00:00,2.0993442582040336
2021-12-08 17:00:00,2.223177604744853
2021-12-08 18:00:00,2.1376791879337493
2021-12-08 19:00:00,2.240956459883465
2021-12-08 20:00:00,2.155310198103383
2021-12-08 21:00:00,2.2739700958323468
2021-12-08 22:00:00,2.1998561175674367
2021-12-08 23:00:00,2.1819152981201553
2021-12-09 00:00:00,2.1210394670007378
2021-12-09 01:00:00,2.158285805293279
2021-12-09 02:00:00,2.2587489325139978
2021-12-09 03:00:00,2.1136375899293713
2021-12-09 04:00:00,2.1916259351528242
2021-12-09 05:00:00,2.411834402569599
2021-12-09 06:00:00,2.2008437705052546
2021-12-09 07:00:00,2.3038249165457705
2021-12-09 08:00:00,2.1526315118762414
2021-12-09 09:00:00,2.1666900159890923
2021-12-09 10:00:00,2.2495104065849754
2021-12-09 11:00:00,2.3488587537936407
2021-12-09 12:00:00,2.229641952692275
2021-12-09 13:00:00,2.2316418967330365
2021-12-09 14:00:00,2.1381834124670163
2021-12-09 15:00:00,2.165809013799036
2021-12-09 16:00:00,2.3329467505631905
2021-12-09 17:00:00,2.1773892466146796
2021-12-09 18:00:00,2.305556198784017
2021-12-09 19:00:00,2.2956890116627964
2021-12-09 20:00:00,2.2272401926874803
2021-12-09 21:00:00,2.223531540352163
2021-12-09 22:00:00,2.27540829678653
2021-12-09 23:00:00,2.146303701026993
2021-12-10 00:00:00,2.3068670483621356
2021-12-10 01:00:00,2.2959865477515646
2021-12-10 02:00:00,2.1146852940439715
2021-12-10 03:00:00,2.1637004150757297
2021-12-10 04:00:00,2.306662132371552
2021-12-10 05:00:00,2.3011002907510494
2021-12-10 06:00:00,2.1445843501867943
2021-12-10 07:00:00,2.354312387761065
2021-12-10 08:00:00,2.3360315552456
2021-12-10 09:00:00,2.317629516519265
2021-12-10 10:00:00,2.1762835364911646
2021-12-10 11:00:00,2.1973467665566653
2021-12-10 12:00:00,2.0280751298108646
2021-12-10 13:00:00,2.0465231157799213
2021-12-10 14:00:00,2.005237419082912
2021-12-10 15:00:00,2.1958269073806593
2021-12-10 16:00:00,2.3107256921636896
2021-12-10 17:00:00,2.101080343319468
2021-12-10 18:00:00,2.3005807439065284
2021-12-10 19:00:00,2.201476003658839
2021-12-10 20:00:00,2.2478124719767787
2021-12-10 21:00:00,2.3393160427486173
2021-12-10 22:00:00,2.1963921662622896
2021-12-10 23:00:00,2.2309714409320778
2021-12-11 00:00:00,2.293807371559841
2021-12-11 01:00:00,2.0132953118883594
2021-12-11 02:00:00,2.211713813233234
2021-12-11 03:00:00,2.3371371338227718
2021-12-11 04:00:00,2.2396476654325648
2021-12-11 05:00:00,2.2692506448834218
2021-12-11 06:00:00,2.285204453718264
2021-12-11 07:00:00,2.131903268536182
2021-12-11 08:00:00,2.2782690937756778
2021-12-11 09:00:00,2.2904266020856188
2021-12-11 10:00:00,2.366225884174116
2021-12-11 11:00:00,2.285027498158735
2021-12-11 12:00:00,2.140224287667996
2021-12-11 13:00:00,2.4557996841337615
2021-12-11 14:00:00,2.3149851224779634
2021-12-11 15:00:00,2.4461631980834886
2021-12-11 16:00:00,2.3712947130711735
2021-12-11 17:00:00,2.313242834529397
2021-12-11 18:00:00,2.2637092869189464
2021-12-11 19:00:00,2.2212224191516263
2021-12-11 20:00:00,2.2482577248422038
2021-12-11 21:00:00,2.247312449968436
2021-12-11 22:00:00,2.147459069198256
2021-12-11 23:00:00,2.129985324123338
2021-12-12 00:00:00,2.229498699035864
2021-12-12 01:00:00,2.139840243957563
2021-12-12 02:00:00,2.2602809717407264
2021-12-12 03:00:00,2.3168732618582384
2021-12-12 04:00:00,2.2996883705323112
2021-12-12 05:00:00,2.4551122672960326
2021-12-12 06:00:00,2.311098183560002
2021-12-12 07:00:00,2.2441717502525065
2021-12-12 08:00:00,2.153064936480571
2021-12-12 09:00:00,2.361559961949508
2021-12-12 10:00:00,2.1449692140569785
2021-12-12 11:00:00,2.319851344082673
2021-12-12 12:00:00,2.1965533146363345
2021-12-12 13:00:00,2.269102748116645
2021-12-12 14:00:00,2.2416882651711796
2021-12-12 15:00:00,2.348342604482602
2021-12-12 16:00:00,2.372168834677814
2021-12-12 17:00:00,2.2912985854646126
2021-12-12 18:00:00,2.073512366234246
2021-12-12 19:00:00,2.220901342128878
2021-12-12 20:00:00,2.2645435673526095
2021-12-12 21:00:00,2.1917687822532206
2021-12-12 22:00:00,2.14761506713968
2021-12-12 23:00:00,2.2796824487416285
2021-12-13 00:00:00,2.009172145481338
2021-12-13 01:00:00,2.1615063094216125
2021-12-13 02:00:00,2.1115595187652136
2021-12-13 03:00:00,2.1415101320052226
2021-12-13 04:00:00,2.2013556449562626
2021-12-13 05:00:00,2.1416055091982837
2021-12-13 06:00:00,2.233827412277315
2021-12-13 07:00:00,2.1603228723238934
2021-12-13 08:00:00,2.016546243354936
2021-12-13 09:00:00,2.170537903307328
2021-12-13 10:00:00,1.9253929671303098
2021-12-13 11:00:00,2.0260738000937226
2021-12-13 12:00:00,2.0032093432366507
2021-12-13 13:00:00,2.0160517499171955
2021-12-13 14:00:00,2.2203824684097464
2021-12-13 15:00:00,2.189492277573058
2021-12-13 16:00:00,1.9522388265150976
2021-12-13 17:00:00,2.097405591747802
2021-12-13 18:00:00,1.9742174118284865
2021-12-13 19:00:00,2.171596742894805
2021-12-13 20:00:00,2.2749216542417674
2021-12-13 21:00:00,2.0626835024116383
2021-12-13 22:00:00,2.0484595538048267
2021-12-13 23:00:00,2.2308791354883155
2021-12-14 00:00:00,2.321214867891471
2021-12-14 01:00:00,2.0480062198946216
2021-12-14 02:00:00,2.2203433716979304
2021-12-14 03:00:00,2.2027675415287913
2021-12-14 04:00:00,2.0304487344830613
2021-12-14 05:00:00,2.176036129256539
2021-12-14 06:00:00,2.141505723412381
2021-12-14 07:00:00,1.9774391082279772
2021-12-14 08:00:00,2.1459537321006086
2021-12-14 09:00:00,2.159947540168787
2021-12-14 10:00:00,2.125703984204282
2021-12-14 11:00:00,2.046814468178026
2021-12-14 12:00:00,2.2019137530522293
2021-12-14 13:00:00,2.1633303932009302
2021-12-14 14:00:00,2.200960651146184
2021-12-14 15:00:00,2.124568012529991
2021-12-14 16:00:00,2.2165443182423
2021-12-14 17:00:00,2.1933786757388285
2021-12-14 18:00:00,2.2248730935682737
2021-12-14 19:00:00,2.161468256779799
2021-12-14 20:00:00,2.097742301524075
2021-12-14 21:00:00,2.216159582459173
2021-12-14 22:00:00,2.343165396110596
2021-12-14 23:00:00,2.2675176104945205
2021-12-15 00:00:00,2.4708514865853326
2021-12-15 01:00:00,2.239057839998014
2021-12-15 02:00:00,2.180741806879946
2021-12-15 03:00:00,2.0211747830820808
2021-12-15 04:00:00,2.1683088146146283
2021-12-15 05:00:00,2.3532563106214863
2021-12-15 06:00:00,2.04743905074518
2021-12-15 07:00:00,2.136475567963841
2021-12-15 08:00:00,2.2187999014394646
2021-12-15 09:00:00,2.1996810678743235
2021-12-15 10:00:00,2.214103836946947
2021-12-15 11:00:00,2.24039836116955
2021-12-15 12:00:00,2.0497243750782137
2021-12-15 13:00:00,2.173987046322246
2021-12-15 14:00:00,2.0787464348846028
2021-12-15 15:00:00,2.1535350392649053
2021-12-15 16:00:00,2.078666393613644
2021-12-15 17:00:00,2.2707877177127833
2021-12-15 18:00:00,2.047604418192932
2021-12-15 19:00:00,2.213345357658294
2021-12-15 20:00:00,2.069464670869713
2021-12-15 21:00:00,2.1351103986398874
2021-12-15 22:00:00,2.068985375792105
2021-12-15 23:00:00,2.113876075466816
2021-12-16 00:00:00,2.058648991665737
2021-12-16 01:00:00,2.127065583825667
2021-12-16 02:00:00,2.104336051821035
2021-12-16 03:00:00,2.3272058805800295
2021-12-16 04:00:00,2.0663947693966356
2021-12-16 05:00:00,2.129670300362845
2021-12-16 06:00:00,2.213719053123228
2021-12-16 07:00:00,1.9891178610609872
2021-12-16 08:00:00,2.024420731533877
2021-12-16 09:00:00,2.0848242995180546
2021-12-16 10:00:00,2.2079372672704447
2021-12-16 11:00:00,2.0028073645204096
2021-12-16 12:00:00,1.98649130082636
2021-12-16 13:00:00,2.06175875429986
2021-12-16 14:00:00,2.0063110228802477
2021-12-16 15:00:00,2.0348547607151244
2021-12-16 16:00:00,2.072997990675896
2021-12-16 17:00:00,2.177788964718375
2021-12-16 18:00:00,2.0705362788279285
2021-12-16 19:00:00,1.9447376438909294
2021-12-16 20:00:00,1.9306852269887465
2021-12-16 21:00:00,2.2708283923647996
2021-12-16 22:00:00,2.0565839759672024
2021-12-16 23:00:00,2.1196778163394545
2021-12-17 00:00:00,1.9992124960473199
2021-12-17 01:00:00,2.0708351448704168
2021-12-17 02:00:00,2.155504381709581
2021-12-17 03:00:00,2.0543334645688334
2021-12-17 04:00:00,2.064037174015724
2021-12-17 05:00:00,2.01714849736506
2021-12-17 06:00:00,2.0369240218343103
2021-12-17 07:00:00,2.0385796037688073
2021-12-17 08:00:00,2.1087921214170957
2021-12-17 09:00:00,2.1978445086615164
2021-12-17 10:00:00,2.228305643996124
2021-12-17 11:00:00,2.1570314683278946
2021-12-17 12:00:00,2.0486770199392583
2021-12-17 13:00:00,2.0815533153647796
2021-12-17 14:00:00,2.0436355448513543
2021-12-17 15:00:00,2.1403137517821156
2021-12-17 16:00:00,1.9669654270111077
2021-12-17 17:00:00,2.2003305444647863
2021-12-17 18:00:00,2.062840816283709
2021-12-17 19:00:00,2.1047036203166627
2021-12-17 20:00:00,2.1102585057411107
2021-12-17 21:00:00,2.213641317930261
2021-12-17 22:00:00,2.0128848383941325
2021-12-17 23:00:00,2.280322374989974
2021-12-18 00:00:00,2.096519635291894
2021-12-18 01:00:00,2.2422757244035085
2021-12-18 02:00:00,2.2365312427376356
2021-12-18 03:00:00,2.095159455338929
2021-12-18 04:00:00,2.1131022125871595
2021-12-18 05:00:00,2.2315130037673923
2021-12-18 06:00:00,2.06538657450592
2021-12-18 07:00:00,2.1982226097449558
2021-12-18 08:00:00,2.065216574732949
2021-12-18 09:00:00,2.048585832153308
2021-12-18 10:00:00,1.9742171060365925
2021-12-18 11:00:00,2.0557180227663108
2021-12-18 12:00:00,2.1838581218324573
2021-12-18 13:00:00,2.0890058184524563
2021-12-18 14:00:00,2.333787869239127
2021-12-18 15:00:00,2.0561205773229387
2021-12-18 16:00:00,1.986278061609899
2021-12-18 17:00:00,2.1191195652703487
2021-12-18 18:00:00,2.164702090584418
2021-12-18 19:00:00,2.1141345684087076
2021-12-18 20:00:00,2.152448166032493
2021-12-18 21:00:00,1.9997766632544238
2021-12-18 22:00:00,2.1187991708563323
2021-12-18 23:00:00,2.037492392307353
2021-12-19 00:00:00,1.9474559870659438
2021-12-19 01:00:00,2.0131418784054227
2021-12-19 02:00:00,2.124918887234601
2021-12-19 03:00:00,2.355578745743302
2021-12-19 04:00:00,2.166257943542584
2021-12-19 05:00:00,2.0163333866144315
2021-12-19 06:00:00,2.0995872302060397
2021-12-19 07:00:00,2.074080301231451
2021-12-19 08:00:00,2.20022693275522
2021-12-19 09:00:00,2.2765155357588687
2021-12-19 10:00:00,2.0497491173179188
2021-12-19 11:00:00,2.0703349239042854
2021-12-19 12:00:00,2.2805012672265756
2021-12-19 13:00:00,2.093302288753526
2021-12-19 14:00:00,1.922337204478704
2021-12-19 15:00:00,2.038733542584007
2021-12-19 16:00:00,2.1473923087844953
2021-12-19 17:00:00,2.0260666492106423
2021-12-19 18:00:00,2.080193894776945
2021-12-19 19:00:00,2.1412708244479832
2021-12-19 20:00:00,2.161710988954241
2021-12-19 21:00:00,2.027273343306554
2021-12-19 22:00:00,2.0450533293190465
2021-12-19 23:00:00,2.2440792090615393
2021-12-20 00:00:00,2.1853241128082055
2021-12-20 01:00:00,2.190961010016936
2021-12-20 02:00:00,2.061051689162284
2021-12-20 03:00:00,2.2493988302551537
2021-12-20 04:00:00,2.2335763097026087
2021-12-20 05:00:00,2.103845735525128
2021-12-20 06:00:00,2.2327667392903376
2021-12-20 07:00:00,2.194052234367976
2021-12-20 08:00:00,2.1065127591356014
2021-12-20 09:00:00,2.1141478019501605
2021-12-20 10:00:00,2.18018775344315
2021-12-20 11:00:00,2.0621589289858187
2021-12-20 12:00:00,2.1094892424871916
2021-12-20 13:00:00,2.154420073071636
2021-12-20 14:00:00,2.1291924091777785
2021-12-20 15:00:00,2.189079751021274
2021-12-20 16:00:00,2.190056648753505
2021-12-20 17:00:00,2.035803618823672
2021-12-20 18:00:00,2.029354460298193
2021-12-20 19:00:00,1.9845642898590958
2021-12-20 20:00:00,2.050073323132655
2021-12-20 21:00:00,2.01410354104254
2021-12-20 22:00:00,2.1738969621694437
2021-12-20 23:00:00,2.185034563030266
2021-12-21 00:00:00,2.093995229452731
2021-12-21 01:00:00,2.07282455211629
2021-12-21 02:00:00,2.138467242430322
2021-12-21 03:00:00,1.9804867273067934
2021-12-21 04:00:00,2.077097657595237
2021-12-21 05:00:00,2.0690545304074237
2021-12-21 06:00:00,2.0772444658062152
2021-12-21 07:00:00,1.9004247509923142
2021-12-21 08:00:00,2.0595360784521897
2021-12-21 09:00:00,2.0867248032865873
2021-12-21 10:00:00,2.2902938925855
2021-12-21 11:00:00,2.0886113968595947
2021-12-21 12:00:00,2.210975803196988
2021-12-21 13:00:00,2.1939905061837
2021-12-21 14:00:00,2.2264053783493405
2021-12-21 15:00:00,2.343882268968881
2021-12-21 16:00:00,1.9421168097244854
2021-12-21 17:00:00,2.0061501422930315
2021-12-21 18:00:00,1.9827855249054345
2021-12-21 19:00:00,2.155576636460704
2021-12-21 20:00:00,2.1779619246515227
2021-12-21 21:00:00,2.1520368783815265
2021-12-21 22:00:00,2.0758269494297283
2021-12-21 23:00:00,2.248662175108904
2021-12-22 00:00:00,2.2092573256280406
2021-12-22 01:00:00,2.1078261094203388
2021-12-22 02:00:00,2.020559736596715
2021-12-22 03:00:00,2.0974457585027655
2021-12-22 04:00:00,2.1287660431842026
2021-12-22 05:00:00,2.1594516911513515
2021-12-22 06:00:00,2.3569679843281026
2021-12-22 07:00:00,2.0186265268354697
2021-12-22 08:00:00,2.211161360893803
2021-12-22 09:00:00,2.2800998531680863
2021-12-22 10:00:00,2.1004046875042075
2021-12-22 11:00:00,1.8957437343055068
2021-12-22 12:00:00,2.4514848627994557
2021-12-22 13:00:00,2.0965856552238336
2021-12-22 14:00:00,2.152383428548564
2021-12-22 15:00:00,2.0611001701109934
2021-12-22 16:00:00,2.3021877852806334
2021-12-22 17:00:00,2.059854270817929
2021-12-22 18:00:00,2.0265321635384836
2021-12-22 19:00:00,2.20063927006428
2021-12-22 20:00:00,2.014740330134127
2021-12-22 21:00:00,2.2039537107472684
2021-12-22 22:00:00,2.250165049077549
2021-12-22 23:00:00,2.1223430646331303
2021-12-23 00:00:00,1.9955227204479962
2021-12-23 01:00:00,2.0507114899244536
2021-12-23 02:00:00,2.325038884681467
2021-12-23 03:00:00,2.289820995236698
2021-12-23 04:00:00,2.142154610825132
2021-12-23 05:00:00,2.0435621421711194
2021-12-23 06:00:00,2.13447076398492
2021-12-23 07:00:00,2.135062548177614
2021-12-23 08:00:00,2.224503392332602
2021-12-23 09:00:00,1.9997272085909625
2021-12-23 10:00:00,2.169442287541327
2021-12-23 11:00:00,1.9357449268830624
2021-12-23 12:00:00,2.1232989496302634
2021-12-23 13:00:00,2.0718139454392035
2021-12-23 14:00:00,2.0528670503411854
2021-12-23 15:00:00,1.9646769257663068
2021-12-23 16:00:00,2.1411043974959987
2021-12-23 17:00:00,2.2078798177202708
2021-12-23 18:00:00,1.983652184324802
2021-12-23 19:00:00,2.1005220419418285
2021-12-23 20:00:00,1.8423482610527615
2021-12-23 21:00:00,2.1539410330288873
2021-12-23 22:00:00,2.10815151858017
2021-12-23 23:00:00,2.086278442032233
2021-12-24 00:00:00,2.022402071515328
2021-12-24 01:00:00,2.127301399624311
2021-12-24 02:00:00,2.1925397091068017
2021-12-24 03:00:00,2.112464429553639
2021-12-24 04:00:00,2.176325361192442
2021-12-24 05:00:00,2.1426207225915412
2021-12-24 06:00:00,1.9999309424001122
2021-12-24 07:00:00,2.135568292898367
2021-12-24 08:00:00,2.0940328714058585
2021-12-24 09:00:00,2.1776634739387326
2021-12-24 10:00:00,2.0649400648231926
2021-12-24 11:00:00,2.0383293069303203
2021-12-24 12:00:00,1.9854724556539534
2021-12-24 13:00:00,2.232052289348305
2021-12-24 14:00:00,2.2995469227428926
2021-12-24 15:00:00,2.122939007598097
2021-12-24 16:00:00,2.210276985363506
2021-12-24 17:00:00,2.136903108743565
2021-12-24 18:00:00,2.2628857305059635
2021-12-24 19:00:00,2.2117887170955686
2021-12-24 20:00:00,1.935678444951517
2021-12-24 21:00:00,2.076927982854098
2021-12-24 22:00:00,2.197897829918232
2021-12-24 23:00:00,2.2185658381303472
2021-12-25 00:00:00,2.128753119293885
2021-12-25 01:00:00,2.1602522856458966
2021-12-25 02:00:00,2.0601214918076893
2021-12-25 03:00:00,2.2650542267032012
2021-12-25 04:00:00,2.096324753079096
2021-12-25 05:00:00,2.044537743063035
2021-12-25 06:00:00,2.044309795048108
2021-12-25 07:00:00,2.0386696726770293
2021-12-25 08:00:00,2.1288439226304
2021-12-25 09:00:00,2.087218078325281
2021-12-25 10:00:00,2.109341687527224
2021-12-25 11:00:00,2.2459317923869073
2021-12-25 12:00:00,2.2002505672992703
2021-12-25 13:00:00,2.280979586466889
2021-12-25 14:00:00,2.1360390271362055
2021-12-25 15:00:00,2.314754832141171
2021-12-25 16:00:00,2.392623817233641
2021-12-25 17:00:00,2.1445202474696496
2021-12-25 18:00:00,2.2776416627489384
2021-12-25 19:00:00,2.1377479469468796
2021-12-25 20:00:00,2.2240644168648838
2021-12-25 21:00:00,2.0746203949965456
2021-12-25 22:00:00,2.2849150775807088
2021-12-25 23:00:00,2.0385258919969202
2021-12-26 00:00:00,2.025416107840559
2021-12-26 01:00:00,2.1043687753995077
2021-12-26 02:00:00,2.380518525523732
2021-12-26 03:00:00,2.1976901666613458
2021-12-26 04:00:00,2.2828430039595258
2021-12-26 05:00:00,2.282114789056968
2021-12-26 06:00:00,2.2007538244845746
2021-12-26 07:00:00,2.3387789327169957
2021-12-26 08:00:00,2.417649027765903
2021-12-26 09:00:00,2.1250800571117114
2021-12-26 10:00:00,2.4923131933147946
2021-12-26 11:00:00,2.2256529059297847
2021-12-26 12:00:00,2.1315681193972895
2021-12-26 13:00:00,2.387273378186338
2021-12-26 14:00:00,2.1194993112406753
2021-12-26 15:00:00,2.041025180742925
2021-12-26 16:00:00,2.355662068242428
2021-12-26 17:00:00,2.191736570157597
2021-12-26 18:00:00,2.1866668365088677
2021-12-26 19:00:00,2.01638091947477
2021-12-26 20:00:00,2.226363407742669
2021-12-26 21:00:00,2.07770876754569
2021-12-26 22:00:00,2.128114071052212
2021-12-26 23:00:00,2.156320514190409
2021-12-27 00:00:00,2.2371519663289994
2021-12-27 01:00:00,2.1694703774405593
2021-12-27 02:00:00,2.154794782908782
2021-12-27 03:00:00,2.348335334749019
2021-12-27 04:00:00,2.2552449676967963
2021-12-27 05:00:00,2.07549793367546
2021-12-27 06:00:00,2.2514527516759495
2021-12-27 07:00:00,2.02034345133612
2021-12-27 08:00:00,2.2120743192731833
2021-12-27 09:00:00,2.1085806142750005
2021-12-27 10:00:00,2.2568103355156426
2021-12-27 11:00:00,2.1249226134553783
2021-12-27 12:00:00,2.1463142079092346
2021-12-27 13:00:00,2.2344365727546323
2021-12-27 14:00:00,2.1942904155863445
2021-12-27 15:00:00,2.1230262546415473
2021-12-27 16:00:00,2.092350885595063
2021-12-27 17:00:00,2.033824932987842
2021-12-27 18:00:00,2.1596758684652153
2021-12-27 19:00:00,2.218486408170953
2021-12-27 20:00:00,2.339242932983751
2021-12-27 21:00:00,2.036974561079968
2021-12-27 22:00:00,2.0297899243314035
2021-12-27 23:00:00,2.12437601055319
2021-12-28 00:00:00,2.202833338323649
2021-12-28 01:00:00,1.9614343646365393
2021-12-28 02:00:00,2.2017003719575032
2021-12-28 03:00:00,2.0268569103218077
2021-12-28 04:00:00,2.16529109068683
2021-12-28 05:00:00,2.3928831372402963
2021-12-28 06:00:00,2.220129115346277
2021-12-28 07:00:00,2.063879860044515
2021-12-28 08:00:00,2.337616346973495
2021-12-28 09:00:00,2.3110229977396766
2021-12-28 10:00:00,2.1614362345026716
2021-12-28 11:00:00,2.2730472586386146
2021-12-28 12:00:00,2.2043219226567454
2021-12-28 13:00:00,2.088275524722519
2021-12-28 14:00:00,2.256743743660473
2021-12-28 15:00:00,2.1093837886569022
2021-12-28 16:00:00,2.1745923007950188
2021-12-28 17:00:00,2.2354343467560707
2021-12-28 18:00:00,2.343695536946478
2021-12-28 19:00:00,2.321735777241777
2021-12-28 20:00:00,2.0861220881362765
2021-12-28 21:00:00,2.3635102061002016
2021-12-28 22:00:00,2.1818787096528647
2021-12-28 23:00:00,2.1126404485757067
2021-12-29 00:00:00,2.296228046547334
2021-12-29 01:00:00,2.219107117103734
2021-12-29 02:00:00,2.1233418704674243
2021-12-29 03:00:00,2.242280929960572
2021-12-29 04:00:00,2.2808775753741464
2021-12-29 05:00:00,2.3269700027677906
2021-12-29 06:00:00,2.1369677886188723
2021-12-29 07:00:00,1.9319032793735236
2021-12-29 08:00:00,2.174118603554665
2021-12-29 09:00:00,2.0905432274075237
2021-12-29 10:00:00,2.3870563038402817
2021-12-29 11:00:00,2.1610801624468157
2021-12-29 12:00:00,2.287712978587974
2021-12-29 13:00:00,2.113419437183667
2021-12-29 14:00:00,2.2624407928098575
2021-12-29 15:00:00,2.195960907548167
2021-12-29 16:00:00,2.2708500743323645
2021-12-29 17:00:00,2.2715816626237397
2021-12-29 18:00:00,2.2414822022564667
2021-12-29 19:00:00,2.094318297488598
2021-12-29 20:00:00,2.1879002004944894
2021-12-29 21:00:00,2.27317120625164
2021-12-29 22:00:00,2.1590429735044725
2021-12-29 23:00:00,2.2834569426346665
2021-12-30 00:00:00,2.263288503447384
2021-12-30 01:00:00,2.2311025573171266
2021-12-30 02:00:00,2.1158639111896105
2021-12-30 03:00:00,2.118975795640916
2021-12-30 04:00:00,2.050416630061631
2021-12-30 05:00:00,2.150920008942102
2021-12-30 06:00:00,2.1740170840356483
2021-12-30 07:00:00,2.0717214464450104
2021-12-30 08:00:00,2.03113122669686
2021-12-30 09:00:00,2.203293392728251
2021-12-30 10:00:00,2.0017047252564466
2021-12-30 11:00:00,2.1140850345833564
2021-12-30 12:00:00,2.012011069693471
2021-12-30 13:00:00,2.027700819983105
2021-12-30 14:00:00,1.987254726713642
2021-12-30 15:00:00,2.055834492042812
2021-12-30 16:00:00,2.092648160403906
2021-12-30 17:00:00,2.068288313790493
2021-12-30 18:00:00,2.2663459796787855
2021-12-30 19:00:00,2.0589801746974667
2021-12-30 20:00:00,2.1269215809241473
2021-12-30 21:00:00,1.8989275659458746
2021-12-30 22:00:00,1.9577506508542657
2021-12-30 23:00:00,2.174288369844841
2021-12-31 00:00:00,2.0512325397227045
2021-12-31 01:00:00,2.0585350163479363
2021-12-31 02:00:00,2.0822942212593496
2021-12-31 03:00:00,2.0337819484528263
2021-12-31 04:00:00,2.0802694291612416
2021-12-31 05:00:00,2.114074447612931
2021-12-31 06:00:00,2.0244430445199244
2021-12-31 07:00:00,1.9825685114453726
2021-12-31 08:00:00,2.0707683808166983
2021-12-31 09:00:00,2.1816049591865676
2021-12-31 10:00:00,2.0751713872037794
2021-12-31 11:00:00,2.0672032578463853
2021-12-31 12:00:00,2.0379729006552707
2021-12-31 13:00:00,2.144500913864114
2021-12-31 14:00:00,2.0379143196205014
2021-12-31 15:00:00,2.0568103160170046
2021-12-31 16:00:00,2.139088850420709
2021-12-31 17:00:00,2.030540089974223
2021-12-31 18:00:00,1.8356525100558334
2021-12-31 19:00:00,2.109426908073828
2021-12-31 20:00:00,2.194042397328826
2021-12-31 21:00:00,2.174771462401285
2021-12-31 22:00:00,2.25564822292247
2021-12-31 23:00:00,2.138083186626268
