date,rainfall_mm,pressure_hpa
2021-01-01 00:00:00,0.0,1010.0
2021-01-01 01:00:00,0.0,1010.0
2021-01-01 02:00:00,0.0,1010.0
2021-01-01 03:00:00,0.0,1010.0
2021-01-01 04:00:00,0.0,1010.0
2021-01-01 05:00:00,0.0,1010.0
2021-01-01 06:00:00,0.0,1010.0
2021-01-01 07:00:00,1.386273733550734,1009.9653431566612
2021-01-01 08:00:00,0.0,1009.9691939170322
2021-01-01 09:00:00,0.0,1009.972274525329
2021-01-01 10:00:00,0.0,1009.9747950230263
2021-01-01 11:00:00,1.1159727848190881,1009.9582958913605
2021-01-01 12:00:00,4.20634901981,1009.8881900743637
2021-01-01 13:00:00,1.1594861499358449,1009.868865305198
2021-01-01 14:00:00,0.0,1009.868865305198
2021-01-01 15:00:00,0.0,1009.868865305198
2021-01-01 16:00:00,4.494666638747304,1009.7939541945523
2021-01-01 17:00:00,1.1951804655540532,1009.7740345201264
2021-01-01 18:00:00,1.0017152099520321,1009.7573392666271
2021-01-01 19:00:00,0.0,1009.780443828853
2021-01-01 20:00:00,1.9572665808702356,1009.7478227191718
2021-01-01 21:00:00,0.0,1009.7478227191718
2021-01-01 22:00:00,0.0,1009.7478227191718
2021-01-01 23:00:00,0.0,1009.7664222655856
2021-01-02 00:00:00,0.0,1009.8365280825824
2021-01-02 01:00:00,0.0,1009.855852851748
2021-01-02 02:00:00,1.4684043776271198,1009.8313794454541
2021-01-02 03:00:00,0.0,1009.8313794454541
2021-01-02 04:00:00,0.0,1009.9062905561
2021-01-02 05:00:00,0.0,1009.9262102305258
2021-01-02 06:00:00,0.0,1009.942905484025
2021-01-02 07:00:00,0.0,1009.942905484025
2021-01-02 08:00:00,0.0,1009.9755265937063
2021-01-02 09:00:00,0.0,1009.9755265937063
2021-01-02 10:00:00,0.0,1009.9755265937063
2021-01-02 11:00:00,0.0,1009.9755265937063
2021-01-02 12:00:00,0.0,1009.9755265937063
2021-01-02 13:00:00,0.0,1009.9755265937063
2021-01-02 14:00:00,0.0,1010.0
2021-01-02 15:00:00,0.0,1010.0
2021-01-02 16:00:00,0.0,1010.0
2021-01-02 17:00:00,0.0,1010.0
2021-01-02 18:00:00,0.0,1010.0
2021-01-02 19:00:00,0.0,1010.0
2021-01-02 20:00:00,0.0,1010.0
2021-01-02 21:00:00,0.0,1010.0
2021-01-02 22:00:00,0.0,1010.0
2021-01-02 23:00:00,0.0,1010.0
2021-01-03 00:00:00,0.0,1010.0
2021-01-03 01:00:00,0.0,1010.0
2021-01-03 02:00:00,0.0,1010.0
2021-01-03 03:00:00,0.0,1010.0
2021-01-03 04:00:00,0.0,1010.0
2021-01-03 05:00:00,1.689342947969093,1009.9718442842005
2021-01-03 06:00:00,0.0,1009.9718442842005
2021-01-03 07:00:00,0.0,1009.9718442842005
2021-01-03 08:00:00,0.0,1009.9718442842005
2021-01-03 09:00:00,0.0,1009.9718442842005
2021-01-03 10:00:00,0.0,1009.9718442842005
2021-01-03 11:00:00,0.0,1009.9718442842005
2021-01-03 12:00:00,0.0,1009.9718442842005
2021-01-03 13:00:00,0.0,1009.9718442842005
2021-01-03 14:00:00,0.0,1009.9718442842005
2021-01-03 15:00:00,0.0,1009.9718442842005
2021-01-03 16:00:00,0.0,1009.9718442842005
2021-01-03 17:00:00,0.0,1010.0
2021-01-03 18:00:00,1.2647912696492374,1009.9789201455059
2021-01-03 19:00:00,0.0,1009.9789201455059
2021-01-03 20:00:00,1.1176494811871693,1009.9602926541527
2021-01-03 21:00:00,0.0,1009.9602926541527
2021-01-03 22:00:00,0.0,1009.9602926541527
2021-01-03 23:00:00,0.0,1009.9602926541527
2021-01-04 00:00:00,0.0,1009.9602926541527
2021-01-04 01:00:00,0.0,1009.9602926541527
2021-01-04 02:00:00,0.0,1009.9602926541527
2021-01-04 03:00:00,0.0,1009.9602926541527
2021-01-04 04:00:00,4.09819830862422,1009.891989349009
2021-01-04 05:00:00,0.0,1009.891989349009
2021-01-04 06:00:00,0.0,1009.9130692035031
2021-01-04 07:00:00,0.0,1009.9130692035031
2021-01-04 08:00:00,0.0,1009.9316966948562
2021-01-04 09:00:00,0.0,1009.9316966948562
2021-01-04 10:00:00,0.0,1009.9316966948562
2021-01-04 11:00:00,0.0,1009.9316966948562
2021-01-04 12:00:00,0.0,1009.9316966948562
2021-01-04 13:00:00,0.0,1009.9316966948562
2021-01-04 14:00:00,0.0,1009.9316966948562
2021-01-04 15:00:00,0.0,1009.9316966948562
2021-01-04 16:00:00,0.0,1010.0
2021-01-04 17:00:00,0.0,1010.0
2021-01-04 18:00:00,0.0,1010.0
2021-01-04 19:00:00,0.0,1010.0
2021-01-04 20:00:00,1.0332237164412517,1009.982779604726
2021-01-04 21:00:00,0.0,1009.982779604726
2021-01-04 22:00:00,0.0,1009.982779604726
2021-01-04 23:00:00,1.241889468776252,1009.9620814469131
2021-01-05 00:00:00,0.0,1009.9620814469131
2021-01-05 01:00:00,0.0,1009.9620814469131
2021-01-05 02:00:00,0.0,1009.9620814469131
2021-01-05 03:00:00,0.0,1009.9620814469131
2021-01-05 04:00:00,1.1879864960395476,1009.942281671979
2021-01-05 05:00:00,0.0,1009.942281671979
2021-01-05 06:00:00,0.0,1009.942281671979
2021-01-05 07:00:00,0.0,1009.942281671979
2021-01-05 08:00:00,0.0,1009.9595020672531
2021-01-05 09:00:00,0.0,1009.9595020672531
2021-01-05 10:00:00,0.0,1009.9595020672531
2021-01-05 11:00:00,0.0,1009.980200225066
2021-01-05 12:00:00,0.0,1009.980200225066
2021-01-05 13:00:00,0.0,1009.980200225066
2021-01-05 14:00:00,0.0,1009.980200225066
2021-01-05 15:00:00,0.0,1009.980200225066
2021-01-05 16:00:00,0.0,1010.0
2021-01-05 17:00:00,0.0,1010.0
2021-01-05 18:00:00,0.0,1010.0
2021-01-05 19:00:00,0.0,1010.0
2021-01-05 20:00:00,0.0,1010.0
2021-01-05 21:00:00,0.0,1010.0
2021-01-05 22:00:00,1.0135052628782852,1009.9831082456187
2021-01-05 23:00:00,0.0,1009.9831082456187
2021-01-06 00:00:00,0.0,1009.9831082456187
2021-01-06 01:00:00,0.0,1009.9831082456187
2021-01-06 02:00:00,1.1575704888831484,1009.9638154041373
2021-01-06 03:00:00,0.0,1009.9638154041373
2021-01-06 04:00:00,1.6585637883690296,1009.9361726743311
2021-01-06 05:00:00,0.0,1009.9361726743311
2021-01-06 06:00:00,0.0,1009.9361726743311
2021-01-06 07:00:00,0.0,1009.9361726743311
2021-01-06 08:00:00,0.0,1009.9361726743311
2021-01-06 09:00:00,0.0,1009.9361726743311
2021-01-06 10:00:00,0.0,1009.9530644287124
2021-01-06 11:00:00,0.0,1009.9530644287124
2021-01-06 12:00:00,0.0,1009.9530644287124
2021-01-06 13:00:00,0.0,1009.9530644287124
2021-01-06 14:00:00,0.0,1009.9723572701938
2021-01-06 15:00:00,0.0,1009.9723572701938
2021-01-06 16:00:00,0.0,1010.0
2021-01-06 17:00:00,0.0,1010.0
2021-01-06 18:00:00,0.0,1010.0
2021-01-06 19:00:00,2.169403626054116,1009.9638432728991
2021-01-06 20:00:00,0.0,1009.9638432728991
2021-01-06 21:00:00,0.0,1009.9638432728991
2021-01-06 22:00:00,0.0,1009.9638432728991
2021-01-06 23:00:00,0.0,1009.9638432728991
2021-01-07 00:00:00,0.0,1009.9638432728991
2021-01-07 01:00:00,0.0,1009.9638432728991
2021-01-07 02:00:00,0.0,1009.9638432728991
2021-01-07 03:00:00,2.025732142186218,1009.9300810705294
2021-01-07 04:00:00,0.0,1009.9300810705294
2021-01-07 05:00:00,1.7969718845484972,1009.9001315391201
2021-01-07 06:00:00,0.0,1009.9001315391201
2021-01-07 07:00:00,0.0,1009.9362882662211
2021-01-07 08:00:00,0.0,1009.9362882662211
2021-01-07 09:00:00,0.0,1009.9362882662211
2021-01-07 10:00:00,0.0,1009.9362882662211
2021-01-07 11:00:00,3.695570279315816,1009.8746954282325
2021-01-07 12:00:00,0.0,1009.8746954282325
2021-01-07 13:00:00,1.0722223336240644,1009.8568250560054
2021-01-07 14:00:00,0.0,1009.8568250560054
2021-01-07 15:00:00,0.0,1009.8905872583751
2021-01-07 16:00:00,0.0,1009.8905872583751
2021-01-07 17:00:00,0.0,1009.9205367897844
2021-01-07 18:00:00,1.801545291912654,1009.8905110349191
2021-01-07 19:00:00,0.0,1009.8905110349191
2021-01-07 20:00:00,0.0,1009.8905110349191
2021-01-07 21:00:00,0.0,1009.8905110349191
2021-01-07 22:00:00,0.0,1009.8905110349191
2021-01-07 23:00:00,0.0,1009.9521038729077
2021-01-08 00:00:00,0.0,1009.9521038729077
2021-01-08 01:00:00,1.0460801055006006,1009.9525395767098
2021-01-08 02:00:00,0.0,1009.9525395767098
2021-01-08 03:00:00,0.0,1009.9525395767098
2021-01-08 04:00:00,0.0,1009.9525395767098
2021-01-08 05:00:00,0.0,1009.9525395767098
2021-01-08 06:00:00,1.0384489509191326,1009.9652578490596
2021-01-08 07:00:00,0.0,1009.9652578490596
2021-01-08 08:00:00,0.0,1009.9652578490596
2021-01-08 09:00:00,0.0,1009.9652578490596
2021-01-08 10:00:00,0.0,1009.9652578490596
2021-01-08 11:00:00,0.0,1009.9652578490596
2021-01-08 12:00:00,0.0,1009.9652578490596
2021-01-08 13:00:00,1.93384638358701,1009.9504617444248
2021-01-08 14:00:00,0.0,1009.9504617444248
2021-01-08 15:00:00,0.0,1009.9504617444248
2021-01-08 16:00:00,0.0,1009.9504617444248
2021-01-08 17:00:00,0.0,1009.9504617444248
2021-01-08 18:00:00,0.0,1009.9677692269402
2021-01-08 19:00:00,0.0,1009.9677692269402
2021-01-08 20:00:00,0.0,1009.9677692269402
2021-01-08 21:00:00,2.012031001928505,1009.9342353769081
2021-01-08 22:00:00,0.0,1009.9342353769081
2021-01-08 23:00:00,0.0,1009.9342353769081
2021-01-09 00:00:00,0.0,1009.9342353769081
2021-01-09 01:00:00,0.0,1009.9664661499679
2021-01-09 02:00:00,0.0,1009.9664661499679
2021-01-09 03:00:00,0.0,1009.9664661499679
2021-01-09 04:00:00,0.0,1009.9664661499679
2021-01-09 05:00:00,0.0,1009.9664661499679
2021-01-09 06:00:00,0.0,1009.9664661499679
2021-01-09 07:00:00,0.0,1009.9664661499679
2021-01-09 08:00:00,0.0,1009.9664661499679
2021-01-09 09:00:00,0.0,1010.0
2021-01-09 10:00:00,0.0,1010.0
2021-01-09 11:00:00,0.0,1010.0
2021-01-09 12:00:00,0.0,1010.0
2021-01-09 13:00:00,0.0,1010.0
2021-01-09 14:00:00,0.0,1010.0
2021-01-09 15:00:00,0.0,1010.0
2021-01-09 16:00:00,0.0,1010.0
2021-01-09 17:00:00,0.0,1010.0
2021-01-09 18:00:00,0.0,1010.0
2021-01-09 19:00:00,0.0,1010.0
2021-01-09 20:00:00,0.0,1010.0
2021-01-09 21:00:00,0.0,1010.0
2021-01-09 22:00:00,0.0,1010.0
2021-01-09 23:00:00,0.0,1010.0
2021-01-10 00:00:00,0.0,1010.0
2021-01-10 01:00:00,0.0,1010.0
2021-01-10 02:00:00,1.3424881549575938,1009.9776251974174
2021-01-10 03:00:00,0.0,1009.9776251974174
2021-01-10 04:00:00,0.0,1009.9776251974174
2021-01-10 05:00:00,0.0,1009.9776251974174
2021-01-10 06:00:00,0.0,1009.9776251974174
2021-01-10 07:00:00,1.219973633175563,1009.9572923035311
2021-01-10 08:00:00,0.0,1009.9572923035311
2021-01-10 09:00:00,0.0,1009.9572923035311
2021-01-10 10:00:00,0.0,1009.9572923035311
2021-01-10 11:00:00,0.0,1009.9572923035311
2021-01-10 12:00:00,0.0,1009.9572923035311
2021-01-10 13:00:00,0.0,1009.9572923035311
2021-01-10 14:00:00,0.0,1009.9796671061138
2021-01-10 15:00:00,0.0,1009.9796671061138
2021-01-10 16:00:00,0.0,1009.9796671061138
2021-01-10 17:00:00,0.0,1009.9796671061138
2021-01-10 18:00:00,0.0,1009.9796671061138
2021-01-10 19:00:00,0.0,1010.0
2021-01-10 20:00:00,0.0,1010.0
2021-01-10 21:00:00,0.0,1010.0
2021-01-10 22:00:00,0.0,1010.0
2021-01-10 23:00:00,0.0,1010.0
2021-01-11 00:00:00,0.0,1010.0
2021-01-11 01:00:00,0.0,1010.0
2021-01-11 02:00:00,0.0,1010.0
2021-01-11 03:00:00,0.0,1010.0
2021-01-11 04:00:00,0.0,1010.0
2021-01-11 05:00:00,0.0,1010.0
2021-01-11 06:00:00,2.343802965730795,1009.9609366172378
2021-01-11 07:00:00,0.0,1009.9609366172378
2021-01-11 08:00:00,0.0,1009.9609366172378
2021-01-11 09:00:00,0.0,1009.9609366172378
2021-01-11 10:00:00,0.0,1009.9609366172378
2021-01-11 11:00:00,0.0,1009.9609366172378
2021-01-11 12:00:00,0.0,1009.9609366172378
2021-01-11 13:00:00,0.0,1009.9609366172378
2021-01-11 14:00:00,0.0,1009.9609366172378
2021-01-11 15:00:00,0.0,1009.9609366172378
2021-01-11 16:00:00,1.0011983903356483,1009.9442499773988
2021-01-11 17:00:00,0.0,1009.9442499773988
2021-01-11 18:00:00,0.0,1009.9833133601611
2021-01-11 19:00:00,0.0,1009.9833133601611
2021-01-11 20:00:00,0.0,1009.9833133601611
2021-01-11 21:00:00,0.0,1009.9833133601611
2021-01-11 22:00:00,0.0,1009.9833133601611
2021-01-11 23:00:00,0.0,1009.9833133601611
2021-01-12 00:00:00,0.0,1009.9833133601611
2021-01-12 01:00:00,1.1998534310762636,1009.9633158029765
2021-01-12 02:00:00,0.0,1009.9633158029765
2021-01-12 03:00:00,0.0,1009.9633158029765
2021-01-12 04:00:00,0.0,1009.9800024428154
2021-01-12 05:00:00,0.0,1009.9800024428154
2021-01-12 06:00:00,0.0,1009.9800024428154
2021-01-12 07:00:00,0.0,1009.9800024428154
2021-01-12 08:00:00,1.3010268932126023,1009.9583186612618
2021-01-12 09:00:00,0.0,1009.9583186612618
2021-01-12 10:00:00,0.0,1009.9583186612618
2021-01-12 11:00:00,0.0,1009.9583186612618
2021-01-12 12:00:00,0.0,1009.9583186612618
2021-01-12 13:00:00,0.0,1009.9783162184465
2021-01-12 14:00:00,0.0,1009.9783162184465
2021-01-12 15:00:00,0.0,1009.9783162184465
2021-01-12 16:00:00,0.0,1009.9783162184465
2021-01-12 17:00:00,0.0,1009.9783162184465
2021-01-12 18:00:00,0.0,1009.9783162184465
2021-01-12 19:00:00,0.0,1009.9783162184465
2021-01-12 20:00:00,2.000201341626357,1009.9666633109729
2021-01-12 21:00:00,0.0,1009.9666633109729
2021-01-12 22:00:00,0.0,1009.9666633109729
2021-01-12 23:00:00,0.0,1009.9666633109729
2021-01-13 00:00:00,0.0,1009.9666633109729
2021-01-13 01:00:00,0.0,1009.9666633109729
2021-01-13 02:00:00,0.0,1009.9666633109729
2021-01-13 03:00:00,0.0,1009.9666633109729
2021-01-13 04:00:00,0.0,1009.9666633109729
2021-01-13 05:00:00,0.0,1009.9666633109729
2021-01-13 06:00:00,0.0,1009.9666633109729
2021-01-13 07:00:00,0.0,1009.9666633109729
2021-01-13 08:00:00,0.0,1010.0
2021-01-13 09:00:00,0.0,1010.0
2021-01-13 10:00:00,0.0,1010.0
2021-01-13 11:00:00,0.0,1010.0
2021-01-13 12:00:00,0.0,1010.0
2021-01-13 13:00:00,0.0,1010.0
2021-01-13 14:00:00,0.0,1010.0
2021-01-13 15:00:00,0.0,1010.0
2021-01-13 16:00:00,0.0,1010.0
2021-01-13 17:00:00,0.0,1010.0
2021-01-13 18:00:00,0.0,1010.0
2021-01-13 19:00:00,1.007265263566643,1009.9832122456072
2021-01-13 20:00:00,0.0,1009.9832122456072
2021-01-13 21:00:00,0.0,1009.9832122456072
2021-01-13 22:00:00,0.0,1009.9832122456072
2021-01-13 23:00:00,0.0,1009.9832122456072
2021-01-14 00:00:00,1.1818812090979698,1009.9635142254556
2021-01-14 01:00:00,0.0,1009.9635142254556
2021-01-14 02:00:00,1.126655398363126,1009.9447366354829
2021-01-14 03:00:00,3.773306039447026,1009.8818482014921
2021-01-14 04:00:00,0.0,1009.8818482014921
2021-01-14 05:00:00,0.0,1009.8818482014921
2021-01-14 06:00:00,0.0,1009.8818482014921
2021-01-14 07:00:00,0.0,1009.8986359558849
2021-01-14 08:00:00,0.0,1009.8986359558849
2021-01-14 09:00:00,0.0,1009.8986359558849
2021-01-14 10:00:00,0.0,1009.8986359558849
2021-01-14 11:00:00,0.0,1009.8986359558849
2021-01-14 12:00:00,0.0,1009.9183339760365
2021-01-14 13:00:00,0.0,1009.9183339760365
2021-01-14 14:00:00,0.0,1009.9371115660092
2021-01-14 15:00:00,0.0,1010.0
2021-01-14 16:00:00,0.0,1010.0
2021-01-14 17:00:00,0.0,1010.0
2021-01-14 18:00:00,0.0,1010.0
2021-01-14 19:00:00,0.0,1010.0
2021-01-14 20:00:00,0.0,1010.0
2021-01-14 21:00:00,0.0,1010.0
2021-01-14 22:00:00,0.0,1010.0
2021-01-14 23:00:00,1.258834121898742,1009.9790194313017
2021-01-15 00:00:00,0.0,1009.9790194313017
2021-01-15 01:00:00,0.0,1009.9790194313017
2021-01-15 02:00:00,0.0,1009.9790194313017
2021-01-15 03:00:00,0.0,1009.9790194313017
2021-01-15 04:00:00,0.0,1009.9790194313017
2021-01-15 05:00:00,0.0,1009.9790194313017
2021-01-15 06:00:00,0.0,1009.9790194313017
2021-01-15 07:00:00,0.0,1009.9790194313017
2021-01-15 08:00:00,0.0,1009.9790194313017
2021-01-15 09:00:00,0.0,1009.9790194313017
2021-01-15 10:00:00,0.0,1009.9790194313017
2021-01-15 11:00:00,0.0,1010.0
2021-01-15 12:00:00,0.0,1010.0
2021-01-15 13:00:00,0.0,1010.0
2021-01-15 14:00:00,0.0,1010.0
2021-01-15 15:00:00,0.0,1010.0
2021-01-15 16:00:00,0.0,1010.0
2021-01-15 17:00:00,2.6834239405603846,1009.9552762676574
2021-01-15 18:00:00,0.0,1009.9552762676574
2021-01-15 19:00:00,0.0,1009.9552762676574
2021-01-15 20:00:00,0.0,1009.9552762676574
2021-01-15 21:00:00,0.0,1009.9552762676574
2021-01-15 22:00:00,0.0,1009.9552762676574
2021-01-15 23:00:00,0.0,1009.9552762676574
2021-01-16 00:00:00,0.0,1009.9552762676574
2021-01-16 01:00:00,0.0,1009.9552762676574
2021-01-16 02:00:00,0.0,1009.9552762676574
2021-01-16 03:00:00,1.5866188791662013,1009.9288326196712
2021-01-16 04:00:00,1.4336586198261867,1009.9049383093408
2021-01-16 05:00:00,0.0,1009.9496620416835
2021-01-16 06:00:00,1.7895378581080474,1009.919836410715
2021-01-16 07:00:00,0.0,1009.919836410715
2021-01-16 08:00:00,0.0,1009.919836410715
2021-01-16 09:00:00,0.0,1009.919836410715
2021-01-16 10:00:00,0.0,1009.919836410715
2021-01-16 11:00:00,0.0,1009.919836410715
2021-01-16 12:00:00,0.0,1009.919836410715
2021-01-16 13:00:00,0.0,1009.919836410715
2021-01-16 14:00:00,1.1391016804335172,1009.9008513827077
2021-01-16 15:00:00,0.0,1009.9272950306939
2021-01-16 16:00:00,0.0,1009.9511893410244
2021-01-16 17:00:00,0.0,1009.9511893410244
2021-01-16 18:00:00,0.0,1009.9810149719927
2021-01-16 19:00:00,0.0,1009.9810149719927
2021-01-16 20:00:00,0.0,1009.9810149719927
2021-01-16 21:00:00,0.0,1009.9810149719927
2021-01-16 22:00:00,0.0,1009.9810149719927
2021-01-16 23:00:00,0.0,1009.9810149719927
2021-01-17 00:00:00,0.0,1009.9810149719927
2021-01-17 01:00:00,0.0,1009.9810149719927
2021-01-17 02:00:00,0.0,1010.0
2021-01-17 03:00:00,1.1162010748806868,1009.981396648752
2021-01-17 04:00:00,1.5805269781261453,1009.9550545324499
2021-01-17 05:00:00,0.0,1009.9550545324499
2021-01-17 06:00:00,1.9773740566196878,1009.9220982981728
2021-01-17 07:00:00,0.0,1009.9220982981728
2021-01-17 08:00:00,0.0,1009.9220982981728
2021-01-17 09:00:00,0.0,1009.9220982981728
2021-01-17 10:00:00,0.0,1009.9220982981728
2021-01-17 11:00:00,0.0,1009.9220982981728
2021-01-17 12:00:00,0.0,1009.9220982981728
2021-01-17 13:00:00,0.0,1009.9220982981728
2021-01-17 14:00:00,0.0,1009.9220982981728
2021-01-17 15:00:00,0.0,1009.9407016494209
2021-01-17 16:00:00,0.0,1009.967043765723
2021-01-17 17:00:00,0.0,1009.967043765723
2021-01-17 18:00:00,0.0,1010.0
2021-01-17 19:00:00,0.0,1010.0
2021-01-17 20:00:00,0.0,1010.0
2021-01-17 21:00:00,0.0,1010.0
2021-01-17 22:00:00,0.0,1010.0
2021-01-17 23:00:00,5.074377586443031,1009.915427040226
2021-01-18 00:00:00,0.0,1009.915427040226
2021-01-18 01:00:00,0.0,1009.915427040226
2021-01-18 02:00:00,0.0,1009.915427040226
2021-01-18 03:00:00,0.0,1009.915427040226
2021-01-18 04:00:00,0.0,1009.915427040226
2021-01-18 05:00:00,1.6709939618165541,1009.8875771408624
2021-01-18 06:00:00,0.0,1009.8875771408624
2021-01-18 07:00:00,0.0,1009.8875771408624
2021-01-18 08:00:00,0.0,1009.8875771408624
2021-01-18 09:00:00,0.0,1009.8875771408624
2021-01-18 10:00:00,0.0,1009.8875771408624
2021-01-18 11:00:00,0.0,1009.9721501006364
2021-01-18 12:00:00,0.0,1009.9721501006364
2021-01-18 13:00:00,0.0,1009.9721501006364
2021-01-18 14:00:00,0.0,1009.9721501006364
2021-01-18 15:00:00,0.0,1009.9721501006364
2021-01-18 16:00:00,0.0,1009.9721501006364
2021-01-18 17:00:00,0.0,1010.0
2021-01-18 18:00:00,0.0,1010.0
2021-01-18 19:00:00,0.0,1010.0
2021-01-18 20:00:00,0.0,1010.0
2021-01-18 21:00:00,1.3264659773501588,1009.9778922337108
2021-01-18 22:00:00,0.0,1009.9778922337108
2021-01-18 23:00:00,1.088737276999495,1009.9597466124275
2021-01-19 00:00:00,0.0,1009.9597466124275
2021-01-19 01:00:00,0.0,1009.9597466124275
2021-01-19 02:00:00,0.0,1009.9597466124275
2021-01-19 03:00:00,2.0076175021463865,1009.926286320725
2021-01-19 04:00:00,0.0,1009.926286320725
2021-01-19 05:00:00,0.0,1009.926286320725
2021-01-19 06:00:00,0.0,1009.926286320725
2021-01-19 07:00:00,0.0,1009.926286320725
2021-01-19 08:00:00,1.7860580255351994,1009.8965186869661
2021-01-19 09:00:00,0.0,1009.9186264532553
2021-01-19 10:00:00,0.0,1009.9186264532553
2021-01-19 11:00:00,1.1244696667437482,1009.9180309134263
2021-01-19 12:00:00,0.0,1009.9180309134263
2021-01-19 13:00:00,0.0,1009.9180309134263
2021-01-19 14:00:00,0.0,1009.9180309134263
2021-01-19 15:00:00,0.0,1009.9514912051287
2021-01-19 16:00:00,0.0,1009.9514912051287
2021-01-19 17:00:00,1.5047791482277653,1009.9264115526582
2021-01-19 18:00:00,1.811956545070354,1009.896212276907
2021-01-19 19:00:00,0.0,1009.896212276907
2021-01-19 20:00:00,0.0,1009.925979910666
2021-01-19 21:00:00,0.0,1009.925979910666
2021-01-19 22:00:00,0.0,1009.925979910666
2021-01-19 23:00:00,0.0,1009.9447210717784
2021-01-20 00:00:00,0.0,1009.9447210717784
2021-01-20 01:00:00,1.1870627269104803,1009.9249366929965
2021-01-20 02:00:00,0.0,1009.9249366929965
2021-01-20 03:00:00,0.0,1009.9249366929965
2021-01-20 04:00:00,0.0,1009.9249366929965
2021-01-20 05:00:00,1.0265477976128832,1009.9329072155068
2021-01-20 06:00:00,0.0,1009.9631064912579
2021-01-20 07:00:00,1.0006042641722894,1009.9464297535218
2021-01-20 08:00:00,0.0,1009.9464297535218
2021-01-20 09:00:00,0.0,1009.9464297535218
2021-01-20 10:00:00,0.0,1009.9464297535218
2021-01-20 11:00:00,1.059550406993277,1009.9287705800718
2021-01-20 12:00:00,0.0,1009.9287705800718
2021-01-20 13:00:00,0.0,1009.9485549588537
2021-01-20 14:00:00,0.0,1009.9485549588537
2021-01-20 15:00:00,0.0,1009.9485549588537
2021-01-20 16:00:00,0.0,1009.9485549588537
2021-01-20 17:00:00,0.0,1009.9656640888139
2021-01-20 18:00:00,0.0,1009.9656640888139
2021-01-20 19:00:00,0.0,1009.9823408265501
2021-01-20 20:00:00,0.0,1009.9823408265501
2021-01-20 21:00:00,0.0,1009.9823408265501
2021-01-20 22:00:00,0.0,1009.9823408265501
2021-01-20 23:00:00,0.0,1010.0
2021-01-21 00:00:00,0.0,1010.0
2021-01-21 01:00:00,0.0,1010.0
2021-01-21 02:00:00,0.0,1010.0
2021-01-21 03:00:00,0.0,1010.0
2021-01-21 04:00:00,0.0,1010.0
2021-01-21 05:00:00,0.0,1010.0
2021-01-21 06:00:00,0.0,1010.0
2021-01-21 07:00:00,0.0,1010.0
2021-01-21 08:00:00,0.0,1010.0
2021-01-21 09:00:00,0.0,1010.0
2021-01-21 10:00:00,0.0,1010.0
2021-01-21 11:00:00,1.3934332021388598,1009.9767761132977
2021-01-21 12:00:00,0.0,1009.9767761132977
2021-01-21 13:00:00,0.0,1009.9767761132977
2021-01-21 14:00:00,0.0,1009.9767761132977
2021-01-21 15:00:00,0.0,1009.9767761132977
2021-01-21 16:00:00,0.0,1009.9767761132977
2021-01-21 17:00:00,0.0,1009.9767761132977
2021-01-21 18:00:00,0.0,1009.9767761132977
2021-01-21 19:00:00,0.0,1009.9767761132977
2021-01-21 20:00:00,0.0,1009.9767761132977
2021-01-21 21:00:00,0.0,1009.9767761132977
2021-01-21 22:00:00,0.0,1009.9767761132977
2021-01-21 23:00:00,0.0,1010.0
2021-01-22 00:00:00,0.0,1010.0
2021-01-22 01:00:00,0.0,1010.0
2021-01-22 02:00:00,0.0,1010.0
2021-01-22 03:00:00,0.0,1010.0
2021-01-22 04:00:00,0.0,1010.0
2021-01-22 05:00:00,0.0,1010.0
2021-01-22 06:00:00,0.0,1010.0
2021-01-22 07:00:00,1.2472280023199627,1009.979212866628
2021-01-22 08:00:00,1.906775735078722,1009.9474332710433
2021-01-22 09:00:00,0.0,1009.9474332710433
2021-01-22 10:00:00,0.0,1009.9474332710433
2021-01-22 11:00:00,0.0,1009.9474332710433
2021-01-22 12:00:00,0.0,1009.9474332710433
2021-01-22 13:00:00,0.0,1009.9474332710433
2021-01-22 14:00:00,0.0,1009.9474332710433
2021-01-22 15:00:00,2.052987622772519,1009.9132168106638
2021-01-22 16:00:00,0.0,1009.9132168106638
2021-01-22 17:00:00,0.0,1009.9132168106638
2021-01-22 18:00:00,0.0,1009.9132168106638
2021-01-22 19:00:00,0.0,1009.9340039440358
2021-01-22 20:00:00,0.0,1009.9657835396205
2021-01-22 21:00:00,0.0,1009.9657835396205
2021-01-22 22:00:00,0.0,1009.9657835396205
2021-01-22 23:00:00,0.0,1009.9657835396205
2021-01-23 00:00:00,0.0,1009.9657835396205
2021-01-23 01:00:00,0.0,1009.9657835396205
2021-01-23 02:00:00,0.0,1009.9657835396205
2021-01-23 03:00:00,0.0,1010.0
2021-01-23 04:00:00,0.0,1010.0
2021-01-23 05:00:00,0.0,1010.0
2021-01-23 06:00:00,0.0,1010.0
2021-01-23 07:00:00,1.0896140979749243,1009.9818397650338
2021-01-23 08:00:00,0.0,1009.9818397650338
2021-01-23 09:00:00,0.0,1009.9818397650338
2021-01-23 10:00:00,0.0,1009.9818397650338
2021-01-23 11:00:00,0.0,1009.9818397650338
2021-01-23 12:00:00,0.0,1009.9818397650338
2021-01-23 13:00:00,0.0,1009.9818397650338
2021-01-23 14:00:00,0.0,1009.9818397650338
2021-01-23 15:00:00,0.0,1009.9818397650338
2021-01-23 16:00:00,0.0,1009.9818397650338
2021-01-23 17:00:00,0.0,1009.9818397650338
2021-01-23 18:00:00,0.0,1009.9818397650338
2021-01-23 19:00:00,0.0,1010.0
2021-01-23 20:00:00,0.0,1010.0
2021-01-23 21:00:00,0.0,1010.0
2021-01-23 22:00:00,0.0,1010.0
2021-01-23 23:00:00,0.0,1010.0
2021-01-24 00:00:00,0.0,1010.0
2021-01-24 01:00:00,0.0,1010.0
2021-01-24 02:00:00,0.0,1010.0
2021-01-24 03:00:00,1.4864495319893218,1009.9752258411335
2021-01-24 04:00:00,0.0,1009.9752258411335
2021-01-24 05:00:00,0.0,1009.9752258411335
2021-01-24 06:00:00,1.3563135259113754,1009.9526206157017
2021-01-24 07:00:00,0.0,1009.9526206157017
2021-01-24 08:00:00,0.0,1009.9526206157017
2021-01-24 09:00:00,0.0,1009.9526206157017
2021-01-24 10:00:00,0.0,1009.9526206157017
2021-01-24 11:00:00,0.0,1009.9526206157017
2021-01-24 12:00:00,0.0,1009.9526206157017
2021-01-24 13:00:00,0.0,1009.9526206157017
2021-01-24 14:00:00,0.0,1009.9526206157017
2021-01-24 15:00:00,0.0,1009.9773947745681
2021-01-24 16:00:00,0.0,1009.9773947745681
2021-01-24 17:00:00,0.0,1009.9773947745681
2021-01-24 18:00:00,0.0,1010.0
2021-01-24 19:00:00,0.0,1010.0
2021-01-24 20:00:00,0.0,1010.0
2021-01-24 21:00:00,0.0,1010.0
2021-01-24 22:00:00,0.0,1010.0
2021-01-24 23:00:00,0.0,1010.0
2021-01-25 00:00:00,0.0,1010.0
2021-01-25 01:00:00,0.0,1010.0
2021-01-25 02:00:00,0.0,1010.0
2021-01-25 03:00:00,0.0,1010.0
2021-01-25 04:00:00,0.0,1010.0
2021-01-25 05:00:00,0.0,1010.0
2021-01-25 06:00:00,0.0,1010.0
2021-01-25 07:00:00,0.0,1010.0
2021-01-25 08:00:00,0.0,1010.0
2021-01-25 09:00:00,0.0,1010.0
2021-01-25 10:00:00,0.0,1010.0
2021-01-25 11:00:00,0.0,1010.0
2021-01-25 12:00:00,0.0,1010.0
2021-01-25 13:00:00,0.0,1010.0
2021-01-25 14:00:00,0.0,1010.0
2021-01-25 15:00:00,0.0,1010.0
2021-01-25 16:00:00,0.0,1010.0
2021-01-25 17:00:00,0.0,1010.0
2021-01-25 18:00:00,0.0,1010.0
2021-01-25 19:00:00,0.0,1010.0
2021-01-25 20:00:00,0.0,1010.0
2021-01-25 21:00:00,0.0,1010.0
2021-01-25 22:00:00,0.0,1010.0
2021-01-25 23:00:00,0.0,1010.0
2021-01-26 00:00:00,0.0,1010.0
2021-01-26 01:00:00,0.0,1010.0
2021-01-26 02:00:00,0.0,1010.0
2021-01-26 03:00:00,0.0,1010.0
2021-01-26 04:00:00,0.0,1010.0
2021-01-26 05:00:00,0.0,1010.0
2021-01-26 06:00:00,0.0,1010.0
2021-01-26 07:00:00,2.110917536837988,1009.9648180410527
2021-01-26 08:00:00,0.0,1009.9648180410527
2021-01-26 09:00:00,0.0,1009.9648180410527
2021-01-26 10:00:00,0.0,1009.9648180410527
2021-01-26 11:00:00,0.0,1009.9648180410527
2021-01-26 12:00:00,0.0,1009.9648180410527
2021-01-26 13:00:00,0.0,1009.9648180410527
2021-01-26 14:00:00,0.0,1009.9648180410527
2021-01-26 15:00:00,0.0,1009.9648180410527
2021-01-26 16:00:00,0.0,1009.9648180410527
2021-01-26 17:00:00,1.3257847336014477,1009.942721628826
2021-01-26 18:00:00,3.0194491779226897,1009.8923974758607
2021-01-26 19:00:00,2.57946790645717,1009.8845883030336
2021-01-26 20:00:00,2.317344841166544,1009.8459658890142
2021-01-26 21:00:00,0.0,1009.8459658890142
2021-01-26 22:00:00,0.0,1009.8459658890142
2021-01-26 23:00:00,0.0,1009.8459658890142
2021-01-27 00:00:00,3.007460437826275,1009.7958415483838
2021-01-27 01:00:00,0.0,1009.7958415483838
2021-01-27 02:00:00,0.0,1009.7958415483838
2021-01-27 03:00:00,0.0,1009.7958415483838
2021-01-27 04:00:00,0.0,1009.7958415483838
2021-01-27 05:00:00,0.0,1009.8179379606105
2021-01-27 06:00:00,0.0,1009.8682621135758
2021-01-27 07:00:00,0.0,1009.9112532453502
2021-01-27 08:00:00,0.0,1009.9498756593696
2021-01-27 09:00:00,0.0,1009.9498756593696
2021-01-27 10:00:00,0.0,1009.9498756593696
2021-01-27 11:00:00,0.0,1009.9498756593696
2021-01-27 12:00:00,0.0,1010.0
2021-01-27 13:00:00,0.0,1010.0
2021-01-27 14:00:00,0.0,1010.0
2021-01-27 15:00:00,1.285751019015883,1009.9785708163497
2021-01-27 16:00:00,0.0,1009.9785708163497
2021-01-27 17:00:00,0.0,1009.9785708163497
2021-01-27 18:00:00,0.0,1009.9785708163497
2021-01-27 19:00:00,0.0,1009.9785708163497
2021-01-27 20:00:00,0.0,1009.9785708163497
2021-01-27 21:00:00,0.0,1009.9785708163497
2021-01-27 22:00:00,0.0,1009.9785708163497
2021-01-27 23:00:00,0.0,1009.9785708163497
2021-01-28 00:00:00,0.0,1009.9785708163497
2021-01-28 01:00:00,0.0,1009.9785708163497
2021-01-28 02:00:00,0.0,1009.9785708163497
2021-01-28 03:00:00,0.0,1010.0
2021-01-28 04:00:00,0.0,1010.0
2021-01-28 05:00:00,0.0,1010.0
2021-01-28 06:00:00,0.0,1010.0
2021-01-28 07:00:00,0.0,1010.0
2021-01-28 08:00:00,0.0,1010.0
2021-01-28 09:00:00,0.0,1010.0
2021-01-28 10:00:00,0.0,1010.0
2021-01-28 11:00:00,0.0,1010.0
2021-01-28 12:00:00,0.0,1010.0
2021-01-28 13:00:00,0.0,1010.0
2021-01-28 14:00:00,0.0,1010.0
2021-01-28 15:00:00,0.0,1010.0
2021-01-28 16:00:00,0.0,1010.0
2021-01-28 17:00:00,0.0,1010.0
2021-01-28 18:00:00,0.0,1010.0
2021-01-28 19:00:00,0.0,1010.0
2021-01-28 20:00:00,0.0,1010.0
2021-01-28 21:00:00,0.0,1010.0
2021-01-28 22:00:00,0.0,1010.0
2021-01-28 23:00:00,0.0,1010.0
2021-01-29 00:00:00,0.0,1010.0
2021-01-29 01:00:00,0.0,1010.0
2021-01-29 02:00:00,0.0,1010.0
2021-01-29 03:00:00,0.0,1010.0
2021-01-29 04:00:00,0.0,1010.0
2021-01-29 05:00:00,0.0,1010.0
2021-01-29 06:00:00,0.0,1010.0
2021-01-29 07:00:00,0.0,1010.0
2021-01-29 08:00:00,1.0056858371735342,1009.9832385693804
2021-01-29 09:00:00,0.0,1009.9832385693804
2021-01-29 10:00:00,0.0,1009.9832385693804
2021-01-29 11:00:00,0.0,1009.9832385693804
2021-01-29 12:00:00,0.0,1009.9832385693804
2021-01-29 13:00:00,0.0,1009.9832385693804
2021-01-29 14:00:00,0.0,1009.9832385693804
2021-01-29 15:00:00,0.0,1009.9832385693804
2021-01-29 16:00:00,0.0,1009.9832385693804
2021-01-29 17:00:00,0.0,1009.9832385693804
2021-01-29 18:00:00,2.8193681708788523,1009.9362490998658
2021-01-29 19:00:00,0.0,1009.9362490998658
2021-01-29 20:00:00,0.0,1009.9530105304854
2021-01-29 21:00:00,0.0,1009.9530105304854
2021-01-29 22:00:00,0.0,1009.9530105304854
2021-01-29 23:00:00,0.0,1009.9530105304854
2021-01-30 00:00:00,1.335305598990256,1009.9307554371688
2021-01-30 01:00:00,0.0,1009.9307554371688
2021-01-30 02:00:00,1.1181609214681951,1009.9121194218111
2021-01-30 03:00:00,0.0,1009.9121194218111
2021-01-30 04:00:00,0.0,1009.9121194218111
2021-01-30 05:00:00,1.1198160942828057,1009.8934558202396
2021-01-30 06:00:00,0.0,1009.9404452897543
2021-01-30 07:00:00,0.0,1009.9404452897543
2021-01-30 08:00:00,0.0,1009.9404452897543
2021-01-30 09:00:00,0.0,1009.9404452897543
2021-01-30 10:00:00,0.0,1009.9404452897543
2021-01-30 11:00:00,0.0,1009.9404452897543
2021-01-30 12:00:00,0.0,1009.9627003830708
2021-01-30 13:00:00,0.0,1009.9627003830708
2021-01-30 14:00:00,0.0,1009.9813363984287
2021-01-30 15:00:00,0.0,1009.9813363984287
2021-01-30 16:00:00,1.8481724128581751,1009.9505335248809
2021-01-30 17:00:00,0.0,1009.9691971264524
2021-01-30 18:00:00,0.0,1009.9691971264524
2021-01-30 19:00:00,0.0,1009.9691971264524
2021-01-30 20:00:00,0.0,1009.9691971264524
2021-01-30 21:00:00,0.0,1009.9691971264524
2021-01-30 22:00:00,0.0,1009.9691971264524
2021-01-30 23:00:00,0.0,1009.9691971264524
2021-01-31 00:00:00,0.0,1009.9691971264524
2021-01-31 01:00:00,0.0,1009.9691971264524
2021-01-31 02:00:00,0.0,1009.9691971264524
2021-01-31 03:00:00,0.0,1009.9691971264524
2021-01-31 04:00:00,0.0,1010.0
2021-01-31 05:00:00,0.0,1010.0
2021-01-31 06:00:00,1.0550158190792946,1009.9824164030153
2021-01-31 07:00:00,0.0,1009.9824164030153
2021-01-31 08:00:00,0.0,1009.9824164030153
2021-01-31 09:00:00,0.0,1009.9824164030153
2021-01-31 10:00:00,0.0,1009.9824164030153
2021-01-31 11:00:00,0.0,1009.9824164030153
2021-01-31 12:00:00,0.0,1009.9824164030153
2021-01-31 13:00:00,0.0,1009.9824164030153
2021-01-31 14:00:00,0.0,1009.9824164030153
2021-01-31 15:00:00,0.0,1009.9824164030153
2021-01-31 16:00:00,0.0,1009.9824164030153
2021-01-31 17:00:00,0.0,1009.9824164030153
2021-01-31 18:00:00,0.0,1010.0
2021-01-31 19:00:00,0.0,1010.0
2021-01-31 20:00:00,0.0,1010.0
2021-01-31 21:00:00,0.0,1010.0
2021-01-31 22:00:00,0.0,1010.0
2021-01-31 23:00:00,0.0,1010.0
2021-02-01 00:00:00,0.0,1010.0
2021-02-01 01:00:00,0.0,1010.0
2021-02-01 02:00:00,0.0,1010.0
2021-02-01 03:00:00,0.0,1010.0
2021-02-01 04:00:00,0.0,1010.0
2021-02-01 05:00:00,1.8891089482203478,1009.968514850863
2021-02-01 06:00:00,0.0,1009.968514850863
2021-02-01 07:00:00,2.1769312046407814,1009.9322326641189
2021-02-01 08:00:00,0.0,1009.9322326641189
2021-02-01 09:00:00,0.0,1009.9322326641189
2021-02-01 10:00:00,0.0,1009.9322326641189
2021-02-01 11:00:00,0.0,1009.9322326641189
2021-02-01 12:00:00,1.9690643683359412,1009.8994149246467
2021-02-01 13:00:00,0.0,1009.8994149246467
2021-02-01 14:00:00,0.0,1009.8994149246467
2021-02-01 15:00:00,0.0,1009.8994149246467
2021-02-01 16:00:00,0.0,1009.8994149246467
2021-02-01 17:00:00,0.0,1009.9309000737837
2021-02-01 18:00:00,0.0,1009.9309000737837
2021-02-01 19:00:00,1.1664584990977769,1009.9477412855427
2021-02-01 20:00:00,0.0,1009.9477412855427
2021-02-01 21:00:00,0.0,1009.9477412855427
2021-02-01 22:00:00,0.0,1009.9477412855427
2021-02-01 23:00:00,0.0,1009.9477412855427
2021-02-02 00:00:00,0.0,1009.980559025015
2021-02-02 01:00:00,0.0,1009.980559025015
2021-02-02 02:00:00,0.0,1009.980559025015
2021-02-02 03:00:00,0.0,1009.980559025015
2021-02-02 04:00:00,0.0,1009.980559025015
2021-02-02 05:00:00,0.0,1009.980559025015
2021-02-02 06:00:00,0.0,1009.980559025015
2021-02-02 07:00:00,0.0,1010.0
2021-02-02 08:00:00,1.2318872573487796,1009.9794685457108
2021-02-02 09:00:00,0.0,1009.9794685457108
2021-02-02 10:00:00,2.208993588237341,1009.9426519859069
2021-02-02 11:00:00,0.0,1009.9426519859069
2021-02-02 12:00:00,0.0,1009.9426519859069
2021-02-02 13:00:00,0.0,1009.9426519859069
2021-02-02 14:00:00,0.0,1009.9426519859069
2021-02-02 15:00:00,0.0,1009.9426519859069
2021-02-02 16:00:00,0.0,1009.9426519859069
2021-02-02 17:00:00,0.0,1009.9426519859069
2021-02-02 18:00:00,0.0,1009.9426519859069
2021-02-02 19:00:00,0.0,1009.9426519859069
2021-02-02 20:00:00,1.410199407900977,1009.939680116731
2021-02-02 21:00:00,0.0,1009.939680116731
2021-02-02 22:00:00,0.0,1009.976496676535
2021-02-02 23:00:00,0.0,1009.976496676535
2021-02-03 00:00:00,0.0,1009.976496676535
2021-02-03 01:00:00,0.0,1009.976496676535
2021-02-03 02:00:00,0.0,1009.976496676535
2021-02-03 03:00:00,0.0,1009.976496676535
2021-02-03 04:00:00,1.2666589560814967,1009.9553856939336
2021-02-03 05:00:00,0.0,1009.9553856939336
2021-02-03 06:00:00,0.0,1009.9553856939336
2021-02-03 07:00:00,0.0,1009.9553856939336
2021-02-03 08:00:00,0.0,1009.9788890173986
2021-02-03 09:00:00,0.0,1009.9788890173986
2021-02-03 10:00:00,0.0,1009.9788890173986
2021-02-03 11:00:00,0.0,1009.9788890173986
2021-02-03 12:00:00,1.2443957496798048,1009.9581490882373
2021-02-03 13:00:00,0.0,1009.9581490882373
2021-02-03 14:00:00,1.7102422375163924,1009.9296450509454
2021-02-03 15:00:00,0.0,1009.9296450509454
2021-02-03 16:00:00,0.0,1009.9507560335468
2021-02-03 17:00:00,0.0,1009.9507560335468
2021-02-03 18:00:00,0.0,1009.9507560335468
2021-02-03 19:00:00,1.1154857300510916,1009.9321646047125
2021-02-03 20:00:00,0.0,1009.9321646047125
2021-02-03 21:00:00,0.0,1009.9321646047125
2021-02-03 22:00:00,0.0,1009.9321646047125
2021-02-03 23:00:00,0.0,1009.9321646047125
2021-02-04 00:00:00,0.0,1009.9529045338738
2021-02-04 01:00:00,1.9388256883699033,1009.920590772401
2021-02-04 02:00:00,0.0,1009.949094809693
2021-02-04 03:00:00,0.0,1009.949094809693
2021-02-04 04:00:00,0.0,1009.949094809693
2021-02-04 05:00:00,0.0,1009.949094809693
2021-02-04 06:00:00,0.0,1009.949094809693
2021-02-04 07:00:00,1.4898110575412566,1009.9428560542348
2021-02-04 08:00:00,0.0,1009.9428560542348
2021-02-04 09:00:00,0.0,1009.9428560542348
2021-02-04 10:00:00,0.0,1009.9428560542348
2021-02-04 11:00:00,0.0,1009.9428560542348
2021-02-04 12:00:00,0.0,1009.9428560542348
2021-02-04 13:00:00,0.0,1009.9751698157077
2021-02-04 14:00:00,0.0,1009.9751698157077
2021-02-04 15:00:00,0.0,1009.9751698157077
2021-02-04 16:00:00,0.0,1009.9751698157077
2021-02-04 17:00:00,0.0,1009.9751698157077
2021-02-04 18:00:00,0.0,1009.9751698157077
2021-02-04 19:00:00,0.0,1010.0
2021-02-04 20:00:00,0.0,1010.0
2021-02-04 21:00:00,0.0,1010.0
2021-02-04 22:00:00,2.486073036388123,1009.9585654493935
2021-02-04 23:00:00,0.0,1009.9585654493935
2021-02-05 00:00:00,0.0,1009.9585654493935
2021-02-05 01:00:00,0.0,1009.9585654493935
2021-02-05 02:00:00,1.3326621872053628,1009.9363544129401
2021-02-05 03:00:00,0.0,1009.9363544129401
2021-02-05 04:00:00,0.0,1009.9363544129401
2021-02-05 05:00:00,1.829756081487227,1009.9058584782487
2021-02-05 06:00:00,0.0,1009.9058584782487
2021-02-05 07:00:00,0.0,1009.9058584782487
2021-02-05 08:00:00,0.0,1009.9058584782487
2021-02-05 09:00:00,0.0,1009.9058584782487
2021-02-05 10:00:00,0.0,1009.9472930288551
2021-02-05 11:00:00,0.0,1009.9472930288551
2021-02-05 12:00:00,0.0,1009.9472930288551
2021-02-05 13:00:00,0.0,1009.9472930288551
2021-02-05 14:00:00,0.0,1009.9695040653086
2021-02-05 15:00:00,0.0,1009.9695040653086
2021-02-05 16:00:00,0.0,1009.9695040653086
2021-02-05 17:00:00,0.0,1010.0
2021-02-05 18:00:00,0.0,1010.0
2021-02-05 19:00:00,0.0,1010.0
2021-02-05 20:00:00,0.0,1010.0
2021-02-05 21:00:00,0.0,1010.0
2021-02-05 22:00:00,0.0,1010.0
2021-02-05 23:00:00,0.0,1010.0
2021-02-06 00:00:00,0.0,1010.0
2021-02-06 01:00:00,0.0,1010.0
2021-02-06 02:00:00,0.0,1010.0
2021-02-06 03:00:00,0.0,1010.0
2021-02-06 04:00:00,0.0,1010.0
2021-02-06 05:00:00,0.0,1010.0
2021-02-06 06:00:00,0.0,1010.0
2021-02-06 07:00:00,1.018357502169791,1009.9830273749639
2021-02-06 08:00:00,0.0,1009.9830273749639
2021-02-06 09:00:00,0.0,1009.9830273749639
2021-02-06 10:00:00,0.0,1009.9830273749639
2021-02-06 11:00:00,0.0,1009.9830273749639
2021-02-06 12:00:00,0.0,1009.9830273749639
2021-02-06 13:00:00,0.0,1009.9830273749639
2021-02-06 14:00:00,0.0,1009.9830273749639
2021-02-06 15:00:00,0.0,1009.9830273749639
2021-02-06 16:00:00,0.0,1009.9830273749639
2021-02-06 17:00:00,0.0,1009.9830273749639
2021-02-06 18:00:00,0.0,1009.9830273749639
2021-02-06 19:00:00,0.0,1010.0
2021-02-06 20:00:00,0.0,1010.0
2021-02-06 21:00:00,0.0,1010.0
2021-02-06 22:00:00,0.0,1010.0
2021-02-06 23:00:00,0.0,1010.0
2021-02-07 00:00:00,0.0,1010.0
2021-02-07 01:00:00,0.0,1010.0
2021-02-07 02:00:00,0.0,1010.0
2021-02-07 03:00:00,0.0,1010.0
2021-02-07 04:00:00,0.0,1010.0
2021-02-07 05:00:00,2.7885107467548345,1009.9535248208874
2021-02-07 06:00:00,0.0,1009.9535248208874
2021-02-07 07:00:00,0.0,1009.9535248208874
2021-02-07 08:00:00,0.0,1009.9535248208874
2021-02-07 09:00:00,0.0,1009.9535248208874
2021-02-07 10:00:00,0.0,1009.9535248208874
2021-02-07 11:00:00,0.0,1009.9535248208874
2021-02-07 12:00:00,1.3796837758507112,1009.9305300912899
2021-02-07 13:00:00,0.0,1009.9305300912899
2021-02-07 14:00:00,0.0,1009.9305300912899
2021-02-07 15:00:00,0.0,1009.9305300912899
2021-02-07 16:00:00,0.0,1009.9305300912899
2021-02-07 17:00:00,0.0,1009.9770052704025
2021-02-07 18:00:00,0.0,1009.9770052704025
2021-02-07 19:00:00,0.0,1009.9770052704025
2021-02-07 20:00:00,1.1869911688399726,1009.9572220842551
2021-02-07 21:00:00,0.0,1009.9572220842551
2021-02-07 22:00:00,0.0,1009.9572220842551
2021-02-07 23:00:00,0.0,1009.9572220842551
2021-02-08 00:00:00,0.0,1009.9802168138526
2021-02-08 01:00:00,1.3978506237633037,1009.9569193034566
2021-02-08 02:00:00,0.0,1009.9569193034566
2021-02-08 03:00:00,0.0,1009.9569193034566
2021-02-08 04:00:00,0.0,1009.9569193034566
2021-02-08 05:00:00,0.0,1009.9569193034566
2021-02-08 06:00:00,0.0,1009.9569193034566
2021-02-08 07:00:00,0.0,1009.9569193034566
2021-02-08 08:00:00,0.0,1009.9767024896039
2021-02-08 09:00:00,0.0,1009.9767024896039
2021-02-08 10:00:00,0.0,1009.9767024896039
2021-02-08 11:00:00,0.0,1009.9767024896039
2021-02-08 12:00:00,0.0,1009.9767024896039
2021-02-08 13:00:00,0.0,1010.0
2021-02-08 14:00:00,0.0,1010.0
2021-02-08 15:00:00,1.7935668153624937,1009.9701072197439
2021-02-08 16:00:00,0.0,1009.9701072197439
2021-02-08 17:00:00,0.0,1009.9701072197439
2021-02-08 18:00:00,1.252289215135404,1009.9492357328251
2021-02-08 19:00:00,0.0,1009.9492357328251
2021-02-08 20:00:00,0.0,1009.9492357328251
2021-02-08 21:00:00,0.0,1009.9492357328251
2021-02-08 22:00:00,2.799299666501332,1009.9025807383833
2021-02-08 23:00:00,0.0,1009.9025807383833
2021-02-09 00:00:00,0.0,1009.9025807383833
2021-02-09 01:00:00,0.0,1009.9025807383833
2021-02-09 02:00:00,0.0,1009.9025807383833
2021-02-09 03:00:00,1.4458261348593369,1009.9083764163918
2021-02-09 04:00:00,0.0,1009.9083764163918
2021-02-09 05:00:00,0.0,1009.9083764163918
2021-02-09 06:00:00,1.0251166382352674,1009.9121626260068
2021-02-09 07:00:00,0.0,1009.9121626260068
2021-02-09 08:00:00,0.0,1009.9121626260068
2021-02-09 09:00:00,0.0,1009.9121626260068
2021-02-09 10:00:00,0.0,1009.9588176204484
2021-02-09 11:00:00,0.0,1009.9588176204484
2021-02-09 12:00:00,0.0,1009.9588176204484
2021-02-09 13:00:00,0.0,1009.9588176204484
2021-02-09 14:00:00,0.0,1009.9588176204484
2021-02-09 15:00:00,0.0,1009.982914722696
2021-02-09 16:00:00,0.0,1009.982914722696
2021-02-09 17:00:00,1.47122597107388,1009.9583942898448
2021-02-09 18:00:00,0.0,1009.9754795671488
2021-02-09 19:00:00,0.0,1009.9754795671488
2021-02-09 20:00:00,0.0,1009.9754795671488
2021-02-09 21:00:00,0.0,1009.9754795671488
2021-02-09 22:00:00,0.0,1009.9754795671488
2021-02-09 23:00:00,1.3293234920267145,1009.953324175615
2021-02-10 00:00:00,0.0,1009.953324175615
2021-02-10 01:00:00,0.0,1009.953324175615
2021-02-10 02:00:00,0.0,1009.953324175615
2021-02-10 03:00:00,1.1958136717628456,1009.9333939477523
2021-02-10 04:00:00,0.0,1009.9333939477523
2021-02-10 05:00:00,0.0,1009.9579143806035
2021-02-10 06:00:00,1.207831222065617,1009.9377838602358
2021-02-10 07:00:00,0.0,1009.9377838602358
2021-02-10 08:00:00,0.0,1009.9377838602358
2021-02-10 09:00:00,0.0,1009.9377838602358
2021-02-10 10:00:00,0.0,1009.9377838602358
2021-02-10 11:00:00,0.0,1009.9599392517695
2021-02-10 12:00:00,0.0,1009.9599392517695
2021-02-10 13:00:00,0.0,1009.9599392517695
2021-02-10 14:00:00,0.0,1009.9599392517695
2021-02-10 15:00:00,0.0,1009.9798694796323
2021-02-10 16:00:00,0.0,1009.9798694796323
2021-02-10 17:00:00,0.0,1009.9798694796323
2021-02-10 18:00:00,3.204545343596827,1009.94659091094
2021-02-10 19:00:00,0.0,1009.94659091094
2021-02-10 20:00:00,2.4183187106758304,1009.9062855990954
2021-02-10 21:00:00,0.0,1009.9062855990954
2021-02-10 22:00:00,0.0,1009.9062855990954
2021-02-10 23:00:00,0.0,1009.9062855990954
2021-02-11 00:00:00,0.0,1009.9062855990954
2021-02-11 01:00:00,0.0,1009.9062855990954
2021-02-11 02:00:00,0.0,1009.9062855990954
2021-02-11 03:00:00,1.5349201521588403,1009.8807035965594
2021-02-11 04:00:00,2.270144651278879,1009.8428678523715
2021-02-11 05:00:00,0.0,1009.8428678523715
2021-02-11 06:00:00,1.2322294105679688,1009.8757397845886
2021-02-11 07:00:00,5.811301966500005,1009.7788847518136
2021-02-11 08:00:00,0.0,1009.8191900636582
2021-02-11 09:00:00,0.0,1009.8191900636582
2021-02-11 10:00:00,0.0,1009.8191900636582
2021-02-11 11:00:00,0.0,1009.8191900636582
2021-02-11 12:00:00,0.0,1009.8191900636582
2021-02-11 13:00:00,0.0,1009.8191900636582
2021-02-11 14:00:00,0.0,1009.8191900636582
2021-02-11 15:00:00,0.0,1009.8447720661942
2021-02-11 16:00:00,1.250051281916944,1009.8617736223503
2021-02-11 17:00:00,0.0,1009.8617736223503
2021-02-11 18:00:00,0.0,1009.8823107791931
2021-02-11 19:00:00,0.0,1009.9791658119681
2021-02-11 20:00:00,0.0,1009.9791658119681
2021-02-11 21:00:00,0.0,1009.9791658119681
2021-02-11 22:00:00,0.0,1009.9791658119681
2021-02-11 23:00:00,0.0,1009.9791658119681
2021-02-12 00:00:00,0.0,1009.9791658119681
2021-02-12 01:00:00,0.0,1009.9791658119681
2021-02-12 02:00:00,0.0,1009.9791658119681
2021-02-12 03:00:00,1.234475335043229,1009.9585912230507
2021-02-12 04:00:00,1.1387922430881487,1009.9604455403645
2021-02-12 05:00:00,0.0,1009.9604455403645
2021-02-12 06:00:00,0.0,1009.9604455403645
2021-02-12 07:00:00,1.4416628486205565,1009.9364178262208
2021-02-12 08:00:00,1.2115423684032787,1009.9162254534141
2021-02-12 09:00:00,0.0,1009.9162254534141
2021-02-12 10:00:00,1.3507187021109708,1009.8937134750456
2021-02-12 11:00:00,0.0,1009.8937134750456
2021-02-12 12:00:00,0.0,1009.8937134750456
2021-02-12 13:00:00,0.0,1009.8937134750456
2021-02-12 14:00:00,0.0,1009.8937134750456
2021-02-12 15:00:00,0.0,1009.914288063963
2021-02-12 16:00:00,1.4536736821296063,1009.9090400399789
2021-02-12 17:00:00,1.4076973753954314,1009.8855784170556
2021-02-12 18:00:00,0.0,1009.8855784170556
2021-02-12 19:00:00,0.0,1009.9096061311993
2021-02-12 20:00:00,0.0,1009.929798504006
2021-02-12 21:00:00,0.0,1009.929798504006
2021-02-12 22:00:00,0.0,1009.9523104823746
2021-02-12 23:00:00,0.0,1009.9523104823746
2021-02-13 00:00:00,1.3184946909242252,1009.9303355708591
2021-02-13 01:00:00,0.0,1009.9303355708591
2021-02-13 02:00:00,0.0,1009.9303355708591
2021-02-13 03:00:00,0.0,1009.9303355708591
2021-02-13 04:00:00,0.0,1009.9545634655614
2021-02-13 05:00:00,2.150573215001983,1009.9421822015679
2021-02-13 06:00:00,0.0,1009.9421822015679
2021-02-13 07:00:00,0.0,1009.9421822015679
2021-02-13 08:00:00,1.3275948060498126,1009.9200556214671
2021-02-13 09:00:00,0.0,1009.9200556214671
2021-02-13 10:00:00,0.0,1009.9200556214671
2021-02-13 11:00:00,0.0,1009.9200556214671
2021-02-13 12:00:00,0.0,1009.9420305329825
2021-02-13 13:00:00,1.5245833067058183,1009.916620811204
2021-02-13 14:00:00,0.0,1009.916620811204
2021-02-13 15:00:00,0.0,1009.916620811204
2021-02-13 16:00:00,0.0,1009.916620811204
2021-02-13 17:00:00,0.0,1009.9524636981207
2021-02-13 18:00:00,0.0,1009.9524636981207
2021-02-13 19:00:00,0.0,1009.9524636981207
2021-02-13 20:00:00,0.0,1009.9745902782216
2021-02-13 21:00:00,1.6447279328109459,1009.947178146008
2021-02-13 22:00:00,0.0,1009.947178146008
2021-02-13 23:00:00,0.0,1009.947178146008
2021-02-14 00:00:00,0.0,1009.947178146008
2021-02-14 01:00:00,1.5921155271803626,1009.9460526090002
2021-02-14 02:00:00,0.0,1009.9460526090002
2021-02-14 03:00:00,0.0,1009.9460526090002
2021-02-14 04:00:00,0.0,1009.9460526090002
2021-02-14 05:00:00,0.0,1009.9460526090002
2021-02-14 06:00:00,0.0,1009.9460526090002
2021-02-14 07:00:00,0.0,1009.9460526090002
2021-02-14 08:00:00,0.0,1009.9460526090002
2021-02-14 09:00:00,1.1411097052372616,1009.9544462461264
2021-02-14 10:00:00,0.0,1009.9544462461264
2021-02-14 11:00:00,0.0,1009.9544462461264
2021-02-14 12:00:00,0.0,1009.9544462461264
2021-02-14 13:00:00,0.0,1009.9809815049127
2021-02-14 14:00:00,0.0,1009.9809815049127
2021-02-14 15:00:00,0.0,1009.9809815049127
2021-02-14 16:00:00,0.0,1009.9809815049127
2021-02-14 17:00:00,0.0,1009.9809815049127
2021-02-14 18:00:00,0.0,1009.9809815049127
2021-02-14 19:00:00,0.0,1009.9809815049127
2021-02-14 20:00:00,0.0,1009.9809815049127
2021-02-14 21:00:00,0.0,1010.0
2021-02-14 22:00:00,0.0,1010.0
2021-02-14 23:00:00,0.0,1010.0
2021-02-15 00:00:00,0.0,1010.0
2021-02-15 01:00:00,1.8469634522153866,1009.9692172757964
2021-02-15 02:00:00,1.4511719725921868,1009.9450310762533
2021-02-15 03:00:00,0.0,1009.9450310762533
2021-02-15 04:00:00,0.0,1009.9450310762533
2021-02-15 05:00:00,0.0,1009.9450310762533
2021-02-15 06:00:00,0.0,1009.9450310762533
2021-02-15 07:00:00,0.0,1009.9450310762533
2021-02-15 08:00:00,0.0,1009.9450310762533
2021-02-15 09:00:00,0.0,1009.9450310762533
2021-02-15 10:00:00,0.0,1009.9450310762533
2021-02-15 11:00:00,0.0,1009.9450310762533
2021-02-15 12:00:00,0.0,1009.9450310762533
2021-02-15 13:00:00,0.0,1009.9758138004568
2021-02-15 14:00:00,1.000616058264661,1009.9833230656956
2021-02-15 15:00:00,0.0,1009.9833230656956
2021-02-15 16:00:00,1.4644345668611383,1009.9589158229146
2021-02-15 17:00:00,0.0,1009.9589158229146
2021-02-15 18:00:00,1.3662963404399302,1009.9361442172406
2021-02-15 19:00:00,2.322127029999428,1009.8974421000739
2021-02-15 20:00:00,0.0,1009.8974421000739
2021-02-15 21:00:00,0.0,1009.8974421000739
2021-02-15 22:00:00,0.0,1009.8974421000739
2021-02-15 23:00:00,0.0,1009.8974421000739
2021-02-16 00:00:00,1.0157179676444859,1009.8805134672798
2021-02-16 01:00:00,0.0,1009.8805134672798
2021-02-16 02:00:00,0.0,1009.8971904015842
2021-02-16 03:00:00,0.0,1009.8971904015842
2021-02-16 04:00:00,0.0,1009.9215976443653
2021-02-16 05:00:00,1.6013241723803784,1009.894908908159
2021-02-16 06:00:00,0.0,1009.9176805138329
2021-02-16 07:00:00,1.0072413172286674,1009.9395952757125
2021-02-16 08:00:00,0.0,1009.9395952757125
2021-02-16 09:00:00,0.0,1009.9395952757125
2021-02-16 10:00:00,1.4270519462721767,1009.915811076608
2021-02-16 11:00:00,0.0,1009.915811076608
2021-02-16 12:00:00,0.0,1009.932739709402
2021-02-16 13:00:00,0.0,1009.932739709402
2021-02-16 14:00:00,0.0,1009.932739709402
2021-02-16 15:00:00,0.0,1009.932739709402
2021-02-16 16:00:00,0.0,1009.932739709402
2021-02-16 17:00:00,1.4599728077486116,1009.9350955654792
2021-02-16 18:00:00,0.0,1009.9350955654792
2021-02-16 19:00:00,0.0,1009.9518829207664
2021-02-16 20:00:00,0.0,1009.9518829207664
2021-02-16 21:00:00,0.0,1009.9518829207664
2021-02-16 22:00:00,1.349876357584915,1009.9531691805778
2021-02-16 23:00:00,0.0,1009.9531691805778
2021-02-17 00:00:00,0.0,1009.9531691805778
2021-02-17 01:00:00,0.0,1009.9531691805778
2021-02-17 02:00:00,0.0,1009.9531691805778
2021-02-17 03:00:00,5.190474091567173,1009.8666612790516
2021-02-17 04:00:00,0.0,1009.8666612790516
2021-02-17 05:00:00,0.0,1009.8909941591808
2021-02-17 06:00:00,0.0,1009.8909941591808
2021-02-17 07:00:00,0.0,1009.8909941591808
2021-02-17 08:00:00,0.0,1009.8909941591808
2021-02-17 09:00:00,4.37292856259888,1009.8181120164708
2021-02-17 10:00:00,0.0,1009.8406099557639
2021-02-17 11:00:00,0.0,1009.8406099557639
2021-02-17 12:00:00,0.0,1009.8406099557639
2021-02-17 13:00:00,0.0,1009.8406099557639
2021-02-17 14:00:00,0.0,1009.8406099557639
2021-02-17 15:00:00,0.0,1009.92711785729
2021-02-17 16:00:00,0.0,1009.92711785729
2021-02-17 17:00:00,0.0,1009.92711785729
2021-02-17 18:00:00,0.0,1009.92711785729
2021-02-17 19:00:00,0.0,1009.92711785729
2021-02-17 20:00:00,0.0,1009.92711785729
2021-02-17 21:00:00,0.0,1010.0
2021-02-17 22:00:00,0.0,1010.0
2021-02-17 23:00:00,0.0,1010.0
2021-02-18 00:00:00,0.0,1010.0
2021-02-18 01:00:00,0.0,1010.0
2021-02-18 02:00:00,0.0,1010.0
2021-02-18 03:00:00,1.243792957536897,1009.9792701173744
2021-02-18 04:00:00,0.0,1009.9792701173744
2021-02-18 05:00:00,0.0,1009.9792701173744
2021-02-18 06:00:00,0.0,1009.9792701173744
2021-02-18 07:00:00,0.0,1009.9792701173744
2021-02-18 08:00:00,0.0,1009.9792701173744
2021-02-18 09:00:00,0.0,1009.9792701173744
2021-02-18 10:00:00,0.0,1009.9792701173744
2021-02-18 11:00:00,2.111991951184737,1009.9440702515213
2021-02-18 12:00:00,0.0,1009.9440702515213
2021-02-18 13:00:00,0.0,1009.9440702515213
2021-02-18 14:00:00,0.0,1009.9440702515213
2021-02-18 15:00:00,0.0,1009.9648001341469
2021-02-18 16:00:00,0.0,1009.9648001341469
2021-02-18 17:00:00,0.0,1009.9648001341469
2021-02-18 18:00:00,0.0,1009.9648001341469
2021-02-18 19:00:00,0.0,1009.9648001341469
2021-02-18 20:00:00,0.0,1009.9648001341469
2021-02-18 21:00:00,0.0,1009.9648001341469
2021-02-18 22:00:00,2.061221772256504,1009.9304464379427
2021-02-18 23:00:00,0.0,1009.9656463037958
2021-02-19 00:00:00,2.1805025931886135,1009.9293045939093
2021-02-19 01:00:00,0.0,1009.9293045939093
2021-02-19 02:00:00,0.0,1009.9293045939093
2021-02-19 03:00:00,0.0,1009.9293045939093
2021-02-19 04:00:00,0.0,1009.9293045939093
2021-02-19 05:00:00,0.0,1009.9293045939093
2021-02-19 06:00:00,0.0,1009.9293045939093
2021-02-19 07:00:00,0.0,1009.9293045939093
2021-02-19 08:00:00,0.0,1009.9293045939093
2021-02-19 09:00:00,1.4864725741192522,1009.9045300510072
2021-02-19 10:00:00,0.0,1009.9388837472115
2021-02-19 11:00:00,0.0,1009.9388837472115
2021-02-19 12:00:00,0.0,1009.975225457098
2021-02-19 13:00:00,0.0,1009.975225457098
2021-02-19 14:00:00,0.0,1009.975225457098
2021-02-19 15:00:00,0.0,1009.975225457098
2021-02-19 16:00:00,0.0,1009.975225457098
2021-02-19 17:00:00,0.0,1009.975225457098
2021-02-19 18:00:00,0.0,1009.975225457098
2021-02-19 19:00:00,1.236361459752347,1009.9546194327688
2021-02-19 20:00:00,0.0,1009.9546194327688
2021-02-19 21:00:00,0.0,1009.9793939756707
2021-02-19 22:00:00,0.0,1009.9793939756707
2021-02-19 23:00:00,0.0,1009.9793939756707
2021-02-20 00:00:00,0.0,1009.9793939756707
2021-02-20 01:00:00,0.0,1009.9793939756707
2021-02-20 02:00:00,0.0,1009.9793939756707
2021-02-20 03:00:00,2.068651092825097,1009.944916457457
2021-02-20 04:00:00,0.0,1009.944916457457
2021-02-20 05:00:00,0.0,1009.944916457457
2021-02-20 06:00:00,0.0,1009.944916457457
2021-02-20 07:00:00,0.0,1009.9655224817863
2021-02-20 08:00:00,0.0,1009.9655224817863
2021-02-20 09:00:00,0.0,1009.9655224817863
2021-02-20 10:00:00,0.0,1009.9655224817863
2021-02-20 11:00:00,0.0,1009.9655224817863
2021-02-20 12:00:00,0.0,1009.9655224817863
2021-02-20 13:00:00,0.0,1009.9655224817863
2021-02-20 14:00:00,0.0,1009.9655224817863
2021-02-20 15:00:00,0.0,1010.0
2021-02-20 16:00:00,0.0,1010.0
2021-02-20 17:00:00,0.0,1010.0
2021-02-20 18:00:00,0.0,1010.0
2021-02-20 19:00:00,0.0,1010.0
2021-02-20 20:00:00,0.0,1010.0
2021-02-20 21:00:00,0.0,1010.0
2021-02-20 22:00:00,0.0,1010.0
2021-02-20 23:00:00,0.0,1010.0
2021-02-21 00:00:00,0.0,1010.0
2021-02-21 01:00:00,0.0,1010.0
2021-02-21 02:00:00,0.0,1010.0
2021-02-21 03:00:00,0.0,1010.0
2021-02-21 04:00:00,0.0,1010.0
2021-02-21 05:00:00,0.0,1010.0
2021-02-21 06:00:00,0.0,1010.0
2021-02-21 07:00:00,0.0,1010.0
2021-02-21 08:00:00,0.0,1010.0
2021-02-21 09:00:00,0.0,1010.0
2021-02-21 10:00:00,0.0,1010.0
2021-02-21 11:00:00,0.0,1010.0
2021-02-21 12:00:00,0.0,1010.0
2021-02-21 13:00:00,9.675134624499133,1009.8387477562584
2021-02-21 14:00:00,0.0,1009.8387477562584
2021-02-21 15:00:00,0.0,1009.8387477562584
2021-02-21 16:00:00,0.0,1009.8387477562584
2021-02-21 17:00:00,0.0,1009.8387477562584
2021-02-21 18:00:00,0.0,1009.8387477562584
2021-02-21 19:00:00,0.0,1009.8387477562584
2021-02-21 20:00:00,0.0,1009.8387477562584
2021-02-21 21:00:00,0.0,1009.8387477562584
2021-02-21 22:00:00,0.0,1009.8387477562584
2021-02-21 23:00:00,1.2652929355913733,1009.8176595406652
2021-02-22 00:00:00,1.8388381393553854,1009.7870122383425
2021-02-22 01:00:00,0.0,1009.9482644820843
2021-02-22 02:00:00,0.0,1009.9482644820843
2021-02-22 03:00:00,0.0,1009.9482644820843
2021-02-22 04:00:00,0.0,1009.9482644820843
2021-02-22 05:00:00,0.0,1009.9482644820843
2021-02-22 06:00:00,0.0,1009.9482644820843
2021-02-22 07:00:00,0.0,1009.9482644820843
2021-02-22 08:00:00,0.0,1009.9482644820843
2021-02-22 09:00:00,0.0,1009.9482644820843
2021-02-22 10:00:00,0.0,1009.9482644820843
2021-02-22 11:00:00,0.0,1009.9693526976774
2021-02-22 12:00:00,1.132723066825191,1009.9811212822195
2021-02-22 13:00:00,0.0,1009.9811212822195
2021-02-22 14:00:00,0.0,1009.9811212822195
2021-02-22 15:00:00,1.3991189986518044,1009.9578026322421
2021-02-22 16:00:00,0.0,1009.9578026322421
2021-02-22 17:00:00,0.0,1009.9578026322421
2021-02-22 18:00:00,0.0,1009.9578026322421
2021-02-22 19:00:00,0.0,1009.9578026322421
2021-02-22 20:00:00,0.0,1009.9578026322421
2021-02-22 21:00:00,0.0,1009.9578026322421
2021-02-22 22:00:00,0.0,1009.9578026322421
2021-02-22 23:00:00,0.0,1009.9578026322421
2021-02-23 00:00:00,0.0,1009.9766813500224
2021-02-23 01:00:00,0.0,1009.9766813500224
2021-02-23 02:00:00,0.0,1009.9766813500224
2021-02-23 03:00:00,5.815356000869862,1009.9030773999855
2021-02-23 04:00:00,0.0,1009.9030773999855
2021-02-23 05:00:00,0.0,1009.9030773999855
2021-02-23 06:00:00,1.4381713117291386,1009.8791078781234
2021-02-23 07:00:00,0.0,1009.8791078781234
2021-02-23 08:00:00,0.0,1009.8791078781234
2021-02-23 09:00:00,0.0,1009.8791078781234
2021-02-23 10:00:00,0.0,1009.8791078781234
2021-02-23 11:00:00,0.0,1009.8791078781234
2021-02-23 12:00:00,0.0,1009.8791078781234
2021-02-23 13:00:00,0.0,1009.8791078781234
2021-02-23 14:00:00,0.0,1009.8791078781234
2021-02-23 15:00:00,1.6419002448331432,1009.9486654740573
2021-02-23 16:00:00,0.0,1009.9486654740573
2021-02-23 17:00:00,0.0,1009.9486654740573
2021-02-23 18:00:00,1.3190301739964116,1009.9506511596861
2021-02-23 19:00:00,2.0074715785576522,1009.9171933000436
2021-02-23 20:00:00,0.0,1009.9171933000436
2021-02-23 21:00:00,0.0,1009.9171933000436
2021-02-23 22:00:00,0.0,1009.9171933000436
2021-02-23 23:00:00,1.451092715280542,1009.8930084214555
2021-02-24 00:00:00,0.0,1009.8930084214555
2021-02-24 01:00:00,0.0,1009.8930084214555
2021-02-24 02:00:00,0.0,1009.8930084214555
2021-02-24 03:00:00,0.0,1009.9203734255361
2021-02-24 04:00:00,0.0,1009.9203734255361
2021-02-24 05:00:00,0.0,1009.9203734255361
2021-02-24 06:00:00,1.587046825659864,1009.9159064813417
2021-02-24 07:00:00,0.0,1009.9493643409843
2021-02-24 08:00:00,0.0,1009.9493643409843
2021-02-24 09:00:00,1.4854856869807938,1009.9246062462013
2021-02-24 10:00:00,0.0,1009.9246062462013
2021-02-24 11:00:00,0.0,1009.9487911247893
2021-02-24 12:00:00,0.0,1009.9487911247893
2021-02-24 13:00:00,0.0,1009.9487911247893
2021-02-24 14:00:00,0.0,1009.9487911247893
2021-02-24 15:00:00,0.0,1009.9487911247893
2021-02-24 16:00:00,0.0,1009.9487911247893
2021-02-24 17:00:00,0.0,1009.9487911247893
2021-02-24 18:00:00,1.8898652932694744,1009.9437441503292
2021-02-24 19:00:00,0.0,1009.9437441503292
2021-02-24 20:00:00,1.0124469118656476,1009.9268700351314
2021-02-24 21:00:00,0.0,1009.9516281299144
2021-02-24 22:00:00,0.0,1009.9516281299144
2021-02-24 23:00:00,0.0,1009.9516281299144
2021-02-25 00:00:00,0.0,1009.9516281299144
2021-02-25 01:00:00,0.0,1009.9516281299144
2021-02-25 02:00:00,0.0,1009.9516281299144
2021-02-25 03:00:00,0.0,1009.9516281299144
2021-02-25 04:00:00,0.0,1009.9516281299144
2021-02-25 05:00:00,0.0,1009.9516281299144
2021-02-25 06:00:00,1.1051251282287535,1009.9647071326651
2021-02-25 07:00:00,0.0,1009.9647071326651
2021-02-25 08:00:00,0.0,1009.9815812478629
2021-02-25 09:00:00,0.0,1009.9815812478629
2021-02-25 10:00:00,0.0,1009.9815812478629
2021-02-25 11:00:00,0.0,1009.9815812478629
2021-02-25 12:00:00,0.0,1009.9815812478629
2021-02-25 13:00:00,0.0,1009.9815812478629
2021-02-25 14:00:00,0.0,1009.9815812478629
2021-02-25 15:00:00,0.0,1009.9815812478629
2021-02-25 16:00:00,0.0,1009.9815812478629
2021-02-25 17:00:00,0.0,1009.9815812478629
2021-02-25 18:00:00,0.0,1010.0
2021-02-25 19:00:00,0.0,1010.0
2021-02-25 20:00:00,0.0,1010.0
2021-02-25 21:00:00,0.0,1010.0
2021-02-25 22:00:00,1.0641480093081586,1009.9822641998448
2021-02-25 23:00:00,0.0,1009.9822641998448
2021-02-26 00:00:00,0.0,1009.9822641998448
2021-02-26 01:00:00,0.0,1009.9822641998448
2021-02-26 02:00:00,0.0,1009.9822641998448
2021-02-26 03:00:00,0.0,1009.9822641998448
2021-02-26 04:00:00,0.0,1009.9822641998448
2021-02-26 05:00:00,0.0,1009.9822641998448
2021-02-26 06:00:00,0.0,1009.9822641998448
2021-02-26 07:00:00,1.2837243026436926,1009.9608687948008
2021-02-26 08:00:00,2.150812573629107,1009.9250219185736
2021-02-26 09:00:00,0.0,1009.9250219185736
2021-02-26 10:00:00,0.0,1009.9427577187288
2021-02-26 11:00:00,0.0,1009.9427577187288
2021-02-26 12:00:00,0.0,1009.9427577187288
2021-02-26 13:00:00,0.0,1009.9427577187288
2021-02-26 14:00:00,0.0,1009.9427577187288
2021-02-26 15:00:00,0.0,1009.9427577187288
2021-02-26 16:00:00,0.0,1009.9427577187288
2021-02-26 17:00:00,0.0,1009.9427577187288
2021-02-26 18:00:00,1.1808975929067618,1009.9230760921804
2021-02-26 19:00:00,0.0,1009.9444714972244
2021-02-26 20:00:00,0.0,1009.9803183734516
2021-02-26 21:00:00,0.0,1009.9803183734516
2021-02-26 22:00:00,0.0,1009.9803183734516
2021-02-26 23:00:00,0.0,1009.9803183734516
2021-02-27 00:00:00,0.0,1009.9803183734516
2021-02-27 01:00:00,0.0,1009.9803183734516
2021-02-27 02:00:00,0.0,1009.9803183734516
2021-02-27 03:00:00,0.0,1009.9803183734516
2021-02-27 04:00:00,1.2968210745023288,1009.9587046888765
2021-02-27 05:00:00,0.0,1009.9587046888765
2021-02-27 06:00:00,1.0164053037950698,1009.9614462270284
2021-02-27 07:00:00,1.392318249371577,1009.9382409228722
2021-02-27 08:00:00,0.0,1009.9382409228722
2021-02-27 09:00:00,1.1906006867968624,1009.9183975780923
2021-02-27 10:00:00,0.0,1009.9183975780923
2021-02-27 11:00:00,0.0,1009.9183975780923
2021-02-27 12:00:00,0.0,1009.9183975780923
2021-02-27 13:00:00,0.0,1009.9183975780923
2021-02-27 14:00:00,0.0,1009.9183975780923
2021-02-27 15:00:00,0.0,1009.9183975780923
2021-02-27 16:00:00,0.0,1009.9400112626673
2021-02-27 17:00:00,3.0796260044994765,1009.8886841625923
2021-02-27 18:00:00,0.0,1009.9056242509889
2021-02-27 19:00:00,0.0,1009.9288295551451
2021-02-27 20:00:00,0.0,1009.9288295551451
2021-02-27 21:00:00,1.8511155471662666,1009.9178209741389
2021-02-27 22:00:00,0.0,1009.9178209741389
2021-02-27 23:00:00,0.0,1009.9178209741389
2021-02-28 00:00:00,0.0,1009.9178209741389
2021-02-28 01:00:00,0.0,1009.9178209741389
2021-02-28 02:00:00,0.0,1009.9178209741389
2021-02-28 03:00:00,0.0,1009.9178209741389
2021-02-28 04:00:00,0.0,1009.9178209741389
2021-02-28 05:00:00,0.0,1009.9691480742139
2021-02-28 06:00:00,1.4319718489035131,1009.9452818767322
2021-02-28 07:00:00,2.05146229932992,1009.91109083841
2021-02-28 08:00:00,0.0,1009.91109083841
2021-02-28 09:00:00,0.0,1009.9419427641961
2021-02-28 10:00:00,0.0,1009.9419427641961
2021-02-28 11:00:00,0.0,1009.9419427641961
2021-02-28 12:00:00,0.0,1009.9419427641961
2021-02-28 13:00:00,1.081619809092905,1009.9239157673779
2021-02-28 14:00:00,0.0,1009.9239157673779
2021-02-28 15:00:00,0.0,1009.9239157673779
2021-02-28 16:00:00,0.0,1009.9239157673779
2021-02-28 17:00:00,0.0,1009.9239157673779
2021-02-28 18:00:00,3.471975067086727,1009.8899157137415
2021-02-28 19:00:00,0.0,1009.9241067520637
2021-02-28 20:00:00,0.0,1009.9241067520637
2021-02-28 21:00:00,0.0,1009.9241067520637
2021-02-28 22:00:00,0.0,1009.9241067520637
2021-02-28 23:00:00,0.0,1009.9241067520637
2021-03-01 00:00:00,0.0,1009.9241067520637
2021-03-01 01:00:00,2.441203156745905,1009.9014470296028
2021-03-01 02:00:00,0.0,1009.9014470296028
2021-03-01 03:00:00,0.0,1009.9014470296028
2021-03-01 04:00:00,2.4996107314403933,1009.8597868507454
2021-03-01 05:00:00,0.0,1009.8597868507454
2021-03-01 06:00:00,0.0,1009.9176531018636
2021-03-01 07:00:00,0.0,1009.9176531018636
2021-03-01 08:00:00,0.0,1009.9176531018636
2021-03-01 09:00:00,0.0,1009.9176531018636
2021-03-01 10:00:00,0.0,1009.9176531018636
2021-03-01 11:00:00,0.0,1009.9176531018636
2021-03-01 12:00:00,0.0,1009.9176531018636
2021-03-01 13:00:00,0.0,1009.9583398211427
2021-03-01 14:00:00,0.0,1009.9583398211427
2021-03-01 15:00:00,0.0,1009.9583398211427
2021-03-01 16:00:00,0.0,1010.0
2021-03-01 17:00:00,0.0,1010.0
2021-03-01 18:00:00,0.0,1010.0
2021-03-01 19:00:00,0.0,1010.0
2021-03-01 20:00:00,0.0,1010.0
2021-03-01 21:00:00,0.0,1010.0
2021-03-01 22:00:00,0.0,1010.0
2021-03-01 23:00:00,0.0,1010.0
2021-03-02 00:00:00,0.0,1010.0
2021-03-02 01:00:00,0.0,1010.0
2021-03-02 02:00:00,0.0,1010.0
2021-03-02 03:00:00,0.0,1010.0
2021-03-02 04:00:00,0.0,1010.0
2021-03-02 05:00:00,0.0,1010.0
2021-03-02 06:00:00,0.0,1010.0
2021-03-02 07:00:00,0.0,1010.0
2021-03-02 08:00:00,1.5115675640837383,1009.9748072072653
2021-03-02 09:00:00,2.2893994158092026,1009.9366505503351
2021-03-02 10:00:00,0.0,1009.9366505503351
2021-03-02 11:00:00,0.0,1009.9366505503351
2021-03-02 12:00:00,0.0,1009.9366505503351
2021-03-02 13:00:00,0.0,1009.9366505503351
2021-03-02 14:00:00,0.0,1009.9366505503351
2021-03-02 15:00:00,0.0,1009.9366505503351
2021-03-02 16:00:00,0.0,1009.9366505503351
2021-03-02 17:00:00,0.0,1009.9366505503351
2021-03-02 18:00:00,0.0,1009.9366505503351
2021-03-02 19:00:00,0.0,1009.9366505503351
2021-03-02 20:00:00,0.0,1009.9618433430699
2021-03-02 21:00:00,0.0,1010.0
2021-03-02 22:00:00,0.0,1010.0
2021-03-02 23:00:00,0.0,1010.0
2021-03-03 00:00:00,0.0,1010.0
2021-03-03 01:00:00,1.007124592571694,1009.9832145901238
2021-03-03 02:00:00,0.0,1009.9832145901238
2021-03-03 03:00:00,0.0,1009.9832145901238
2021-03-03 04:00:00,0.0,1009.9832145901238
2021-03-03 05:00:00,0.0,1009.9832145901238
2021-03-03 06:00:00,0.0,1009.9832145901238
2021-03-03 07:00:00,0.0,1009.9832145901238
2021-03-03 08:00:00,0.0,1009.9832145901238
2021-03-03 09:00:00,0.0,1009.9832145901238
2021-03-03 10:00:00,0.0,1009.9832145901238
2021-03-03 11:00:00,0.0,1009.9832145901238
2021-03-03 12:00:00,0.0,1009.9832145901238
2021-03-03 13:00:00,0.0,1010.0
2021-03-03 14:00:00,0.0,1010.0
2021-03-03 15:00:00,0.0,1010.0
2021-03-03 16:00:00,0.0,1010.0
2021-03-03 17:00:00,0.0,1010.0
2021-03-03 18:00:00,0.0,1010.0
2021-03-03 19:00:00,0.0,1010.0
2021-03-03 20:00:00,0.0,1010.0
2021-03-03 21:00:00,0.0,1010.0
2021-03-03 22:00:00,0.0,1010.0
2021-03-03 23:00:00,0.0,1010.0
2021-03-04 00:00:00,0.0,1010.0
2021-03-04 01:00:00,0.0,1010.0
2021-03-04 02:00:00,0.0,1010.0
2021-03-04 03:00:00,0.0,1010.0
2021-03-04 04:00:00,0.0,1010.0
2021-03-04 05:00:00,0.0,1010.0
2021-03-04 06:00:00,2.664354030441423,1009.9555940994926
2021-03-04 07:00:00,0.0,1009.9555940994926
2021-03-04 08:00:00,0.0,1009.9555940994926
2021-03-04 09:00:00,0.0,1009.9555940994926
2021-03-04 10:00:00,0.0,1009.9555940994926
2021-03-04 11:00:00,0.0,1009.9555940994926
2021-03-04 12:00:00,0.0,1009.9555940994926
2021-03-04 13:00:00,1.5285062912468437,1009.9301189946385
2021-03-04 14:00:00,0.0,1009.9301189946385
2021-03-04 15:00:00,0.0,1009.9301189946385
2021-03-04 16:00:00,1.0151919155763824,1009.9131991293789
2021-03-04 17:00:00,0.0,1009.9131991293789
2021-03-04 18:00:00,0.0,1009.9576050298863
2021-03-04 19:00:00,3.778821167887938,1009.8946246770881
2021-03-04 20:00:00,0.0,1009.8946246770881
2021-03-04 21:00:00,2.192178752959898,1009.8580883645388
2021-03-04 22:00:00,0.0,1009.8580883645388
2021-03-04 23:00:00,0.0,1009.8580883645388
2021-03-05 00:00:00,2.768388187908344,1009.811948561407
2021-03-05 01:00:00,0.0,1009.8374236662611
2021-03-05 02:00:00,0.0,1009.8374236662611
2021-03-05 03:00:00,0.0,1009.8374236662611
2021-03-05 04:00:00,0.0,1009.8543435315207
2021-03-05 05:00:00,0.0,1009.8543435315207
2021-03-05 06:00:00,0.0,1009.8543435315207
2021-03-05 07:00:00,0.0,1009.9173238843189
2021-03-05 08:00:00,0.0,1009.9173238843189
2021-03-05 09:00:00,0.0,1009.9538601968682
2021-03-05 10:00:00,1.380210039129135,1009.9308566962161
2021-03-05 11:00:00,0.0,1009.9308566962161
2021-03-05 12:00:00,0.0,1009.9769964993478
2021-03-05 13:00:00,1.2513142505886026,1009.9561412618381
2021-03-05 14:00:00,0.0,1009.9561412618381
2021-03-05 15:00:00,0.0,1009.9561412618381
2021-03-05 16:00:00,0.0,1009.9561412618381
2021-03-05 17:00:00,0.0,1009.9561412618381
2021-03-05 18:00:00,0.0,1009.9561412618381
2021-03-05 19:00:00,0.0,1009.9561412618381
2021-03-05 20:00:00,0.0,1009.9561412618381
2021-03-05 21:00:00,0.0,1009.9561412618381
2021-03-05 22:00:00,0.0,1009.9791447624901
2021-03-05 23:00:00,0.0,1009.9791447624901
2021-03-06 00:00:00,0.0,1009.9791447624901
2021-03-06 01:00:00,0.0,1010.0
2021-03-06 02:00:00,0.0,1010.0
2021-03-06 03:00:00,0.0,1010.0
2021-03-06 04:00:00,0.0,1010.0
2021-03-06 05:00:00,0.0,1010.0
2021-03-06 06:00:00,0.0,1010.0
2021-03-06 07:00:00,0.0,1010.0
2021-03-06 08:00:00,0.0,1010.0
2021-03-06 09:00:00,0.0,1010.0
2021-03-06 10:00:00,0.0,1010.0
2021-03-06 11:00:00,0.0,1010.0
2021-03-06 12:00:00,1.582553922653147,1009.9736241012891
2021-03-06 13:00:00,0.0,1009.9736241012891
2021-03-06 14:00:00,0.0,1009.9736241012891
2021-03-06 15:00:00,0.0,1009.9736241012891
2021-03-06 16:00:00,0.0,1009.9736241012891
2021-03-06 17:00:00,1.359271559285769,1009.950969575301
2021-03-06 18:00:00,0.0,1009.950969575301
2021-03-06 19:00:00,0.0,1009.950969575301
2021-03-06 20:00:00,0.0,1009.950969575301
2021-03-06 21:00:00,0.0,1009.950969575301
2021-03-06 22:00:00,0.0,1009.950969575301
2021-03-06 23:00:00,0.0,1009.950969575301
2021-03-07 00:00:00,0.0,1009.9773454740119
2021-03-07 01:00:00,0.0,1009.9773454740119
2021-03-07 02:00:00,0.0,1009.9773454740119
2021-03-07 03:00:00,0.0,1009.9773454740119
2021-03-07 04:00:00,0.0,1009.9773454740119
2021-03-07 05:00:00,2.402104089337744,1009.9599649318444
2021-03-07 06:00:00,0.0,1009.9599649318444
2021-03-07 07:00:00,0.0,1009.9599649318444
2021-03-07 08:00:00,0.0,1009.9599649318444
2021-03-07 09:00:00,1.073427574265441,1009.9420744722732
2021-03-07 10:00:00,0.0,1009.9420744722732
2021-03-07 11:00:00,0.0,1009.9420744722732
2021-03-07 12:00:00,1.949187093370008,1009.9095880207171
2021-03-07 13:00:00,0.0,1009.9095880207171
2021-03-07 14:00:00,0.0,1009.9095880207171
2021-03-07 15:00:00,0.0,1009.9095880207171
2021-03-07 16:00:00,0.0,1009.9095880207171
2021-03-07 17:00:00,0.0,1009.9496230888727
2021-03-07 18:00:00,0.0,1009.9496230888727
2021-03-07 19:00:00,0.0,1009.9496230888727
2021-03-07 20:00:00,2.1788045542032233,1009.913309679636
2021-03-07 21:00:00,0.0,1009.9312001392071
2021-03-07 22:00:00,0.0,1009.9312001392071
2021-03-07 23:00:00,0.0,1009.9312001392071
2021-03-08 00:00:00,0.0,1009.9636865907632
2021-03-08 01:00:00,0.0,1009.9636865907632
2021-03-08 02:00:00,0.0,1009.9636865907632
2021-03-08 03:00:00,0.0,1009.9636865907632
2021-03-08 04:00:00,1.3000126211720828,1009.9420197137438
2021-03-08 05:00:00,0.0,1009.9420197137438
2021-03-08 06:00:00,1.5660345554509165,1009.9159191378195
2021-03-08 07:00:00,0.0,1009.9159191378195
2021-03-08 08:00:00,0.0,1009.9522325470563
2021-03-08 09:00:00,0.0,1009.9522325470563
2021-03-08 10:00:00,0.0,1009.9522325470563
2021-03-08 11:00:00,0.0,1009.9522325470563
2021-03-08 12:00:00,4.806957282000239,1009.8721165923563
2021-03-08 13:00:00,0.0,1009.8721165923563
2021-03-08 14:00:00,0.0,1009.8721165923563
2021-03-08 15:00:00,0.0,1009.8721165923563
2021-03-08 16:00:00,0.0,1009.8937834693758
2021-03-08 17:00:00,0.0,1009.8937834693758
2021-03-08 18:00:00,0.0,1009.9198840453
2021-03-08 19:00:00,0.0,1009.9198840453
2021-03-08 20:00:00,1.1427750441497966,1009.9008377945642
2021-03-08 21:00:00,0.0,1009.9008377945642
2021-03-08 22:00:00,0.0,1009.9008377945642
2021-03-08 23:00:00,1.2067511646485287,1009.8807252751534
2021-03-09 00:00:00,0.0,1009.9608412298534
2021-03-09 01:00:00,0.0,1009.9608412298534
2021-03-09 02:00:00,0.0,1009.9608412298534
2021-03-09 03:00:00,0.0,1009.9608412298534
2021-03-09 04:00:00,0.0,1009.9608412298534
2021-03-09 05:00:00,0.0,1009.9608412298534
2021-03-09 06:00:00,0.0,1009.9608412298534
2021-03-09 07:00:00,0.0,1009.9608412298534
2021-03-09 08:00:00,0.0,1009.9798874805892
2021-03-09 09:00:00,0.0,1009.9798874805892
2021-03-09 10:00:00,0.0,1009.9798874805892
2021-03-09 11:00:00,0.0,1010.0
2021-03-09 12:00:00,0.0,1010.0
2021-03-09 13:00:00,0.0,1010.0
2021-03-09 14:00:00,1.8016331036795616,1009.9699727816053
2021-03-09 15:00:00,0.0,1009.9699727816053
2021-03-09 16:00:00,1.3897093195030363,1009.9468109596136
2021-03-09 17:00:00,1.470949874962538,1009.9222951283642
2021-03-09 18:00:00,0.0,1009.9222951283642
2021-03-09 19:00:00,0.0,1009.9222951283642
2021-03-09 20:00:00,0.0,1009.9222951283642
2021-03-09 21:00:00,1.2228080084468815,1009.9019149948901
2021-03-09 22:00:00,0.0,1009.9019149948901
2021-03-09 23:00:00,0.0,1009.9019149948901
2021-03-10 00:00:00,1.3803076330353825,1009.8789098676729
2021-03-10 01:00:00,0.0,1009.8789098676729
2021-03-10 02:00:00,1.9141483394483854,1009.8770346137434
2021-03-10 03:00:00,0.0,1009.8770346137434
2021-03-10 04:00:00,0.0,1009.9001964357351
2021-03-10 05:00:00,1.4701804385704627,1009.900209259675
2021-03-10 06:00:00,0.0,1009.900209259675
2021-03-10 07:00:00,0.0,1009.900209259675
2021-03-10 08:00:00,0.0,1009.900209259675
2021-03-10 09:00:00,1.2309803185521027,1009.9000730545066
2021-03-10 10:00:00,0.0,1009.9000730545066
2021-03-10 11:00:00,0.0,1009.9000730545066
2021-03-10 12:00:00,0.0,1009.9230781817238
2021-03-10 13:00:00,0.0,1009.9230781817238
2021-03-10 14:00:00,0.0,1009.954980654048
2021-03-10 15:00:00,0.0,1009.954980654048
2021-03-10 16:00:00,0.0,1009.954980654048
2021-03-10 17:00:00,0.0,1009.9794836613574
2021-03-10 18:00:00,0.0,1009.9794836613574
2021-03-10 19:00:00,0.0,1009.9794836613574
2021-03-10 20:00:00,0.0,1009.9794836613574
2021-03-10 21:00:00,0.0,1010.0
2021-03-10 22:00:00,0.0,1010.0
2021-03-10 23:00:00,0.0,1010.0
2021-03-11 00:00:00,0.0,1010.0
2021-03-11 01:00:00,0.0,1010.0
2021-03-11 02:00:00,0.0,1010.0
2021-03-11 03:00:00,0.0,1010.0
2021-03-11 04:00:00,0.0,1010.0
2021-03-11 05:00:00,0.0,1010.0
2021-03-11 06:00:00,0.0,1010.0
2021-03-11 07:00:00,1.121521577721973,1009.9813079737046
2021-03-11 08:00:00,0.0,1009.9813079737046
2021-03-11 09:00:00,0.0,1009.9813079737046
2021-03-11 10:00:00,0.0,1009.9813079737046
2021-03-11 11:00:00,0.0,1009.9813079737046
2021-03-11 12:00:00,0.0,1009.9813079737046
2021-03-11 13:00:00,1.0820287333225371,1009.9632741614826
2021-03-11 14:00:00,2.836186947120261,1009.9160043790306
2021-03-11 15:00:00,0.0,1009.9160043790306
2021-03-11 16:00:00,0.0,1009.9160043790306
2021-03-11 17:00:00,3.1198526555371746,1009.8640068347717
2021-03-11 18:00:00,0.0,1009.8640068347717
2021-03-11 19:00:00,0.0,1009.882698861067
2021-03-11 20:00:00,0.0,1009.882698861067
2021-03-11 21:00:00,0.0,1009.882698861067
2021-03-11 22:00:00,0.0,1009.882698861067
2021-03-11 23:00:00,0.0,1009.882698861067
2021-03-12 00:00:00,0.0,1009.882698861067
2021-03-12 01:00:00,1.0715919798460583,1009.8828728069583
2021-03-12 02:00:00,1.6480152446901544,1009.9026756686654
2021-03-12 03:00:00,0.0,1009.9026756686654
2021-03-12 04:00:00,0.0,1009.9026756686654
2021-03-12 05:00:00,0.0,1009.9546732129244
2021-03-12 06:00:00,0.0,1009.9546732129244
2021-03-12 07:00:00,0.0,1009.9546732129244
2021-03-12 08:00:00,0.0,1009.9546732129244
2021-03-12 09:00:00,0.0,1009.9546732129244
2021-03-12 10:00:00,0.0,1009.9546732129244
2021-03-12 11:00:00,0.0,1009.9546732129244
2021-03-12 12:00:00,0.0,1009.9546732129244
2021-03-12 13:00:00,0.0,1009.9725330792552
2021-03-12 14:00:00,0.0,1010.0
2021-03-12 15:00:00,0.0,1010.0
2021-03-12 16:00:00,3.3016204113752767,1009.9449729931438
2021-03-12 17:00:00,0.0,1009.9449729931438
2021-03-12 18:00:00,0.0,1009.9449729931438
2021-03-12 19:00:00,0.0,1009.9449729931438
2021-03-12 20:00:00,0.0,1009.9449729931438
2021-03-12 21:00:00,0.0,1009.9449729931438
2021-03-12 22:00:00,0.0,1009.9449729931438
2021-03-12 23:00:00,1.6684011616718188,1009.9171663071158
2021-03-13 00:00:00,1.338568273173859,1009.8948568358963
2021-03-13 01:00:00,0.0,1009.8948568358963
2021-03-13 02:00:00,0.0,1009.8948568358963
2021-03-13 03:00:00,0.0,1009.8948568358963
2021-03-13 04:00:00,0.0,1009.9498838427526
2021-03-13 05:00:00,0.0,1009.9498838427526
2021-03-13 06:00:00,0.0,1009.9498838427526
2021-03-13 07:00:00,0.0,1009.9498838427526
2021-03-13 08:00:00,0.0,1009.9498838427526
2021-03-13 09:00:00,1.0940895580218872,1009.9316490167855
2021-03-13 10:00:00,0.0,1009.9316490167855
2021-03-13 11:00:00,1.478480886198049,1009.93481435471
2021-03-13 12:00:00,2.878707058425638,1009.9091453749559
2021-03-13 13:00:00,0.0,1009.9091453749559
2021-03-13 14:00:00,0.0,1009.9091453749559
2021-03-13 15:00:00,1.8141039429501733,1009.87891030924
2021-03-13 16:00:00,0.0,1009.87891030924
2021-03-13 17:00:00,0.0,1009.87891030924
2021-03-13 18:00:00,0.0,1009.87891030924
2021-03-13 19:00:00,0.0,1009.87891030924
2021-03-13 20:00:00,0.0,1009.87891030924
2021-03-13 21:00:00,0.0,1009.8971451352071
2021-03-13 22:00:00,0.0,1009.8971451352071
2021-03-13 23:00:00,0.0,1009.9217864833104
2021-03-14 00:00:00,0.0,1009.9697649342842
2021-03-14 01:00:00,0.0,1009.9697649342842
2021-03-14 02:00:00,0.0,1009.9697649342842
2021-03-14 03:00:00,0.0,1010.0
2021-03-14 04:00:00,0.0,1010.0
2021-03-14 05:00:00,0.0,1010.0
2021-03-14 06:00:00,1.7120825763000984,1009.971465290395
2021-03-14 07:00:00,0.0,1009.971465290395
2021-03-14 08:00:00,0.0,1009.971465290395
2021-03-14 09:00:00,0.0,1009.971465290395
2021-03-14 10:00:00,1.1972244354713837,1009.9515115498039
2021-03-14 11:00:00,0.0,1009.9515115498039
2021-03-14 12:00:00,0.0,1009.9515115498039
2021-03-14 13:00:00,0.0,1009.9515115498039
2021-03-14 14:00:00,0.0,1009.9515115498039
2021-03-14 15:00:00,0.0,1009.9515115498039
2021-03-14 16:00:00,0.0,1009.9515115498039
2021-03-14 17:00:00,0.0,1009.9515115498039
2021-03-14 18:00:00,1.2452643183401229,1009.9592918541032
2021-03-14 19:00:00,0.0,1009.9592918541032
2021-03-14 20:00:00,0.0,1009.9592918541032
2021-03-14 21:00:00,1.0665685954477286,1009.9415157108457
2021-03-14 22:00:00,0.0,1009.9614694514369
2021-03-14 23:00:00,0.0,1009.9614694514369
2021-03-15 00:00:00,1.0151084726173027,1009.9445509768932
2021-03-15 01:00:00,0.0,1009.9445509768932
2021-03-15 02:00:00,0.0,1009.9445509768932
2021-03-15 03:00:00,1.3283557144111442,1009.9224117149864
2021-03-15 04:00:00,0.0,1009.9224117149864
2021-03-15 05:00:00,0.0,1009.9224117149864
2021-03-15 06:00:00,0.0,1009.9431661202921
2021-03-15 07:00:00,0.0,1009.9431661202921
2021-03-15 08:00:00,0.0,1009.9431661202921
2021-03-15 09:00:00,0.0,1009.9609422635496
2021-03-15 10:00:00,0.0,1009.9609422635496
2021-03-15 11:00:00,0.0,1009.9609422635496
2021-03-15 12:00:00,0.0,1009.9778607380931
2021-03-15 13:00:00,0.0,1009.9778607380931
2021-03-15 14:00:00,0.0,1009.9778607380931
2021-03-15 15:00:00,0.0,1010.0
2021-03-15 16:00:00,0.0,1010.0
2021-03-15 17:00:00,0.0,1010.0
2021-03-15 18:00:00,0.0,1010.0
2021-03-15 19:00:00,0.0,1010.0
2021-03-15 20:00:00,0.0,1010.0
2021-03-15 21:00:00,0.0,1010.0
2021-03-15 22:00:00,0.0,1010.0
2021-03-15 23:00:00,0.0,1010.0
2021-03-16 00:00:00,0.0,1010.0
2021-03-16 01:00:00,1.2807096028791687,1009.978654839952
2021-03-16 02:00:00,1.3788259146731492,1009.9556744080407
2021-03-16 03:00:00,0.0,1009.9556744080407
2021-03-16 04:00:00,0.0,1009.9556744080407
2021-03-16 05:00:00,0.0,1009.9556744080407
2021-03-16 06:00:00,0.0,1009.9556744080407
2021-03-16 07:00:00,1.0372859945430153,1009.9383863081317
2021-03-16 08:00:00,0.0,1009.9383863081317
2021-03-16 09:00:00,0.0,1009.9383863081317
2021-03-16 10:00:00,0.0,1009.9383863081317
2021-03-16 11:00:00,0.0,1009.9383863081317
2021-03-16 12:00:00,0.0,1009.9383863081317
2021-03-16 13:00:00,0.0,1009.9597314681797
2021-03-16 14:00:00,1.1968717557747923,1009.9627640374947
2021-03-16 15:00:00,0.0,1009.9627640374947
2021-03-16 16:00:00,0.0,1009.9627640374947
2021-03-16 17:00:00,1.2290227900183774,1009.9422803243277
2021-03-16 18:00:00,1.5025637137329615,1009.9172375957655
2021-03-16 19:00:00,0.0,1009.9345256956746
2021-03-16 20:00:00,0.0,1009.9345256956746
2021-03-16 21:00:00,0.0,1009.9345256956746
2021-03-16 22:00:00,0.0,1009.9345256956746
2021-03-16 23:00:00,0.0,1009.9345256956746
2021-03-17 00:00:00,0.0,1009.9345256956746
2021-03-17 01:00:00,0.0,1009.9345256956746
2021-03-17 02:00:00,0.0,1009.9544735582708
2021-03-17 03:00:00,1.5467918168670014,1009.9286936946563
2021-03-17 04:00:00,0.0,1009.9286936946563
2021-03-17 05:00:00,0.0,1009.9491774078233
2021-03-17 06:00:00,0.0,1009.9742201363855
2021-03-17 07:00:00,0.0,1009.9742201363855
2021-03-17 08:00:00,0.0,1009.9742201363855
2021-03-17 09:00:00,0.0,1009.9742201363855
2021-03-17 10:00:00,0.0,1009.9742201363855
2021-03-17 11:00:00,0.0,1009.9742201363855
2021-03-17 12:00:00,1.2267015010382467,1009.9537751113683
2021-03-17 13:00:00,0.0,1009.9537751113683
2021-03-17 14:00:00,2.06730641819062,1009.9193200043984
2021-03-17 15:00:00,0.0,1009.9450998680129
2021-03-17 16:00:00,0.0,1009.9450998680129
2021-03-17 17:00:00,0.0,1009.9450998680129
2021-03-17 18:00:00,1.8346454114500665,1009.9145224444887
2021-03-17 19:00:00,0.0,1009.9145224444887
2021-03-17 20:00:00,0.0,1009.9145224444887
2021-03-17 21:00:00,0.0,1009.9145224444887
2021-03-17 22:00:00,1.175710382815351,1009.8949272714418
2021-03-17 23:00:00,0.0,1009.8949272714418
2021-03-18 00:00:00,0.0,1009.915372296459
2021-03-18 01:00:00,0.0,1009.915372296459
2021-03-18 02:00:00,0.0,1009.9498274034289
2021-03-18 03:00:00,0.0,1009.9498274034289
2021-03-18 04:00:00,0.0,1009.9498274034289
2021-03-18 05:00:00,0.0,1009.9498274034289
2021-03-18 06:00:00,0.0,1009.9804048269531
2021-03-18 07:00:00,0.0,1009.9804048269531
2021-03-18 08:00:00,1.651770786673262,1009.9528753138419
2021-03-18 09:00:00,0.0,1009.9528753138419
2021-03-18 10:00:00,0.0,1009.9724704868888
2021-03-18 11:00:00,0.0,1009.9724704868888
2021-03-18 12:00:00,0.0,1009.9724704868888
2021-03-18 13:00:00,0.0,1009.9724704868888
2021-03-18 14:00:00,0.0,1009.9724704868888
2021-03-18 15:00:00,0.0,1009.9724704868888
2021-03-18 16:00:00,1.358870970069507,1009.9498226373876
2021-03-18 17:00:00,0.0,1009.9498226373876
2021-03-18 18:00:00,0.0,1009.9498226373876
2021-03-18 19:00:00,0.0,1009.9498226373876
2021-03-18 20:00:00,0.0,1009.9773521504989
2021-03-18 21:00:00,0.0,1009.9773521504989
2021-03-18 22:00:00,0.0,1009.9773521504989
2021-03-18 23:00:00,0.0,1009.9773521504989
2021-03-19 00:00:00,0.0,1009.9773521504989
2021-03-19 01:00:00,0.0,1009.9773521504989
2021-03-19 02:00:00,0.0,1009.9773521504989
2021-03-19 03:00:00,1.1050204796522043,1009.9589351425046
2021-03-19 04:00:00,1.1112058414284234,1009.9630628946486
2021-03-19 05:00:00,0.0,1009.9630628946486
2021-03-19 06:00:00,0.0,1009.9630628946486
2021-03-19 07:00:00,0.0,1009.9630628946486
2021-03-19 08:00:00,1.8457139547339256,1009.9323009954031
2021-03-19 09:00:00,1.8860974766531657,1009.9008660374589
2021-03-19 10:00:00,0.0,1009.9008660374589
2021-03-19 11:00:00,0.0,1009.9008660374589
2021-03-19 12:00:00,0.0,1009.9008660374589
2021-03-19 13:00:00,0.0,1009.9008660374589
2021-03-19 14:00:00,0.0,1009.9008660374589
2021-03-19 15:00:00,0.0,1009.9192830454531
2021-03-19 16:00:00,0.0,1009.9378031428103
2021-03-19 17:00:00,0.0,1009.9378031428103
2021-03-19 18:00:00,0.0,1009.9378031428103
2021-03-19 19:00:00,0.0,1009.9378031428103
2021-03-19 20:00:00,1.7288311069007989,1009.9397511902741
2021-03-19 21:00:00,0.0,1009.9711861482183
2021-03-19 22:00:00,1.2710044473722713,1009.9500027407621
2021-03-19 23:00:00,0.0,1009.9500027407621
2021-03-20 00:00:00,0.0,1009.9500027407621
2021-03-20 01:00:00,0.0,1009.9500027407621
2021-03-20 02:00:00,0.0,1009.9500027407621
2021-03-20 03:00:00,0.0,1009.9500027407621
2021-03-20 04:00:00,0.0,1009.9500027407621
2021-03-20 05:00:00,0.0,1009.9500027407621
2021-03-20 06:00:00,0.0,1009.9500027407621
2021-03-20 07:00:00,0.0,1009.9500027407621
2021-03-20 08:00:00,0.0,1009.9788165925438
2021-03-20 09:00:00,0.0,1009.9788165925438
2021-03-20 10:00:00,0.0,1010.0
2021-03-20 11:00:00,0.0,1010.0
2021-03-20 12:00:00,0.0,1010.0
2021-03-20 13:00:00,0.0,1010.0
2021-03-20 14:00:00,0.0,1010.0
2021-03-20 15:00:00,0.0,1010.0
2021-03-20 16:00:00,0.0,1010.0
2021-03-20 17:00:00,0.0,1010.0
2021-03-20 18:00:00,0.0,1010.0
2021-03-20 19:00:00,0.0,1010.0
2021-03-20 20:00:00,0.0,1010.0
2021-03-20 21:00:00,0.0,1010.0
2021-03-20 22:00:00,0.0,1010.0
2021-03-20 23:00:00,0.0,1010.0
2021-03-21 00:00:00,0.0,1010.0
2021-03-21 01:00:00,1.380805130440462,1009.9769865811593
2021-03-21 02:00:00,0.0,1009.9769865811593
2021-03-21 03:00:00,1.3028587558825886,1009.9552722685613
2021-03-21 04:00:00,1.0155132853495612,1009.9383470471388
2021-03-21 05:00:00,0.0,1009.9383470471388
2021-03-21 06:00:00,0.0,1009.9383470471388
2021-03-21 07:00:00,0.0,1009.9383470471388
2021-03-21 08:00:00,0.0,1009.9383470471388
2021-03-21 09:00:00,0.0,1009.9383470471388
2021-03-21 10:00:00,0.0,1009.9383470471388
2021-03-21 11:00:00,0.0,1009.9383470471388
2021-03-21 12:00:00,0.0,1009.9383470471388
2021-03-21 13:00:00,0.0,1009.9613604659795
2021-03-21 14:00:00,0.0,1009.9613604659795
2021-03-21 15:00:00,1.7769900541703647,1009.9534582776747
2021-03-21 16:00:00,0.0,1009.9703834990971
2021-03-21 17:00:00,3.0214447402262765,1009.92002608676
2021-03-21 18:00:00,0.0,1009.92002608676
2021-03-21 19:00:00,0.0,1009.92002608676
2021-03-21 20:00:00,0.0,1009.92002608676
2021-03-21 21:00:00,0.0,1009.92002608676
2021-03-21 22:00:00,0.0,1009.92002608676
2021-03-21 23:00:00,0.0,1009.92002608676
2021-03-22 00:00:00,0.0,1009.92002608676
2021-03-22 01:00:00,0.0,1009.92002608676
2021-03-22 02:00:00,0.0,1009.92002608676
2021-03-22 03:00:00,1.116183480330832,1009.9310395296574
2021-03-22 04:00:00,1.399417158967347,1009.9077159103413
2021-03-22 05:00:00,0.0,1009.9580733226784
2021-03-22 06:00:00,0.0,1009.9580733226784
2021-03-22 07:00:00,0.0,1009.9580733226784
2021-03-22 08:00:00,0.0,1009.9580733226784
2021-03-22 09:00:00,0.0,1009.9580733226784
2021-03-22 10:00:00,1.3596598049608448,1009.9354123259291
2021-03-22 11:00:00,1.42305130046782,1009.9116948042546
2021-03-22 12:00:00,0.0,1009.9116948042546
2021-03-22 13:00:00,0.0,1009.9116948042546
2021-03-22 14:00:00,0.0,1009.9116948042546
2021-03-22 15:00:00,0.0,1009.9302978622601
2021-03-22 16:00:00,0.0,1009.9536214815762
2021-03-22 17:00:00,0.0,1009.9536214815762
2021-03-22 18:00:00,0.0,1009.9536214815762
2021-03-22 19:00:00,0.0,1009.9536214815762
2021-03-22 20:00:00,1.4058212669462327,1009.930191127127
2021-03-22 21:00:00,0.0,1009.930191127127
2021-03-22 22:00:00,0.0,1009.9528521238765
2021-03-22 23:00:00,0.0,1009.9765696455509
2021-03-23 00:00:00,0.0,1009.9765696455509
2021-03-23 01:00:00,0.0,1009.9765696455509
2021-03-23 02:00:00,0.0,1009.9765696455509
2021-03-23 03:00:00,0.0,1009.9765696455509
2021-03-23 04:00:00,0.0,1009.9765696455509
2021-03-23 05:00:00,0.0,1009.9765696455509
2021-03-23 06:00:00,0.0,1009.9765696455509
2021-03-23 07:00:00,0.0,1009.9765696455509
2021-03-23 08:00:00,0.0,1010.0
2021-03-23 09:00:00,0.0,1010.0
2021-03-23 10:00:00,1.207855064411743,1009.9798690822598
2021-03-23 11:00:00,0.0,1009.9798690822598
2021-03-23 12:00:00,3.1847628805275123,1009.9267897009177
2021-03-23 13:00:00,0.0,1009.9267897009177
2021-03-23 14:00:00,0.0,1009.9267897009177
2021-03-23 15:00:00,0.0,1009.9267897009177
2021-03-23 16:00:00,1.2641776426811937,1009.9057200735397
2021-03-23 17:00:00,0.0,1009.9057200735397
2021-03-23 18:00:00,0.0,1009.9057200735397
2021-03-23 19:00:00,0.0,1009.9057200735397
2021-03-23 20:00:00,0.0,1009.9057200735397
2021-03-23 21:00:00,0.0,1009.9057200735397
2021-03-23 22:00:00,0.0,1009.9258509912798
2021-03-23 23:00:00,0.0,1009.9258509912798
2021-03-24 00:00:00,0.0,1009.978930372622
2021-03-24 01:00:00,0.0,1009.978930372622
2021-03-24 02:00:00,0.0,1009.978930372622
2021-03-24 03:00:00,0.0,1009.978930372622
2021-03-24 04:00:00,0.0,1010.0
2021-03-24 05:00:00,0.0,1010.0
2021-03-24 06:00:00,0.0,1010.0
2021-03-24 07:00:00,0.0,1010.0
2021-03-24 08:00:00,0.0,1010.0
2021-03-24 09:00:00,0.0,1010.0
2021-03-24 10:00:00,0.0,1010.0
2021-03-24 11:00:00,1.3231975152191637,1009.9779467080797
2021-03-24 12:00:00,0.0,1009.9779467080797
2021-03-24 13:00:00,0.0,1009.9779467080797
2021-03-24 14:00:00,1.531662749460784,1009.9524189955887
2021-03-24 15:00:00,0.0,1009.9524189955887
2021-03-24 16:00:00,0.0,1009.9524189955887
2021-03-24 17:00:00,0.0,1009.9524189955887
2021-03-24 18:00:00,0.0,1009.9524189955887
2021-03-24 19:00:00,0.0,1009.9524189955887
2021-03-24 20:00:00,0.0,1009.9524189955887
2021-03-24 21:00:00,0.0,1009.9524189955887
2021-03-24 22:00:00,0.0,1009.9524189955887
2021-03-24 23:00:00,0.0,1009.974472287509
2021-03-25 00:00:00,0.0,1009.974472287509
2021-03-25 01:00:00,0.0,1009.974472287509
2021-03-25 02:00:00,0.0,1010.0
2021-03-25 03:00:00,0.0,1010.0
2021-03-25 04:00:00,0.0,1010.0
2021-03-25 05:00:00,0.0,1010.0
2021-03-25 06:00:00,1.2374359706995222,1009.979376067155
2021-03-25 07:00:00,0.0,1009.979376067155
2021-03-25 08:00:00,0.0,1009.979376067155
2021-03-25 09:00:00,0.0,1009.979376067155
2021-03-25 10:00:00,0.0,1009.979376067155
2021-03-25 11:00:00,0.0,1009.979376067155
2021-03-25 12:00:00,0.0,1009.979376067155
2021-03-25 13:00:00,0.0,1009.979376067155
2021-03-25 14:00:00,0.0,1009.979376067155
2021-03-25 15:00:00,2.254233275373089,1009.9418055125655
2021-03-25 16:00:00,0.0,1009.9418055125655
2021-03-25 17:00:00,0.0,1009.9418055125655
2021-03-25 18:00:00,0.0,1009.9624294454104
2021-03-25 19:00:00,1.381086635403367,1009.9394113348204
2021-03-25 20:00:00,0.0,1009.9394113348204
2021-03-25 21:00:00,0.0,1009.9394113348204
2021-03-25 22:00:00,0.0,1009.9394113348204
2021-03-25 23:00:00,0.0,1009.9394113348204
2021-03-26 00:00:00,0.0,1009.9394113348204
2021-03-26 01:00:00,0.0,1009.9394113348204
2021-03-26 02:00:00,1.6024317051676014,1009.9127041397343
2021-03-26 03:00:00,1.1089803958964026,1009.9317916877255
2021-03-26 04:00:00,0.0,1009.9317916877255
2021-03-26 05:00:00,0.0,1009.9317916877255
2021-03-26 06:00:00,0.0,1009.9317916877255
2021-03-26 07:00:00,0.0,1009.9548097983156
2021-03-26 08:00:00,0.0,1009.9548097983156
2021-03-26 09:00:00,0.0,1009.9548097983156
2021-03-26 10:00:00,0.0,1009.9548097983156
2021-03-26 11:00:00,0.0,1009.9548097983156
2021-03-26 12:00:00,0.0,1009.9548097983156
2021-03-26 13:00:00,0.0,1009.9548097983156
2021-03-26 14:00:00,0.0,1009.9815169934018
2021-03-26 15:00:00,0.0,1010.0
2021-03-26 16:00:00,0.0,1010.0
2021-03-26 17:00:00,0.0,1010.0
2021-03-26 18:00:00,0.0,1010.0
2021-03-26 19:00:00,0.0,1010.0
2021-03-26 20:00:00,0.0,1010.0
2021-03-26 21:00:00,0.0,1010.0
2021-03-26 22:00:00,0.0,1010.0
2021-03-26 23:00:00,0.0,1010.0
2021-03-27 00:00:00,0.0,1010.0
2021-03-27 01:00:00,0.0,1010.0
2021-03-27 02:00:00,0.0,1010.0
2021-03-27 03:00:00,0.0,1010.0
2021-03-27 04:00:00,1.2935003602765143,1009.978441660662
2021-03-27 05:00:00,0.0,1009.978441660662
2021-03-27 06:00:00,0.0,1009.978441660662
2021-03-27 07:00:00,0.0,1009.978441660662
2021-03-27 08:00:00,1.326981291098523,1009.9563253058104
2021-03-27 09:00:00,0.0,1009.9563253058104
2021-03-27 10:00:00,0.0,1009.9563253058104
2021-03-27 11:00:00,1.2254819618619717,1009.935900606446
2021-03-27 12:00:00,0.0,1009.935900606446
2021-03-27 13:00:00,0.0,1009.935900606446
2021-03-27 14:00:00,0.0,1009.935900606446
2021-03-27 15:00:00,0.0,1009.935900606446
2021-03-27 16:00:00,0.0,1009.957458945784
2021-03-27 17:00:00,0.0,1009.957458945784
2021-03-27 18:00:00,0.0,1009.957458945784
2021-03-27 19:00:00,1.8962632269267257,1009.9258545586686
2021-03-27 20:00:00,0.0,1009.9479709135202
2021-03-27 21:00:00,0.0,1009.9479709135202
2021-03-27 22:00:00,0.0,1009.9479709135202
2021-03-27 23:00:00,0.0,1009.9683956128846
2021-03-28 00:00:00,0.0,1009.9683956128846
2021-03-28 01:00:00,0.0,1009.9683956128846
2021-03-28 02:00:00,0.0,1009.9683956128846
2021-03-28 03:00:00,0.0,1009.9683956128846
2021-03-28 04:00:00,0.0,1009.9683956128846
2021-03-28 05:00:00,1.440212687957788,1009.9443920680852
2021-03-28 06:00:00,0.0,1009.9443920680852
2021-03-28 07:00:00,0.0,1009.9759964552007
2021-03-28 08:00:00,0.0,1009.9759964552007
2021-03-28 09:00:00,0.0,1009.9759964552007
2021-03-28 10:00:00,0.0,1009.9759964552007
2021-03-28 11:00:00,0.0,1009.9759964552007
2021-03-28 12:00:00,0.0,1009.9759964552007
2021-03-28 13:00:00,0.0,1009.9759964552007
2021-03-28 14:00:00,0.0,1009.9759964552007
2021-03-28 15:00:00,0.0,1009.9759964552007
2021-03-28 16:00:00,0.0,1009.9759964552007
2021-03-28 17:00:00,0.0,1010.0
2021-03-28 18:00:00,0.0,1010.0
2021-03-28 19:00:00,0.0,1010.0
2021-03-28 20:00:00,0.0,1010.0
2021-03-28 21:00:00,0.0,1010.0
2021-03-28 22:00:00,0.0,1010.0
2021-03-28 23:00:00,0.0,1010.0
2021-03-29 00:00:00,0.0,1010.0
2021-03-29 01:00:00,0.0,1010.0
2021-03-29 02:00:00,0.0,1010.0
2021-03-29 03:00:00,0.0,1010.0
2021-03-29 04:00:00,1.0587574847263834,1009.9823540419212
2021-03-29 05:00:00,0.0,1009.9823540419212
2021-03-29 06:00:00,0.0,1009.9823540419212
2021-03-29 07:00:00,0.0,1009.9823540419212
2021-03-29 08:00:00,0.0,1009.9823540419212
2021-03-29 09:00:00,0.0,1009.9823540419212
2021-03-29 10:00:00,0.0,1009.9823540419212
2021-03-29 11:00:00,0.0,1009.9823540419212
2021-03-29 12:00:00,0.0,1009.9823540419212
2021-03-29 13:00:00,0.0,1009.9823540419212
2021-03-29 14:00:00,0.0,1009.9823540419212
2021-03-29 15:00:00,0.0,1009.9823540419212
2021-03-29 16:00:00,0.0,1010.0
2021-03-29 17:00:00,1.8522057347598544,1009.9691299044207
2021-03-29 18:00:00,1.3790112993506058,1009.9461463827648
2021-03-29 19:00:00,0.0,1009.9461463827648
2021-03-29 20:00:00,0.0,1009.9461463827648
2021-03-29 21:00:00,1.0846965436531222,1009.9280681070372
2021-03-29 22:00:00,0.0,1009.9280681070372
2021-03-29 23:00:00,0.0,1009.9280681070372
2021-03-30 00:00:00,1.0521797586667287,1009.9105317777262
2021-03-30 01:00:00,0.0,1009.9105317777262
2021-03-30 02:00:00,0.0,1009.9105317777262
2021-03-30 03:00:00,0.0,1009.9105317777262
2021-03-30 04:00:00,0.0,1009.9105317777262
2021-03-30 05:00:00,0.0,1009.9414018733055
2021-03-30 06:00:00,0.0,1009.9643853949614
2021-03-30 07:00:00,0.0,1009.9643853949614
2021-03-30 08:00:00,0.0,1009.9643853949614
2021-03-30 09:00:00,0.0,1009.9824636706888
2021-03-30 10:00:00,1.2837541414421634,1009.9610677683315
2021-03-30 11:00:00,3.4181154376680905,1009.9040991777038
2021-03-30 12:00:00,0.0,1009.9216355070148
2021-03-30 13:00:00,0.0,1009.9216355070148
2021-03-30 14:00:00,0.0,1009.9216355070148
2021-03-30 15:00:00,0.0,1009.9216355070148
2021-03-30 16:00:00,2.030296196777898,1009.8877972370685
2021-03-30 17:00:00,0.0,1009.8877972370685
2021-03-30 18:00:00,0.0,1009.8877972370685
2021-03-30 19:00:00,0.0,1009.8877972370685
2021-03-30 20:00:00,0.0,1009.8877972370685
2021-03-30 21:00:00,0.0,1009.8877972370685
2021-03-30 22:00:00,0.0,1009.909193139426
2021-03-30 23:00:00,0.0,1009.9661617300537
2021-03-31 00:00:00,2.3339606867050717,1009.9272623852753
2021-03-31 01:00:00,1.0187667973571402,1009.9102829386527
2021-03-31 02:00:00,0.0,1009.9102829386527
2021-03-31 03:00:00,1.609638905407159,1009.8834556235626
2021-03-31 04:00:00,1.104941754626088,1009.8988781975984
2021-03-31 05:00:00,0.0,1009.8988781975984
2021-03-31 06:00:00,0.0,1009.8988781975984
2021-03-31 07:00:00,0.0,1009.8988781975984
2021-03-31 08:00:00,0.0,1009.8988781975984
2021-03-31 09:00:00,0.0,1009.8988781975984
2021-03-31 10:00:00,0.0,1009.8988781975984
2021-03-31 11:00:00,0.0,1009.8988781975984
2021-03-31 12:00:00,0.0,1009.9377775423768
2021-03-31 13:00:00,0.0,1009.9547569889994
2021-03-31 14:00:00,0.0,1009.9547569889994
2021-03-31 15:00:00,0.0,1009.9815843040896
2021-03-31 16:00:00,1.1859912857661223,1009.9802334785705
2021-03-31 17:00:00,0.0,1009.9802334785705
2021-03-31 18:00:00,0.0,1009.9802334785705
2021-03-31 19:00:00,0.0,1009.9802334785705
2021-03-31 20:00:00,0.0,1009.9802334785705
2021-03-31 21:00:00,0.0,1009.9802334785705
2021-03-31 22:00:00,0.0,1009.9802334785705
2021-03-31 23:00:00,0.0,1009.9802334785705
2021-04-01 00:00:00,0.0,1009.9802334785705
2021-04-01 01:00:00,0.0,1009.9802334785705
2021-04-01 02:00:00,0.0,1009.9802334785705
2021-04-01 03:00:00,0.0,1009.9802334785705
2021-04-01 04:00:00,0.0,1010.0
2021-04-01 05:00:00,1.8477613828076325,1009.9692039769532
2021-04-01 06:00:00,0.0,1009.9692039769532
2021-04-01 07:00:00,0.0,1009.9692039769532
2021-04-01 08:00:00,0.0,1009.9692039769532
2021-04-01 09:00:00,0.0,1009.9692039769532
2021-04-01 10:00:00,0.0,1009.9692039769532
2021-04-01 11:00:00,0.0,1009.9692039769532
2021-04-01 12:00:00,0.0,1009.9692039769532
2021-04-01 13:00:00,0.0,1009.9692039769532
2021-04-01 14:00:00,0.0,1009.9692039769532
2021-04-01 15:00:00,0.0,1009.9692039769532
2021-04-01 16:00:00,0.0,1009.9692039769532
2021-04-01 17:00:00,0.0,1010.0
2021-04-01 18:00:00,0.0,1010.0
2021-04-01 19:00:00,0.0,1010.0
2021-04-01 20:00:00,0.0,1010.0
2021-04-01 21:00:00,0.0,1010.0
2021-04-01 22:00:00,0.0,1010.0
2021-04-01 23:00:00,0.0,1010.0
2021-04-02 00:00:00,0.0,1010.0
2021-04-02 01:00:00,0.0,1010.0
2021-04-02 02:00:00,0.0,1010.0
2021-04-02 03:00:00,0.0,1010.0
2021-04-02 04:00:00,0.0,1010.0
2021-04-02 05:00:00,1.9308062404224429,1009.967819895993
2021-04-02 06:00:00,0.0,1009.967819895993
2021-04-02 07:00:00,0.0,1009.967819895993
2021-04-02 08:00:00,0.0,1009.967819895993
2021-04-02 09:00:00,0.0,1009.967819895993
2021-04-02 10:00:00,0.0,1009.967819895993
2021-04-02 11:00:00,0.0,1009.967819895993
2021-04-02 12:00:00,0.0,1009.967819895993
2021-04-02 13:00:00,0.0,1009.967819895993
2021-04-02 14:00:00,0.0,1009.967819895993
2021-04-02 15:00:00,1.6503769035474973,1009.9403136142672
2021-04-02 16:00:00,0.0,1009.9403136142672
2021-04-02 17:00:00,0.0,1009.9724937182742
2021-04-02 18:00:00,1.561826624979708,1009.9464632745245
2021-04-02 19:00:00,0.0,1009.9464632745245
2021-04-02 20:00:00,0.0,1009.9464632745245
2021-04-02 21:00:00,2.5611487438263385,1009.9037774621274
2021-04-02 22:00:00,0.0,1009.9037774621274
2021-04-02 23:00:00,0.0,1009.9037774621274
2021-04-03 00:00:00,0.0,1009.9037774621274
2021-04-03 01:00:00,0.0,1009.9037774621274
2021-04-03 02:00:00,0.0,1009.9037774621274
2021-04-03 03:00:00,0.0,1009.9312837438532
2021-04-03 04:00:00,1.131687209103036,1009.9124222903682
2021-04-03 05:00:00,0.0,1009.9124222903682
2021-04-03 06:00:00,1.1641740583241882,1009.9190498331458
2021-04-03 07:00:00,0.0,1009.9190498331458
2021-04-03 08:00:00,0.0,1009.9190498331458
2021-04-03 09:00:00,0.0,1009.9617356455428
2021-04-03 10:00:00,1.3808652887444839,1009.9387212240638
2021-04-03 11:00:00,0.0,1009.9387212240638
2021-04-03 12:00:00,0.0,1009.9387212240638
2021-04-03 13:00:00,0.0,1009.9387212240638
2021-04-03 14:00:00,0.0,1009.9387212240638
2021-04-03 15:00:00,0.0,1009.9387212240638
2021-04-03 16:00:00,0.0,1009.9575826775489
2021-04-03 17:00:00,0.0,1009.9575826775489
2021-04-03 18:00:00,0.0,1009.976985578521
2021-04-03 19:00:00,0.0,1009.976985578521
2021-04-03 20:00:00,0.0,1009.976985578521
2021-04-03 21:00:00,0.0,1009.976985578521
2021-04-03 22:00:00,0.0,1010.0
2021-04-03 23:00:00,0.0,1010.0
2021-04-04 00:00:00,0.0,1010.0
2021-04-04 01:00:00,0.0,1010.0
2021-04-04 02:00:00,0.0,1010.0
2021-04-04 03:00:00,0.0,1010.0
2021-04-04 04:00:00,0.0,1010.0
2021-04-04 05:00:00,0.0,1010.0
2021-04-04 06:00:00,0.0,1010.0
2021-04-04 07:00:00,0.0,1010.0
2021-04-04 08:00:00,0.0,1010.0
2021-04-04 09:00:00,0.0,1010.0
2021-04-04 10:00:00,0.0,1010.0
2021-04-04 11:00:00,0.0,1010.0
2021-04-04 12:00:00,0.0,1010.0
2021-04-04 13:00:00,0.0,1010.0
2021-04-04 14:00:00,1.2302299806423367,1009.9794961669893
2021-04-04 15:00:00,0.0,1009.9794961669893
2021-04-04 16:00:00,0.0,1009.9794961669893
2021-04-04 17:00:00,0.0,1009.9794961669893
2021-04-04 18:00:00,1.1483336214848663,1009.9603572732979
2021-04-04 19:00:00,0.0,1009.9603572732979
2021-04-04 20:00:00,0.0,1009.9603572732979
2021-04-04 21:00:00,0.0,1009.9603572732979
2021-04-04 22:00:00,0.0,1009.9603572732979
2021-04-04 23:00:00,0.0,1009.9603572732979
2021-04-05 00:00:00,0.0,1009.9603572732979
2021-04-05 01:00:00,0.0,1009.9603572732979
2021-04-05 02:00:00,0.0,1009.9808611063086
2021-04-05 03:00:00,0.0,1009.9808611063086
2021-04-05 04:00:00,0.0,1009.9808611063086
2021-04-05 05:00:00,0.0,1009.9808611063086
2021-04-05 06:00:00,0.0,1010.0
2021-04-05 07:00:00,0.0,1010.0
2021-04-05 08:00:00,0.0,1010.0
2021-04-05 09:00:00,0.0,1010.0
2021-04-05 10:00:00,0.0,1010.0
2021-04-05 11:00:00,0.0,1010.0
2021-04-05 12:00:00,2.1353630209650074,1009.9644106163172
2021-04-05 13:00:00,0.0,1009.9644106163172
2021-04-05 14:00:00,0.0,1009.9644106163172
2021-04-05 15:00:00,0.0,1009.9644106163172
2021-04-05 16:00:00,0.0,1009.9644106163172
2021-04-05 17:00:00,0.0,1009.9644106163172
2021-04-05 18:00:00,0.0,1009.9644106163172
2021-04-05 19:00:00,0.0,1009.9644106163172
2021-04-05 20:00:00,0.0,1009.9644106163172
2021-04-05 21:00:00,0.0,1009.9644106163172
2021-04-05 22:00:00,0.0,1009.9644106163172
2021-04-05 23:00:00,1.1551161437796909,1009.9451586805876
2021-04-06 00:00:00,0.0,1009.9807480642703
2021-04-06 01:00:00,0.0,1009.9807480642703
2021-04-06 02:00:00,0.0,1009.9807480642703
2021-04-06 03:00:00,0.0,1009.9807480642703
2021-04-06 04:00:00,0.0,1009.9807480642703
2021-04-06 05:00:00,0.0,1009.9807480642703
2021-04-06 06:00:00,0.0,1009.9807480642703
2021-04-06 07:00:00,0.0,1009.9807480642703
2021-04-06 08:00:00,0.0,1009.9807480642703
2021-04-06 09:00:00,1.28885069355356,1009.9592672193778
2021-04-06 10:00:00,0.0,1009.9592672193778
2021-04-06 11:00:00,0.0,1009.9785191551074
2021-04-06 12:00:00,0.0,1009.9785191551074
2021-04-06 13:00:00,0.0,1009.9785191551074
2021-04-06 14:00:00,0.0,1009.9785191551074
2021-04-06 15:00:00,2.031495159146445,1009.944660902455
2021-04-06 16:00:00,0.0,1009.944660902455
2021-04-06 17:00:00,0.0,1009.944660902455
2021-04-06 18:00:00,0.0,1009.944660902455
2021-04-06 19:00:00,1.6565598885014792,1009.91705157098
2021-04-06 20:00:00,0.0,1009.91705157098
2021-04-06 21:00:00,0.0,1009.9385324158725
2021-04-06 22:00:00,0.0,1009.9385324158725
2021-04-06 23:00:00,1.214803413013731,1009.9182856923223
2021-04-07 00:00:00,1.084722833169237,1009.9002069784361
2021-04-07 01:00:00,0.0,1009.9002069784361
2021-04-07 02:00:00,0.0,1009.9002069784361
2021-04-07 03:00:00,0.0,1009.9340652310885
2021-04-07 04:00:00,0.0,1009.9340652310885
2021-04-07 05:00:00,0.0,1009.9340652310885
2021-04-07 06:00:00,0.0,1009.9340652310885
2021-04-07 07:00:00,0.0,1009.9616745625636
2021-04-07 08:00:00,0.0,1009.9616745625636
2021-04-07 09:00:00,0.0,1009.9616745625636
2021-04-07 10:00:00,0.0,1009.9616745625636
2021-04-07 11:00:00,0.0,1009.9819212861139
2021-04-07 12:00:00,0.0,1010.0
2021-04-07 13:00:00,0.0,1010.0
2021-04-07 14:00:00,0.0,1010.0
2021-04-07 15:00:00,0.0,1010.0
2021-04-07 16:00:00,0.0,1010.0
2021-04-07 17:00:00,0.0,1010.0
2021-04-07 18:00:00,0.0,1010.0
2021-04-07 19:00:00,0.0,1010.0
2021-04-07 20:00:00,0.0,1010.0
2021-04-07 21:00:00,0.0,1010.0
2021-04-07 22:00:00,0.0,1010.0
2021-04-07 23:00:00,0.0,1010.0
2021-04-08 00:00:00,0.0,1010.0
2021-04-08 01:00:00,0.0,1010.0
2021-04-08 02:00:00,0.0,1010.0
2021-04-08 03:00:00,0.0,1010.0
2021-04-08 04:00:00,0.0,1010.0
2021-04-08 05:00:00,0.0,1010.0
2021-04-08 06:00:00,0.0,1010.0
2021-04-08 07:00:00,1.0587263736199226,1009.9823545604397
2021-04-08 08:00:00,0.0,1009.9823545604397
2021-04-08 09:00:00,0.0,1009.9823545604397
2021-04-08 10:00:00,0.0,1009.9823545604397
2021-04-08 11:00:00,0.0,1009.9823545604397
2021-04-08 12:00:00,0.0,1009.9823545604397
2021-04-08 13:00:00,0.0,1009.9823545604397
2021-04-08 14:00:00,0.0,1009.9823545604397
2021-04-08 15:00:00,0.0,1009.9823545604397
2021-04-08 16:00:00,0.0,1009.9823545604397
2021-04-08 17:00:00,0.0,1009.9823545604397
2021-04-08 18:00:00,0.0,1009.9823545604397
2021-04-08 19:00:00,0.0,1010.0
2021-04-08 20:00:00,0.0,1010.0
2021-04-08 21:00:00,0.0,1010.0
2021-04-08 22:00:00,1.3849916319930844,1009.9769168061334
2021-04-08 23:00:00,0.0,1009.9769168061334
2021-04-09 00:00:00,0.0,1009.9769168061334
2021-04-09 01:00:00,0.0,1009.9769168061334
2021-04-09 02:00:00,0.0,1009.9769168061334
2021-04-09 03:00:00,0.0,1009.9769168061334
2021-04-09 04:00:00,0.0,1009.9769168061334
2021-04-09 05:00:00,0.0,1009.9769168061334
2021-04-09 06:00:00,0.0,1009.9769168061334
2021-04-09 07:00:00,0.0,1009.9769168061334
2021-04-09 08:00:00,0.0,1009.9769168061334
2021-04-09 09:00:00,0.0,1009.9769168061334
2021-04-09 10:00:00,0.0,1010.0
2021-04-09 11:00:00,0.0,1010.0
2021-04-09 12:00:00,0.0,1010.0
2021-04-09 13:00:00,0.0,1010.0
2021-04-09 14:00:00,0.0,1010.0
2021-04-09 15:00:00,0.0,1010.0
2021-04-09 16:00:00,1.0296430267171321,1009.982839282888
2021-04-09 17:00:00,0.0,1009.982839282888
2021-04-09 18:00:00,0.0,1009.982839282888
2021-04-09 19:00:00,0.0,1009.982839282888
2021-04-09 20:00:00,0.0,1009.982839282888
2021-04-09 21:00:00,0.0,1009.982839282888
2021-04-09 22:00:00,0.0,1009.982839282888
2021-04-09 23:00:00,0.0,1009.982839282888
2021-04-10 00:00:00,0.0,1009.982839282888
2021-04-10 01:00:00,0.0,1009.982839282888
2021-04-10 02:00:00,0.0,1009.982839282888
2021-04-10 03:00:00,0.0,1009.982839282888
2021-04-10 04:00:00,0.0,1010.0
2021-04-10 05:00:00,0.0,1010.0
2021-04-10 06:00:00,0.0,1010.0
2021-04-10 07:00:00,0.0,1010.0
2021-04-10 08:00:00,0.0,1010.0
2021-04-10 09:00:00,0.0,1010.0
2021-04-10 10:00:00,0.0,1010.0
2021-04-10 11:00:00,0.0,1010.0
2021-04-10 12:00:00,0.0,1010.0
2021-04-10 13:00:00,0.0,1010.0
2021-04-10 14:00:00,0.0,1010.0
2021-04-10 15:00:00,0.0,1010.0
2021-04-10 16:00:00,0.0,1010.0
2021-04-10 17:00:00,0.0,1010.0
2021-04-10 18:00:00,0.0,1010.0
2021-04-10 19:00:00,0.0,1010.0
2021-04-10 20:00:00,0.0,1010.0
2021-04-10 21:00:00,0.0,1010.0
2021-04-10 22:00:00,0.0,1010.0
2021-04-10 23:00:00,0.0,1010.0
2021-04-11 00:00:00,0.0,1010.0
2021-04-11 01:00:00,0.0,1010.0
2021-04-11 02:00:00,0.0,1010.0
2021-04-11 03:00:00,0.0,1010.0
2021-04-11 04:00:00,0.0,1010.0
2021-04-11 05:00:00,0.0,1010.0
2021-04-11 06:00:00,0.0,1010.0
2021-04-11 07:00:00,0.0,1010.0
2021-04-11 08:00:00,0.0,1010.0
2021-04-11 09:00:00,0.0,1010.0
2021-04-11 10:00:00,0.0,1010.0
2021-04-11 11:00:00,0.0,1010.0
2021-04-11 12:00:00,0.0,1010.0
2021-04-11 13:00:00,0.0,1010.0
2021-04-11 14:00:00,0.0,1010.0
2021-04-11 15:00:00,0.0,1010.0
2021-04-11 16:00:00,0.0,1010.0
2021-04-11 17:00:00,0.0,1010.0
2021-04-11 18:00:00,0.0,1010.0
2021-04-11 19:00:00,0.0,1010.0
2021-04-11 20:00:00,0.0,1010.0
2021-04-11 21:00:00,0.0,1010.0
2021-04-11 22:00:00,0.0,1010.0
2021-04-11 23:00:00,0.0,1010.0
2021-04-12 00:00:00,0.0,1010.0
2021-04-12 01:00:00,0.0,1010.0
2021-04-12 02:00:00,0.0,1010.0
2021-04-12 03:00:00,0.0,1010.0
2021-04-12 04:00:00,2.242784242240776,1009.9626202626293
2021-04-12 05:00:00,0.0,1009.9626202626293
2021-04-12 06:00:00,0.0,1009.9626202626293
2021-04-12 07:00:00,0.0,1009.9626202626293
2021-04-12 08:00:00,0.0,1009.9626202626293
2021-04-12 09:00:00,0.0,1009.9626202626293
2021-04-12 10:00:00,0.0,1009.9626202626293
2021-04-12 11:00:00,0.0,1009.9626202626293
2021-04-12 12:00:00,0.0,1009.9626202626293
2021-04-12 13:00:00,0.0,1009.9626202626293
2021-04-12 14:00:00,0.0,1009.9626202626293
2021-04-12 15:00:00,0.0,1009.9626202626293
2021-04-12 16:00:00,0.0,1010.0
2021-04-12 17:00:00,1.8542122924523596,1009.9690964617924
2021-04-12 18:00:00,1.642525697187922,1009.941721033506
2021-04-12 19:00:00,1.3459785143532543,1009.9192880582668
2021-04-12 20:00:00,0.0,1009.9192880582668
2021-04-12 21:00:00,0.0,1009.9192880582668
2021-04-12 22:00:00,0.0,1009.9192880582668
2021-04-12 23:00:00,0.0,1009.9192880582668
2021-04-13 00:00:00,1.6730150175905023,1009.8914044746402
2021-04-13 01:00:00,0.0,1009.8914044746402
2021-04-13 02:00:00,0.0,1009.8914044746402
2021-04-13 03:00:00,0.0,1009.8914044746402
2021-04-13 04:00:00,5.3649452397358255,1009.8019887206447
2021-04-13 05:00:00,0.0,1009.8328922588522
2021-04-13 06:00:00,0.0,1009.8602676871387
2021-04-13 07:00:00,0.0,1009.8827006623779
2021-04-13 08:00:00,0.0,1009.8827006623779
2021-04-13 09:00:00,0.0,1009.8827006623779
2021-04-13 10:00:00,3.4291107739894677,1009.8255488161448
2021-04-13 11:00:00,0.0,1009.8255488161448
2021-04-13 12:00:00,0.0,1009.8534323997712
2021-04-13 13:00:00,0.0,1009.8534323997712
2021-04-13 14:00:00,0.0,1009.8534323997712
2021-04-13 15:00:00,0.0,1009.8534323997712
2021-04-13 16:00:00,0.0,1009.9428481537668
2021-04-13 17:00:00,0.0,1009.9428481537668
2021-04-13 18:00:00,0.0,1009.9428481537668
2021-04-13 19:00:00,0.0,1009.9428481537668
2021-04-13 20:00:00,0.0,1009.9428481537668
2021-04-13 21:00:00,0.0,1009.9428481537668
2021-04-13 22:00:00,0.0,1010.0
2021-04-13 23:00:00,0.0,1010.0
2021-04-14 00:00:00,0.0,1010.0
2021-04-14 01:00:00,0.0,1010.0
2021-04-14 02:00:00,0.0,1010.0
2021-04-14 03:00:00,0.0,1010.0
2021-04-14 04:00:00,0.0,1010.0
2021-04-14 05:00:00,0.0,1010.0
2021-04-14 06:00:00,2.6648437818080746,1009.9555859369699
2021-04-14 07:00:00,0.0,1009.9555859369699
2021-04-14 08:00:00,0.0,1009.9555859369699
2021-04-14 09:00:00,1.8503527416676775,1009.9247467246088
2021-04-14 10:00:00,0.0,1009.9247467246088
2021-04-14 11:00:00,0.0,1009.9247467246088
2021-04-14 12:00:00,0.0,1009.9247467246088
2021-04-14 13:00:00,0.0,1009.9247467246088
2021-04-14 14:00:00,0.0,1009.9247467246088
2021-04-14 15:00:00,0.0,1009.9247467246088
2021-04-14 16:00:00,0.0,1009.9247467246088
2021-04-14 17:00:00,0.0,1009.9247467246088
2021-04-14 18:00:00,0.0,1009.9691607876389
2021-04-14 19:00:00,0.0,1009.9691607876389
2021-04-14 20:00:00,0.0,1009.9691607876389
2021-04-14 21:00:00,0.0,1010.0
2021-04-14 22:00:00,0.0,1010.0
2021-04-14 23:00:00,0.0,1010.0
2021-04-15 00:00:00,0.0,1010.0
2021-04-15 01:00:00,0.0,1010.0
2021-04-15 02:00:00,0.0,1010.0
2021-04-15 03:00:00,1.202022432429851,1009.9799662927928
2021-04-15 04:00:00,0.0,1009.9799662927928
2021-04-15 05:00:00,0.0,1009.9799662927928
2021-04-15 06:00:00,0.0,1009.9799662927928
2021-04-15 07:00:00,0.0,1009.9799662927928
2021-04-15 08:00:00,0.0,1009.9799662927928
2021-04-15 09:00:00,0.0,1009.9799662927928
2021-04-15 10:00:00,0.0,1009.9799662927928
2021-04-15 11:00:00,0.0,1009.9799662927928
2021-04-15 12:00:00,0.0,1009.9799662927928
2021-04-15 13:00:00,1.016158930632682,1009.9630303106156
2021-04-15 14:00:00,0.0,1009.9630303106156
2021-04-15 15:00:00,0.0,1009.9830640178228
2021-04-15 16:00:00,1.1990501062505383,1009.9630798493853
2021-04-15 17:00:00,0.0,1009.9630798493853
2021-04-15 18:00:00,1.9094114767282342,1009.9312563247731
2021-04-15 19:00:00,0.0,1009.9312563247731
2021-04-15 20:00:00,0.0,1009.9312563247731
2021-04-15 21:00:00,0.0,1009.9312563247731
2021-04-15 22:00:00,0.0,1009.9312563247731
2021-04-15 23:00:00,0.0,1009.9312563247731
2021-04-16 00:00:00,0.0,1009.9312563247731
2021-04-16 01:00:00,0.0,1009.9481923069503
2021-04-16 02:00:00,0.0,1009.9481923069503
2021-04-16 03:00:00,0.0,1009.9481923069503
2021-04-16 04:00:00,0.0,1009.9681764753878
2021-04-16 05:00:00,0.0,1009.9681764753878
2021-04-16 06:00:00,0.0,1010.0
2021-04-16 07:00:00,0.0,1010.0
2021-04-16 08:00:00,0.0,1010.0
2021-04-16 09:00:00,1.1028496941753958,1009.9816191717638
2021-04-16 10:00:00,2.7530995518397,1009.9357341792331
2021-04-16 11:00:00,1.0000458383516566,1009.9190667485939
2021-04-16 12:00:00,1.4300966327025555,1009.8952318047155
2021-04-16 13:00:00,0.0,1009.8952318047155
2021-04-16 14:00:00,1.3605891917668536,1009.8725553181861
2021-04-16 15:00:00,1.4216891942095873,1009.8488604982825
2021-04-16 16:00:00,0.0,1009.8488604982825
2021-04-16 17:00:00,0.0,1009.8488604982825
2021-04-16 18:00:00,0.0,1009.8488604982825
2021-04-16 19:00:00,0.0,1009.8488604982825
2021-04-16 20:00:00,1.9400452459660218,1009.8165264108499
2021-04-16 21:00:00,0.0,1009.8349072390861
2021-04-16 22:00:00,0.0,1009.8807922316167
2021-04-16 23:00:00,1.281571340560708,1009.8761001399132
2021-04-17 00:00:00,0.0,1009.8999350837917
2021-04-17 01:00:00,0.0,1009.8999350837917
2021-04-17 02:00:00,0.0,1009.922611570321
2021-04-17 03:00:00,0.0,1009.9463063902245
2021-04-17 04:00:00,0.0,1009.9463063902245
2021-04-17 05:00:00,0.0,1009.9463063902245
2021-04-17 06:00:00,0.0,1009.9463063902245
2021-04-17 07:00:00,1.1433887636863167,1009.9272499108298
2021-04-17 08:00:00,0.0,1009.9595839982626
2021-04-17 09:00:00,0.0,1009.9595839982626
2021-04-17 10:00:00,1.7294824588665159,1009.9307592906148
2021-04-17 11:00:00,0.0,1009.9521188129575
2021-04-17 12:00:00,4.59573776387601,1009.8755231835595
2021-04-17 13:00:00,0.0,1009.8755231835595
2021-04-17 14:00:00,0.0,1009.8755231835595
2021-04-17 15:00:00,0.0,1009.8755231835595
2021-04-17 16:00:00,0.0,1009.8755231835595
2021-04-17 17:00:00,0.0,1009.8755231835595
2021-04-17 18:00:00,1.0596081926690828,1009.857863047015
2021-04-17 19:00:00,0.0,1009.8769195264098
2021-04-17 20:00:00,1.012741378865179,1009.8600405034288
2021-04-17 21:00:00,0.0,1009.8600405034288
2021-04-17 22:00:00,0.0,1009.8888652110764
2021-04-17 23:00:00,1.073683524410376,1009.8709704856697
2021-04-18 00:00:00,0.0,1009.9475661150676
2021-04-18 01:00:00,0.0,1009.9475661150676
2021-04-18 02:00:00,1.4662784115390206,1009.923128141542
2021-04-18 03:00:00,0.0,1009.923128141542
2021-04-18 04:00:00,0.0,1009.923128141542
2021-04-18 05:00:00,0.0,1009.923128141542
2021-04-18 06:00:00,0.0,1009.9407882780864
2021-04-18 07:00:00,0.0,1009.9407882780864
2021-04-18 08:00:00,0.0,1009.9576673010675
2021-04-18 09:00:00,0.0,1009.9576673010675
2021-04-18 10:00:00,0.0,1009.9576673010675
2021-04-18 11:00:00,1.1966636467653915,1009.9556176323616
2021-04-18 12:00:00,0.0,1009.9556176323616
2021-04-18 13:00:00,0.0,1009.9556176323616
2021-04-18 14:00:00,0.0,1009.9800556058873
2021-04-18 15:00:00,0.0,1009.9800556058873
2021-04-18 16:00:00,0.0,1009.9800556058873
2021-04-18 17:00:00,0.0,1009.9800556058873
2021-04-18 18:00:00,1.4460673767138035,1009.955954482942
2021-04-18 19:00:00,0.0,1009.955954482942
2021-04-18 20:00:00,0.0,1009.955954482942
2021-04-18 21:00:00,0.0,1009.955954482942
2021-04-18 22:00:00,0.0,1009.955954482942
2021-04-18 23:00:00,0.0,1009.9758988770548
2021-04-19 00:00:00,0.0,1009.9758988770548
2021-04-19 01:00:00,0.0,1009.9758988770548
2021-04-19 02:00:00,0.0,1009.9758988770548
2021-04-19 03:00:00,0.0,1009.9758988770548
2021-04-19 04:00:00,0.0,1009.9758988770548
2021-04-19 05:00:00,5.006231133527771,1009.892461691496
2021-04-19 06:00:00,0.0,1009.9165628144412
2021-04-19 07:00:00,0.0,1009.9165628144412
2021-04-19 08:00:00,0.0,1009.9165628144412
2021-04-19 09:00:00,0.0,1009.9165628144412
2021-04-19 10:00:00,0.0,1009.9165628144412
2021-04-19 11:00:00,0.0,1009.9165628144412
2021-04-19 12:00:00,0.0,1009.9165628144412
2021-04-19 13:00:00,0.0,1009.9165628144412
2021-04-19 14:00:00,0.0,1009.9165628144412
2021-04-19 15:00:00,0.0,1009.9165628144412
2021-04-19 16:00:00,1.5242555926838501,1009.8911585545632
2021-04-19 17:00:00,0.0,1009.9745957401219
2021-04-19 18:00:00,0.0,1009.9745957401219
2021-04-19 19:00:00,0.0,1009.9745957401219
2021-04-19 20:00:00,0.0,1009.9745957401219
2021-04-19 21:00:00,0.0,1009.9745957401219
2021-04-19 22:00:00,1.4250348377138304,1009.9508451594934
2021-04-19 23:00:00,0.0,1009.9508451594934
2021-04-20 00:00:00,0.0,1009.9508451594934
2021-04-20 01:00:00,0.0,1009.9508451594934
2021-04-20 02:00:00,1.0021486206645847,1009.9341426824823
2021-04-20 03:00:00,0.0,1009.9341426824823
2021-04-20 04:00:00,0.0,1009.9595469423604
2021-04-20 05:00:00,0.0,1009.9595469423604
2021-04-20 06:00:00,0.0,1009.9595469423604
2021-04-20 07:00:00,0.0,1009.9595469423604
2021-04-20 08:00:00,0.0,1009.9595469423604
2021-04-20 09:00:00,0.0,1009.9595469423604
2021-04-20 10:00:00,0.0,1009.9832975229889
2021-04-20 11:00:00,0.0,1009.9832975229889
2021-04-20 12:00:00,0.0,1009.9832975229889
2021-04-20 13:00:00,0.0,1009.9832975229889
2021-04-20 14:00:00,0.0,1010.0
2021-04-20 15:00:00,0.0,1010.0
2021-04-20 16:00:00,0.0,1010.0
2021-04-20 17:00:00,1.0833183204643815,1009.981944694659
2021-04-20 18:00:00,1.2650776906033094,1009.9608600664822
2021-04-20 19:00:00,1.4165523248184675,1009.9372508610686
2021-04-20 20:00:00,0.0,1009.9372508610686
2021-04-20 21:00:00,0.0,1009.9372508610686
2021-04-20 22:00:00,0.0,1009.9372508610686
2021-04-20 23:00:00,0.0,1009.9372508610686
2021-04-21 00:00:00,0.0,1009.9372508610686
2021-04-21 01:00:00,0.0,1009.9372508610686
2021-04-21 02:00:00,0.0,1009.9372508610686
2021-04-21 03:00:00,0.0,1009.9372508610686
2021-04-21 04:00:00,0.0,1009.9372508610686
2021-04-21 05:00:00,0.0,1009.9553061664096
2021-04-21 06:00:00,0.0,1009.9763907945863
2021-04-21 07:00:00,0.0,1010.0
2021-04-21 08:00:00,0.0,1010.0
2021-04-21 09:00:00,0.0,1010.0
2021-04-21 10:00:00,1.0056639529977849,1009.9832389341167
2021-04-21 11:00:00,0.0,1009.9832389341167
2021-04-21 12:00:00,0.0,1009.9832389341167
2021-04-21 13:00:00,0.0,1009.9832389341167
2021-04-21 14:00:00,0.0,1009.9832389341167
2021-04-21 15:00:00,0.0,1009.9832389341167
2021-04-21 16:00:00,0.0,1009.9832389341167
2021-04-21 17:00:00,0.0,1009.9832389341167
2021-04-21 18:00:00,0.0,1009.9832389341167
2021-04-21 19:00:00,0.0,1009.9832389341167
2021-04-21 20:00:00,0.0,1009.9832389341167
2021-04-21 21:00:00,0.0,1009.9832389341167
2021-04-21 22:00:00,0.0,1010.0
2021-04-21 23:00:00,0.0,1010.0
2021-04-22 00:00:00,1.4796633545031814,1009.9753389440916
2021-04-22 01:00:00,0.0,1009.9753389440916
2021-04-22 02:00:00,0.0,1009.9753389440916
2021-04-22 03:00:00,1.4306176842901848,1009.9514953160201
2021-04-22 04:00:00,0.0,1009.9514953160201
2021-04-22 05:00:00,0.0,1009.9514953160201
2021-04-22 06:00:00,0.0,1009.9514953160201
2021-04-22 07:00:00,0.0,1009.9514953160201
2021-04-22 08:00:00,0.0,1009.9514953160201
2021-04-22 09:00:00,0.0,1009.9514953160201
2021-04-22 10:00:00,0.0,1009.9514953160201
2021-04-22 11:00:00,0.0,1009.9514953160201
2021-04-22 12:00:00,0.0,1009.9761563719285
2021-04-22 13:00:00,0.0,1009.9761563719285
2021-04-22 14:00:00,0.0,1009.9761563719285
2021-04-22 15:00:00,0.0,1010.0
2021-04-22 16:00:00,0.0,1010.0
2021-04-22 17:00:00,0.0,1010.0
2021-04-22 18:00:00,0.0,1010.0
2021-04-22 19:00:00,0.0,1010.0
2021-04-22 20:00:00,0.0,1010.0
2021-04-22 21:00:00,1.399526020410343,1009.9766745663266
2021-04-22 22:00:00,0.0,1009.9766745663266
2021-04-22 23:00:00,0.0,1009.9766745663266
2021-04-23 00:00:00,0.0,1009.9766745663266
2021-04-23 01:00:00,0.0,1009.9766745663266
2021-04-23 02:00:00,0.0,1009.9766745663266
2021-04-23 03:00:00,0.0,1009.9766745663266
2021-04-23 04:00:00,0.0,1009.9766745663266
2021-04-23 05:00:00,0.0,1009.9766745663266
2021-04-23 06:00:00,0.0,1009.9766745663266
2021-04-23 07:00:00,0.0,1009.9766745663266
2021-04-23 08:00:00,0.0,1009.9766745663266
2021-04-23 09:00:00,0.0,1010.0
2021-04-23 10:00:00,0.0,1010.0
2021-04-23 11:00:00,0.0,1010.0
2021-04-23 12:00:00,0.0,1010.0
2021-04-23 13:00:00,0.0,1010.0
2021-04-23 14:00:00,0.0,1010.0
2021-04-23 15:00:00,0.0,1010.0
2021-04-23 16:00:00,0.0,1010.0
2021-04-23 17:00:00,0.0,1010.0
2021-04-23 18:00:00,0.0,1010.0
2021-04-23 19:00:00,0.0,1010.0
2021-04-23 20:00:00,0.0,1010.0
2021-04-23 21:00:00,0.0,1010.0
2021-04-23 22:00:00,0.0,1010.0
2021-04-23 23:00:00,0.0,1010.0
2021-04-24 00:00:00,0.0,1010.0
2021-04-24 01:00:00,0.0,1010.0
2021-04-24 02:00:00,1.204204905202412,1009.9799299182466
2021-04-24 03:00:00,0.0,1009.9799299182466
2021-04-24 04:00:00,0.0,1009.9799299182466
2021-04-24 05:00:00,0.0,1009.9799299182466
2021-04-24 06:00:00,1.57825669027724,1009.9536256400753
2021-04-24 07:00:00,1.2090737047022455,1009.9334744116636
2021-04-24 08:00:00,1.0395289125539229,1009.9161489297877
2021-04-24 09:00:00,1.050524673696291,1009.8986401852261
2021-04-24 10:00:00,0.0,1009.8986401852261
2021-04-24 11:00:00,0.0,1009.8986401852261
2021-04-24 12:00:00,0.0,1009.8986401852261
2021-04-24 13:00:00,0.0,1009.8986401852261
2021-04-24 14:00:00,0.0,1009.9187102669795
2021-04-24 15:00:00,0.0,1009.9187102669795
2021-04-24 16:00:00,0.0,1009.9187102669795
2021-04-24 17:00:00,0.0,1009.9187102669795
2021-04-24 18:00:00,0.0,1009.9450145451508
2021-04-24 19:00:00,0.0,1009.9651657735625
2021-04-24 20:00:00,0.0,1009.9824912554384
2021-04-24 21:00:00,0.0,1010.0
2021-04-24 22:00:00,0.0,1010.0
2021-04-24 23:00:00,0.0,1010.0
2021-04-25 00:00:00,0.0,1010.0
2021-04-25 01:00:00,0.0,1010.0
2021-04-25 02:00:00,0.0,1010.0
2021-04-25 03:00:00,0.0,1010.0
2021-04-25 04:00:00,0.0,1010.0
2021-04-25 05:00:00,0.0,1010.0
2021-04-25 06:00:00,0.0,1010.0
2021-04-25 07:00:00,1.2887295280027486,1009.9785211745333
2021-04-25 08:00:00,0.0,1009.9785211745333
2021-04-25 09:00:00,0.0,1009.9785211745333
2021-04-25 10:00:00,0.0,1009.9785211745333
2021-04-25 11:00:00,0.0,1009.9785211745333
2021-04-25 12:00:00,0.0,1009.9785211745333
2021-04-25 13:00:00,1.4938443587178143,1009.9536237685546
2021-04-25 14:00:00,0.0,1009.9536237685546
2021-04-25 15:00:00,0.0,1009.9536237685546
2021-04-25 16:00:00,2.1327748152185997,1009.9180775216344
2021-04-25 17:00:00,0.0,1009.9180775216344
2021-04-25 18:00:00,0.0,1009.9180775216344
2021-04-25 19:00:00,0.0,1009.9395563471011
2021-04-25 20:00:00,0.0,1009.9395563471011
2021-04-25 21:00:00,1.0982063342356532,1009.9212529081972
2021-04-25 22:00:00,0.0,1009.9212529081972
2021-04-25 23:00:00,0.0,1009.9212529081972
2021-04-26 00:00:00,0.0,1009.9212529081972
2021-04-26 01:00:00,2.657511413681936,1009.901858457281
2021-04-26 02:00:00,0.0,1009.901858457281
2021-04-26 03:00:00,0.0,1009.901858457281
2021-04-26 04:00:00,0.0,1009.9374047042014
2021-04-26 05:00:00,0.0,1009.9374047042014
2021-04-26 06:00:00,0.0,1009.9374047042014
2021-04-26 07:00:00,0.0,1009.9374047042014
2021-04-26 08:00:00,1.7891199327818805,1009.907586038655
2021-04-26 09:00:00,0.0,1009.9258894775589
2021-04-26 10:00:00,0.0,1009.9258894775589
2021-04-26 11:00:00,0.0,1009.9258894775589
2021-04-26 12:00:00,0.0,1009.9258894775589
2021-04-26 13:00:00,0.0,1009.9701813344536
2021-04-26 14:00:00,0.0,1009.9701813344536
2021-04-26 15:00:00,0.0,1009.9701813344536
2021-04-26 16:00:00,0.0,1009.9701813344536
2021-04-26 17:00:00,0.0,1009.9701813344536
2021-04-26 18:00:00,0.0,1009.9701813344536
2021-04-26 19:00:00,0.0,1009.9701813344536
2021-04-26 20:00:00,0.0,1010.0
2021-04-26 21:00:00,1.2891537490706604,1009.9785141041822
2021-04-26 22:00:00,0.0,1009.9785141041822
2021-04-26 23:00:00,0.0,1009.9785141041822
2021-04-27 00:00:00,2.0482405591920836,1009.9443767615289
2021-04-27 01:00:00,0.0,1009.9443767615289
2021-04-27 02:00:00,0.0,1009.9443767615289
2021-04-27 03:00:00,0.0,1009.9443767615289
2021-04-27 04:00:00,0.0,1009.9443767615289
2021-04-27 05:00:00,1.665520456161306,1009.9166180872596
2021-04-27 06:00:00,0.0,1009.9166180872596
2021-04-27 07:00:00,0.0,1009.9166180872596
2021-04-27 08:00:00,0.0,1009.9166180872596
2021-04-27 09:00:00,0.0,1009.9381039830774
2021-04-27 10:00:00,0.0,1009.9381039830774
2021-04-27 11:00:00,0.0,1009.9381039830774
2021-04-27 12:00:00,0.0,1009.9722413257307
2021-04-27 13:00:00,1.27638762823196,1009.9509681985935
2021-04-27 14:00:00,0.0,1009.9509681985935
2021-04-27 15:00:00,0.0,1009.9509681985935
2021-04-27 16:00:00,0.0,1009.9509681985935
2021-04-27 17:00:00,0.0,1009.9787268728628
2021-04-27 18:00:00,0.0,1009.9787268728628
2021-04-27 19:00:00,0.0,1009.9787268728628
2021-04-27 20:00:00,0.0,1009.9787268728628
2021-04-27 21:00:00,0.0,1009.9787268728628
2021-04-27 22:00:00,0.0,1009.9787268728628
2021-04-27 23:00:00,0.0,1009.9787268728628
2021-04-28 00:00:00,0.0,1009.9787268728628
2021-04-28 01:00:00,0.0,1010.0
2021-04-28 02:00:00,2.252284244690795,1009.9624619292551
2021-04-28 03:00:00,0.0,1009.9624619292551
2021-04-28 04:00:00,0.0,1009.9624619292551
2021-04-28 05:00:00,0.0,1009.9624619292551
2021-04-28 06:00:00,0.0,1009.9624619292551
2021-04-28 07:00:00,0.0,1009.9624619292551
2021-04-28 08:00:00,0.0,1009.9624619292551
2021-04-28 09:00:00,0.0,1009.9624619292551
2021-04-28 10:00:00,0.0,1009.9624619292551
2021-04-28 11:00:00,2.5904458673831767,1009.9192878314655
2021-04-28 12:00:00,0.0,1009.9192878314655
2021-04-28 13:00:00,0.0,1009.9192878314655
2021-04-28 14:00:00,0.0,1009.9568259022103
2021-04-28 15:00:00,0.0,1009.9568259022103
2021-04-28 16:00:00,0.0,1009.9568259022103
2021-04-28 17:00:00,0.0,1009.9568259022103
2021-04-28 18:00:00,0.0,1009.9568259022103
2021-04-28 19:00:00,0.0,1009.9568259022103
2021-04-28 20:00:00,0.0,1009.9568259022103
2021-04-28 21:00:00,0.0,1009.9568259022103
2021-04-28 22:00:00,1.265084680196804,1009.9357411575403
2021-04-28 23:00:00,0.0,1009.9789152553301
2021-04-29 00:00:00,0.0,1009.9789152553301
2021-04-29 01:00:00,0.0,1009.9789152553301
2021-04-29 02:00:00,0.0,1009.9789152553301
2021-04-29 03:00:00,0.0,1009.9789152553301
2021-04-29 04:00:00,0.0,1009.9789152553301
2021-04-29 05:00:00,0.0,1009.9789152553301
2021-04-29 06:00:00,3.335162153532787,1009.9233292194378
2021-04-29 07:00:00,0.0,1009.9233292194378
2021-04-29 08:00:00,0.0,1009.9233292194378
2021-04-29 09:00:00,0.0,1009.9233292194378
2021-04-29 10:00:00,0.0,1009.9444139641078
2021-04-29 11:00:00,1.1511600208237236,1009.9252279637607
2021-04-29 12:00:00,0.0,1009.9252279637607
2021-04-29 13:00:00,0.0,1009.9252279637607
2021-04-29 14:00:00,0.0,1009.9252279637607
2021-04-29 15:00:00,1.8521311227054689,1009.8943591117156
2021-04-29 16:00:00,0.0,1009.8943591117156
2021-04-29 17:00:00,0.0,1009.8943591117156
2021-04-29 18:00:00,0.0,1009.9499451476079
2021-04-29 19:00:00,0.0,1009.9499451476079
2021-04-29 20:00:00,0.0,1009.9499451476079
2021-04-29 21:00:00,0.0,1009.9499451476079
2021-04-29 22:00:00,0.0,1009.9499451476079
2021-04-29 23:00:00,0.0,1009.969131147955
2021-04-30 00:00:00,0.0,1009.969131147955
2021-04-30 01:00:00,0.0,1009.969131147955
2021-04-30 02:00:00,1.5842291085154105,1009.9427273294797
2021-04-30 03:00:00,0.0,1009.9735961815247
2021-04-30 04:00:00,0.0,1009.9735961815247
2021-04-30 05:00:00,0.0,1009.9735961815247
2021-04-30 06:00:00,1.8089764248117586,1009.9434465744446
2021-04-30 07:00:00,0.0,1009.9434465744446
2021-04-30 08:00:00,0.0,1009.9434465744446
2021-04-30 09:00:00,0.0,1009.9434465744446
2021-04-30 10:00:00,0.0,1009.9434465744446
2021-04-30 11:00:00,0.0,1009.9434465744446
2021-04-30 12:00:00,0.0,1009.9434465744446
2021-04-30 13:00:00,0.0,1009.9434465744446
2021-04-30 14:00:00,0.0,1009.9698503929199
2021-04-30 15:00:00,0.0,1009.9698503929199
2021-04-30 16:00:00,0.0,1009.9698503929199
2021-04-30 17:00:00,0.0,1009.9698503929199
2021-04-30 18:00:00,0.0,1010.0
2021-04-30 19:00:00,0.0,1010.0
2021-04-30 20:00:00,0.0,1010.0
2021-04-30 21:00:00,0.0,1010.0
2021-04-30 22:00:00,0.0,1010.0
2021-04-30 23:00:00,1.9717959834920484,1009.9671367336084
2021-05-01 00:00:00,1.426217667438486,1009.9433664391512
2021-05-01 01:00:00,0.0,1009.9433664391512
2021-05-01 02:00:00,0.0,1009.9433664391512
2021-05-01 03:00:00,0.0,1009.9433664391512
2021-05-01 04:00:00,0.0,1009.9433664391512
2021-05-01 05:00:00,0.0,1009.9433664391512
2021-05-01 06:00:00,0.0,1009.9433664391512
2021-05-01 07:00:00,0.0,1009.9433664391512
2021-05-01 08:00:00,0.0,1009.9433664391512
2021-05-01 09:00:00,0.0,1009.9433664391512
2021-05-01 10:00:00,0.0,1009.9433664391512
2021-05-01 11:00:00,0.0,1009.9762297055427
2021-05-01 12:00:00,0.0,1010.0
2021-05-01 13:00:00,0.0,1010.0
2021-05-01 14:00:00,0.0,1010.0
2021-05-01 15:00:00,0.0,1010.0
2021-05-01 16:00:00,0.0,1010.0
2021-05-01 17:00:00,0.0,1010.0
2021-05-01 18:00:00,0.0,1010.0
2021-05-01 19:00:00,0.0,1010.0
2021-05-01 20:00:00,0.0,1010.0
2021-05-01 21:00:00,0.0,1010.0
2021-05-01 22:00:00,1.368843912023256,1009.9771859347996
2021-05-01 23:00:00,0.0,1009.9771859347996
2021-05-02 00:00:00,0.0,1009.9771859347996
2021-05-02 01:00:00,2.1119913820328478,1009.9419860784324
2021-05-02 02:00:00,0.0,1009.9419860784324
2021-05-02 03:00:00,1.4301050797638064,1009.9181509937697
2021-05-02 04:00:00,0.0,1009.9181509937697
2021-05-02 05:00:00,1.7926693632990185,1009.888273171048
2021-05-02 06:00:00,0.0,1009.888273171048
2021-05-02 07:00:00,1.204330586254819,1009.8682009946104
2021-05-02 08:00:00,0.0,1009.8682009946104
2021-05-02 09:00:00,0.0,1009.8682009946104
2021-05-02 10:00:00,0.0,1009.8910150598108
2021-05-02 11:00:00,0.0,1009.8910150598108
2021-05-02 12:00:00,0.0,1009.8910150598108
2021-05-02 13:00:00,0.0,1009.9262149161781
2021-05-02 14:00:00,0.0,1009.9262149161781
2021-05-02 15:00:00,0.0,1009.9500500008407
2021-05-02 16:00:00,0.0,1009.9500500008407
2021-05-02 17:00:00,0.0,1009.9799278235624
2021-05-02 18:00:00,0.0,1009.9799278235624
2021-05-02 19:00:00,1.0836465773854802,1009.9819392237102
2021-05-02 20:00:00,0.0,1009.9819392237102
2021-05-02 21:00:00,1.8438630312148825,1009.95120817319
2021-05-02 22:00:00,0.0,1009.95120817319
2021-05-02 23:00:00,0.0,1009.95120817319
2021-05-03 00:00:00,0.0,1009.95120817319
2021-05-03 01:00:00,0.0,1009.95120817319
2021-05-03 02:00:00,0.0,1009.95120817319
2021-05-03 03:00:00,0.0,1009.95120817319
2021-05-03 04:00:00,0.0,1009.95120817319
2021-05-03 05:00:00,0.0,1009.95120817319
2021-05-03 06:00:00,0.0,1009.95120817319
2021-05-03 07:00:00,0.0,1009.9692689494798
2021-05-03 08:00:00,0.0,1009.9692689494798
2021-05-03 09:00:00,0.0,1010.0
2021-05-03 10:00:00,0.0,1010.0
2021-05-03 11:00:00,0.0,1010.0
2021-05-03 12:00:00,0.0,1010.0
2021-05-03 13:00:00,0.0,1010.0
2021-05-03 14:00:00,0.0,1010.0
2021-05-03 15:00:00,0.0,1010.0
2021-05-03 16:00:00,0.0,1010.0
2021-05-03 17:00:00,0.0,1010.0
2021-05-03 18:00:00,0.0,1010.0
2021-05-03 19:00:00,0.0,1010.0
2021-05-03 20:00:00,1.017847884752983,1009.9830358685874
2021-05-03 21:00:00,0.0,1009.9830358685874
2021-05-03 22:00:00,0.0,1009.9830358685874
2021-05-03 23:00:00,0.0,1009.9830358685874
2021-05-04 00:00:00,3.9777513905541166,1009.9167400120782
2021-05-04 01:00:00,0.0,1009.9167400120782
2021-05-04 02:00:00,0.0,1009.9167400120782
2021-05-04 03:00:00,0.0,1009.9167400120782
2021-05-04 04:00:00,0.0,1009.9167400120782
2021-05-04 05:00:00,0.0,1009.9167400120782
2021-05-04 06:00:00,1.6796970214091487,1009.8887450617214
2021-05-04 07:00:00,0.0,1009.8887450617214
2021-05-04 08:00:00,0.0,1009.9057091931339
2021-05-04 09:00:00,0.0,1009.9057091931339
2021-05-04 10:00:00,0.0,1009.9057091931339
2021-05-04 11:00:00,0.0,1009.9057091931339
2021-05-04 12:00:00,3.3992254673491207,1009.915351291854
2021-05-04 13:00:00,0.0,1009.915351291854
2021-05-04 14:00:00,1.4046248055534547,1009.8919408784282
2021-05-04 15:00:00,1.0169926399514542,1009.8749910010956
2021-05-04 16:00:00,0.0,1009.8749910010956
2021-05-04 17:00:00,0.0,1009.8749910010956
2021-05-04 18:00:00,0.0,1009.9029859514525
2021-05-04 19:00:00,0.0,1009.9029859514525
2021-05-04 20:00:00,0.0,1009.9029859514525
2021-05-04 21:00:00,0.0,1009.9029859514525
2021-05-04 22:00:00,0.0,1009.9029859514525
2021-05-04 23:00:00,2.033848506834272,1009.8690884763386
2021-05-05 00:00:00,0.0,1009.9257422341277
2021-05-05 01:00:00,0.0,1009.9257422341277
2021-05-05 02:00:00,0.0,1009.9491526475535
2021-05-05 03:00:00,1.0451603115612094,1009.9486831863601
2021-05-05 04:00:00,0.0,1009.9486831863601
2021-05-05 05:00:00,0.0,1009.9486831863601
2021-05-05 06:00:00,0.0,1009.9486831863601
2021-05-05 07:00:00,0.0,1009.9486831863601
2021-05-05 08:00:00,0.0,1009.9486831863601
2021-05-05 09:00:00,1.3289410198436373,1009.9265341693626
2021-05-05 10:00:00,0.0,1009.9265341693626
2021-05-05 11:00:00,0.0,1009.9604316444766
2021-05-05 12:00:00,0.0,1009.9604316444766
2021-05-05 13:00:00,0.0,1009.9604316444766
2021-05-05 14:00:00,0.0,1009.9604316444766
2021-05-05 15:00:00,0.0,1009.9778509830026
2021-05-05 16:00:00,0.0,1009.9778509830026
2021-05-05 17:00:00,0.0,1009.9778509830026
2021-05-05 18:00:00,0.0,1009.9778509830026
2021-05-05 19:00:00,0.0,1009.9778509830026
2021-05-05 20:00:00,0.0,1009.9778509830026
2021-05-05 21:00:00,0.0,1010.0
2021-05-05 22:00:00,0.0,1010.0
2021-05-05 23:00:00,0.0,1010.0
2021-05-06 00:00:00,0.0,1010.0
2021-05-06 01:00:00,0.0,1010.0
2021-05-06 02:00:00,0.0,1010.0
2021-05-06 03:00:00,0.0,1010.0
2021-05-06 04:00:00,1.5826962140820862,1009.9736217297653
2021-05-06 05:00:00,0.0,1009.9736217297653
2021-05-06 06:00:00,0.0,1009.9736217297653
2021-05-06 07:00:00,0.0,1009.9736217297653
2021-05-06 08:00:00,0.0,1009.9736217297653
2021-05-06 09:00:00,1.9796093381470201,1009.9406282407962
2021-05-06 10:00:00,0.0,1009.9406282407962
2021-05-06 11:00:00,0.0,1009.9406282407962
2021-05-06 12:00:00,0.0,1009.9406282407962
2021-05-06 13:00:00,0.0,1009.9406282407962
2021-05-06 14:00:00,0.0,1009.9406282407962
2021-05-06 15:00:00,0.0,1009.9406282407962
2021-05-06 16:00:00,0.0,1009.9670065110308
2021-05-06 17:00:00,0.0,1009.9670065110308
2021-05-06 18:00:00,0.0,1009.9670065110308
2021-05-06 19:00:00,1.7926140953631378,1009.9371296094415
2021-05-06 20:00:00,0.0,1009.9371296094415
2021-05-06 21:00:00,0.0,1009.9701230984106
2021-05-06 22:00:00,0.0,1009.9701230984106
2021-05-06 23:00:00,0.0,1009.9701230984106
2021-05-07 00:00:00,0.0,1009.9701230984106
2021-05-07 01:00:00,0.0,1009.9701230984106
2021-05-07 02:00:00,0.0,1009.9701230984106
2021-05-07 03:00:00,0.0,1009.9701230984106
2021-05-07 04:00:00,0.0,1009.9701230984106
2021-05-07 05:00:00,0.0,1009.9701230984106
2021-05-07 06:00:00,0.0,1009.9701230984106
2021-05-07 07:00:00,0.0,1010.0
2021-05-07 08:00:00,1.31108529705423,1009.9781485783824
2021-05-07 09:00:00,0.0,1009.9781485783824
2021-05-07 10:00:00,0.0,1009.9781485783824
2021-05-07 11:00:00,2.1776264295122596,1009.9418548045572
2021-05-07 12:00:00,0.0,1009.9418548045572
2021-05-07 13:00:00,0.0,1009.9418548045572
2021-05-07 14:00:00,2.282938878542182,1009.9038058232481
2021-05-07 15:00:00,0.0,1009.9038058232481
2021-05-07 16:00:00,0.0,1009.9038058232481
2021-05-07 17:00:00,0.0,1009.9038058232481
2021-05-07 18:00:00,0.0,1009.9038058232481
2021-05-07 19:00:00,0.0,1009.9038058232481
2021-05-07 20:00:00,0.0,1009.9256572448658
2021-05-07 21:00:00,0.0,1009.9256572448658
2021-05-07 22:00:00,0.0,1009.9256572448658
2021-05-07 23:00:00,0.0,1009.9619510186909
2021-05-08 00:00:00,0.0,1009.9619510186909
2021-05-08 01:00:00,0.0,1009.9619510186909
2021-05-08 02:00:00,0.0,1010.0
2021-05-08 03:00:00,0.0,1010.0
2021-05-08 04:00:00,0.0,1010.0
2021-05-08 05:00:00,1.8276366982431713,1009.9695393883626
2021-05-08 06:00:00,0.0,1009.9695393883626
2021-05-08 07:00:00,0.0,1009.9695393883626
2021-05-08 08:00:00,1.5155673607593156,1009.94427993235
2021-05-08 09:00:00,0.0,1009.94427993235
2021-05-08 10:00:00,0.0,1009.94427993235
2021-05-08 11:00:00,0.0,1009.94427993235
2021-05-08 12:00:00,0.0,1009.94427993235
2021-05-08 13:00:00,1.027127278746275,1009.9271611443709
2021-05-08 14:00:00,0.0,1009.9271611443709
2021-05-08 15:00:00,0.0,1009.9271611443709
2021-05-08 16:00:00,0.0,1009.9271611443709
2021-05-08 17:00:00,0.0,1009.9576217560083
2021-05-08 18:00:00,0.0,1009.9576217560083
2021-05-08 19:00:00,0.0,1009.9576217560083
2021-05-08 20:00:00,0.0,1009.9828812120209
2021-05-08 21:00:00,0.0,1009.9828812120209
2021-05-08 22:00:00,0.0,1009.9828812120209
2021-05-08 23:00:00,0.0,1009.9828812120209
2021-05-09 00:00:00,0.0,1009.9828812120209
2021-05-09 01:00:00,0.0,1010.0
2021-05-09 02:00:00,0.0,1010.0
2021-05-09 03:00:00,0.0,1010.0
2021-05-09 04:00:00,0.0,1010.0
2021-05-09 05:00:00,0.0,1010.0
2021-05-09 06:00:00,0.0,1010.0
2021-05-09 07:00:00,0.0,1010.0
2021-05-09 08:00:00,0.0,1010.0
2021-05-09 09:00:00,0.0,1010.0
2021-05-09 10:00:00,0.0,1010.0
2021-05-09 11:00:00,0.0,1010.0
2021-05-09 12:00:00,0.0,1010.0
2021-05-09 13:00:00,0.0,1010.0
2021-05-09 14:00:00,0.0,1010.0
2021-05-09 15:00:00,0.0,1010.0
2021-05-09 16:00:00,0.0,1010.0
2021-05-09 17:00:00,1.3729442840004986,1009.9771175952667
2021-05-09 18:00:00,0.0,1009.9771175952667
2021-05-09 19:00:00,0.0,1009.9771175952667
2021-05-09 20:00:00,0.0,1009.9771175952667
2021-05-09 21:00:00,0.0,1009.9771175952667
2021-05-09 22:00:00,0.0,1009.9771175952667
2021-05-09 23:00:00,0.0,1009.9771175952667
2021-05-10 00:00:00,0.0,1009.9771175952667
2021-05-10 01:00:00,0.0,1009.9771175952667
2021-05-10 02:00:00,0.0,1009.9771175952667
2021-05-10 03:00:00,0.0,1009.9771175952667
2021-05-10 04:00:00,0.0,1009.9771175952667
2021-05-10 05:00:00,0.0,1010.0
2021-05-10 06:00:00,0.0,1010.0
2021-05-10 07:00:00,0.0,1010.0
2021-05-10 08:00:00,1.5058068040775083,1009.974903219932
2021-05-10 09:00:00,0.0,1009.974903219932
2021-05-10 10:00:00,0.0,1009.974903219932
2021-05-10 11:00:00,0.0,1009.974903219932
2021-05-10 12:00:00,0.0,1009.974903219932
2021-05-10 13:00:00,0.0,1009.974903219932
2021-05-10 14:00:00,0.0,1009.974903219932
2021-05-10 15:00:00,0.0,1009.974903219932
2021-05-10 16:00:00,0.0,1009.974903219932
2021-05-10 17:00:00,0.0,1009.974903219932
2021-05-10 18:00:00,0.0,1009.974903219932
2021-05-10 19:00:00,0.0,1009.974903219932
2021-05-10 20:00:00,0.0,1010.0
2021-05-10 21:00:00,0.0,1010.0
2021-05-10 22:00:00,1.393146743995858,1009.9767808876001
2021-05-10 23:00:00,0.0,1009.9767808876001
2021-05-11 00:00:00,0.0,1009.9767808876001
2021-05-11 01:00:00,0.0,1009.9767808876001
2021-05-11 02:00:00,0.0,1009.9767808876001
2021-05-11 03:00:00,0.0,1009.9767808876001
2021-05-11 04:00:00,1.1659263790939312,1009.9573487812818
2021-05-11 05:00:00,0.0,1009.9573487812818
2021-05-11 06:00:00,1.5062579175877917,1009.9322444826554
2021-05-11 07:00:00,0.0,1009.9322444826554
2021-05-11 08:00:00,0.0,1009.9322444826554
2021-05-11 09:00:00,0.0,1009.9322444826554
2021-05-11 10:00:00,1.1093883288918756,1009.9369737895738
2021-05-11 11:00:00,0.0,1009.9369737895738
2021-05-11 12:00:00,0.0,1009.9369737895738
2021-05-11 13:00:00,0.0,1009.9369737895738
2021-05-11 14:00:00,0.0,1009.9369737895738
2021-05-11 15:00:00,0.0,1009.9369737895738
2021-05-11 16:00:00,0.0,1009.956405895892
2021-05-11 17:00:00,2.132127147479835,1009.920870443434
2021-05-11 18:00:00,0.0,1009.9459747420605
2021-05-11 19:00:00,0.0,1009.9459747420605
2021-05-11 20:00:00,0.0,1009.9459747420605
2021-05-11 21:00:00,0.0,1009.9459747420605
2021-05-11 22:00:00,0.0,1009.964464547542
2021-05-11 23:00:00,0.0,1009.964464547542
2021-05-12 00:00:00,0.0,1009.964464547542
2021-05-12 01:00:00,0.0,1009.964464547542
2021-05-12 02:00:00,0.0,1009.964464547542
2021-05-12 03:00:00,0.0,1009.964464547542
2021-05-12 04:00:00,0.0,1009.964464547542
2021-05-12 05:00:00,0.0,1010.0
2021-05-12 06:00:00,0.0,1010.0
2021-05-12 07:00:00,0.0,1010.0
2021-05-12 08:00:00,0.0,1010.0
2021-05-12 09:00:00,0.0,1010.0
2021-05-12 10:00:00,0.0,1010.0
2021-05-12 11:00:00,0.0,1010.0
2021-05-12 12:00:00,0.0,1010.0
2021-05-12 13:00:00,0.0,1010.0
2021-05-12 14:00:00,0.0,1010.0
2021-05-12 15:00:00,0.0,1010.0
2021-05-12 16:00:00,0.0,1010.0
2021-05-12 17:00:00,0.0,1010.0
2021-05-12 18:00:00,0.0,1010.0
2021-05-12 19:00:00,0.0,1010.0
2021-05-12 20:00:00,0.0,1010.0
2021-05-12 21:00:00,1.6008462002982502,1009.973319229995
2021-05-12 22:00:00,0.0,1009.973319229995
2021-05-12 23:00:00,1.6103719284843727,1009.9464796978536
2021-05-13 00:00:00,0.0,1009.9464796978536
2021-05-13 01:00:00,0.0,1009.9464796978536
2021-05-13 02:00:00,0.0,1009.9464796978536
2021-05-13 03:00:00,1.9913610502856751,1009.9132903470155
2021-05-13 04:00:00,0.0,1009.9132903470155
2021-05-13 05:00:00,1.5590908968994124,1009.8873054987339
2021-05-13 06:00:00,0.0,1009.8873054987339
2021-05-13 07:00:00,1.3666511565170665,1009.8645279794586
2021-05-13 08:00:00,0.0,1009.8645279794586
2021-05-13 09:00:00,0.0,1009.8912087494635
2021-05-13 10:00:00,0.0,1009.8912087494635
2021-05-13 11:00:00,0.0,1009.9180482816049
2021-05-13 12:00:00,0.0,1009.9180482816049
2021-05-13 13:00:00,0.0,1009.9180482816049
2021-05-13 14:00:00,0.0,1009.9180482816049
2021-05-13 15:00:00,1.0758452345508207,1009.9333068785339
2021-05-13 16:00:00,0.0,1009.9333068785339
2021-05-13 17:00:00,0.0,1009.9592917268155
2021-05-13 18:00:00,0.0,1009.9592917268155
2021-05-13 19:00:00,0.0,1009.9820692460909
2021-05-13 20:00:00,0.0,1009.9820692460909
2021-05-13 21:00:00,0.0,1009.9820692460909
2021-05-13 22:00:00,0.0,1009.9820692460909
2021-05-13 23:00:00,0.0,1009.9820692460909
2021-05-14 00:00:00,0.0,1009.9820692460909
2021-05-14 01:00:00,0.0,1009.9820692460909
2021-05-14 02:00:00,0.0,1009.9820692460909
2021-05-14 03:00:00,0.0,1010.0
2021-05-14 04:00:00,0.0,1010.0
2021-05-14 05:00:00,0.0,1010.0
2021-05-14 06:00:00,0.0,1010.0
2021-05-14 07:00:00,0.0,1010.0
2021-05-14 08:00:00,0.0,1010.0
2021-05-14 09:00:00,0.0,1010.0
2021-05-14 10:00:00,0.0,1010.0
2021-05-14 11:00:00,1.5763631866520398,1009.9737272802224
2021-05-14 12:00:00,0.0,1009.9737272802224
2021-05-14 13:00:00,0.0,1009.9737272802224
2021-05-14 14:00:00,0.0,1009.9737272802224
2021-05-14 15:00:00,0.0,1009.9737272802224
2021-05-14 16:00:00,0.0,1009.9737272802224
2021-05-14 17:00:00,0.0,1009.9737272802224
2021-05-14 18:00:00,0.0,1009.9737272802224
2021-05-14 19:00:00,0.0,1009.9737272802224
2021-05-14 20:00:00,0.0,1009.9737272802224
2021-05-14 21:00:00,0.0,1009.9737272802224
2021-05-14 22:00:00,1.3318859460064862,1009.9515291811224
2021-05-14 23:00:00,0.0,1009.9778019008999
2021-05-15 00:00:00,0.0,1009.9778019008999
2021-05-15 01:00:00,0.0,1009.9778019008999
2021-05-15 02:00:00,2.6257192498003494,1009.9340399134032
2021-05-15 03:00:00,1.7017666493299393,1009.9056771359144
2021-05-15 04:00:00,0.0,1009.9056771359144
2021-05-15 05:00:00,0.0,1009.9056771359144
2021-05-15 06:00:00,0.0,1009.9056771359144
2021-05-15 07:00:00,0.0,1009.9056771359144
2021-05-15 08:00:00,1.3915041631983267,1009.882485399861
2021-05-15 09:00:00,0.0,1009.882485399861
2021-05-15 10:00:00,0.0,1009.9046834989612
2021-05-15 11:00:00,0.0,1009.9046834989612
2021-05-15 12:00:00,0.0,1009.9046834989612
2021-05-15 13:00:00,0.0,1009.9046834989612
2021-05-15 14:00:00,0.0,1009.9484454864579
2021-05-15 15:00:00,0.0,1009.9768082639467
2021-05-15 16:00:00,0.0,1009.9768082639467
2021-05-15 17:00:00,0.0,1009.9768082639467
2021-05-15 18:00:00,1.6095353918871425,1009.9499826740819
2021-05-15 19:00:00,0.0,1009.9499826740819
2021-05-15 20:00:00,0.0,1009.9731744101352
2021-05-15 21:00:00,0.0,1009.9731744101352
2021-05-15 22:00:00,1.1923231649063921,1009.9533023573867
2021-05-15 23:00:00,0.0,1009.9533023573867
2021-05-16 00:00:00,0.0,1009.9533023573867
2021-05-16 01:00:00,0.0,1009.9533023573867
2021-05-16 02:00:00,0.0,1009.9533023573867
2021-05-16 03:00:00,0.0,1009.9533023573867
2021-05-16 04:00:00,0.0,1009.9533023573867
2021-05-16 05:00:00,0.0,1009.9533023573867
2021-05-16 06:00:00,1.3627465454805474,1009.9574155048269
2021-05-16 07:00:00,0.0,1009.9574155048269
2021-05-16 08:00:00,0.0,1009.9574155048269
2021-05-16 09:00:00,0.0,1009.9574155048269
2021-05-16 10:00:00,0.0,1009.9772875575753
2021-05-16 11:00:00,0.0,1009.9772875575753
2021-05-16 12:00:00,1.3277197386248196,1009.955158895265
2021-05-16 13:00:00,0.0,1009.955158895265
2021-05-16 14:00:00,9.72604532434724,1009.7930581398591
2021-05-16 15:00:00,0.0,1009.7930581398591
2021-05-16 16:00:00,0.0,1009.7930581398591
2021-05-16 17:00:00,6.470798090106513,1009.685211505024
2021-05-16 18:00:00,0.0,1009.7079239474486
2021-05-16 19:00:00,1.3120535987809894,1009.686056387469
2021-05-16 20:00:00,1.1940493241439878,1009.6661555653999
2021-05-16 21:00:00,0.0,1009.6661555653999
2021-05-16 22:00:00,0.0,1009.6661555653999
2021-05-16 23:00:00,0.0,1009.6661555653999
2021-05-17 00:00:00,0.0,1009.6882842277104
2021-05-17 01:00:00,0.0,1009.6882842277104
2021-05-17 02:00:00,2.4772727407530244,1009.8090971041036
2021-05-17 03:00:00,0.0,1009.8090971041036
2021-05-17 04:00:00,0.0,1009.8090971041036
2021-05-17 05:00:00,0.0,1009.9169437389387
2021-05-17 06:00:00,0.0,1009.9169437389387
2021-05-17 07:00:00,0.0,1009.9388112989184
2021-05-17 08:00:00,0.0,1009.9587121209875
2021-05-17 09:00:00,2.1892870643746525,1009.9222240032478
2021-05-17 10:00:00,0.0,1009.9222240032478
2021-05-17 11:00:00,0.0,1009.9222240032478
2021-05-17 12:00:00,0.0,1009.9222240032478
2021-05-17 13:00:00,0.0,1009.9222240032478
2021-05-17 14:00:00,0.0,1009.9635118822604
2021-05-17 15:00:00,0.0,1009.9635118822604
2021-05-17 16:00:00,0.0,1009.9635118822604
2021-05-17 17:00:00,0.0,1009.9635118822604
2021-05-17 18:00:00,0.0,1009.9635118822604
2021-05-17 19:00:00,0.0,1009.9635118822604
2021-05-17 20:00:00,0.0,1009.9635118822604
2021-05-17 21:00:00,0.0,1010.0
2021-05-17 22:00:00,0.0,1010.0
2021-05-17 23:00:00,0.0,1010.0
2021-05-18 00:00:00,0.0,1010.0
2021-05-18 01:00:00,0.0,1010.0
2021-05-18 02:00:00,0.0,1010.0
2021-05-18 03:00:00,0.0,1010.0
2021-05-18 04:00:00,0.0,1010.0
2021-05-18 05:00:00,0.0,1010.0
2021-05-18 06:00:00,2.3711528919887153,1009.9604807851335
2021-05-18 07:00:00,1.9078526488412666,1009.9286832409862
2021-05-18 08:00:00,0.0,1009.9286832409862
2021-05-18 09:00:00,1.671199933508039,1009.900829908761
2021-05-18 10:00:00,2.202735407796819,1009.8641176519644
2021-05-18 11:00:00,0.0,1009.8641176519644
2021-05-18 12:00:00,0.0,1009.8641176519644
2021-05-18 13:00:00,0.0,1009.8641176519644
2021-05-18 14:00:00,0.0,1009.8641176519644
2021-05-18 15:00:00,2.028709445403609,1009.8303058278743
2021-05-18 16:00:00,0.0,1009.8303058278743
2021-05-18 17:00:00,2.5119472028266996,1009.7884400411606
2021-05-18 18:00:00,0.0,1009.827959256027
2021-05-18 19:00:00,2.242207998095582,1009.8223866668728
2021-05-18 20:00:00,0.0,1009.8223866668728
2021-05-18 21:00:00,2.6761497974718242,1009.8056375024735
2021-05-18 22:00:00,0.0,1009.8423497592701
2021-05-18 23:00:00,0.0,1009.8423497592701
2021-05-19 00:00:00,0.0,1009.8423497592701
2021-05-19 01:00:00,0.0,1009.8423497592701
2021-05-19 02:00:00,0.0,1009.8423497592701
2021-05-19 03:00:00,0.0,1009.87616158336
2021-05-19 04:00:00,0.0,1009.87616158336
2021-05-19 05:00:00,1.0002278158284046,1009.9013569064767
2021-05-19 06:00:00,0.0,1009.9013569064767
2021-05-19 07:00:00,0.0,1009.9387270397783
2021-05-19 08:00:00,0.0,1009.9387270397783
2021-05-19 09:00:00,0.0,1009.9833295364028
2021-05-19 10:00:00,0.0,1009.9833295364028
2021-05-19 11:00:00,0.0,1009.9833295364028
2021-05-19 12:00:00,1.1122845211341184,1009.9647914610506
2021-05-19 13:00:00,0.0,1009.9647914610506
2021-05-19 14:00:00,0.0,1009.9647914610506
2021-05-19 15:00:00,0.0,1009.9647914610506
2021-05-19 16:00:00,0.0,1009.9647914610506
2021-05-19 17:00:00,0.0,1009.9814619246478
2021-05-19 18:00:00,0.0,1009.9814619246478
2021-05-19 19:00:00,0.0,1009.9814619246478
2021-05-19 20:00:00,0.0,1009.9814619246478
2021-05-19 21:00:00,2.101125236001211,1009.9464431707144
2021-05-19 22:00:00,0.0,1009.9464431707144
2021-05-19 23:00:00,0.0,1009.9464431707144
2021-05-20 00:00:00,0.0,1009.9649812460666
2021-05-20 01:00:00,0.0,1009.9649812460666
2021-05-20 02:00:00,0.0,1009.9649812460666
2021-05-20 03:00:00,0.0,1009.9649812460666
2021-05-20 04:00:00,0.0,1009.9649812460666
2021-05-20 05:00:00,1.4445234114798717,1009.9409058558754
2021-05-20 06:00:00,0.0,1009.9409058558754
2021-05-20 07:00:00,0.0,1009.9409058558754
2021-05-20 08:00:00,0.0,1009.9409058558754
2021-05-20 09:00:00,0.0,1009.9759246098087
2021-05-20 10:00:00,0.0,1009.9759246098087
2021-05-20 11:00:00,0.0,1009.9759246098087
2021-05-20 12:00:00,0.0,1009.9759246098087
2021-05-20 13:00:00,3.3717879243521454,1009.9197281444028
2021-05-20 14:00:00,0.0,1009.9197281444028
2021-05-20 15:00:00,0.0,1009.9197281444028
2021-05-20 16:00:00,0.0,1009.9197281444028
2021-05-20 17:00:00,0.0,1009.9438035345942
2021-05-20 18:00:00,0.0,1009.9438035345942
2021-05-20 19:00:00,0.0,1009.9438035345942
2021-05-20 20:00:00,0.0,1009.9438035345942
2021-05-20 21:00:00,0.0,1009.9438035345942
2021-05-20 22:00:00,0.0,1009.9438035345942
2021-05-20 23:00:00,0.0,1009.9438035345942
2021-05-21 00:00:00,0.0,1009.9438035345942
2021-05-21 01:00:00,0.0,1010.0
2021-05-21 02:00:00,0.0,1010.0
2021-05-21 03:00:00,0.0,1010.0
2021-05-21 04:00:00,0.0,1010.0
2021-05-21 05:00:00,0.0,1010.0
2021-05-21 06:00:00,3.24454009262306,1009.9459243317896
2021-05-21 07:00:00,0.0,1009.9459243317896
2021-05-21 08:00:00,0.0,1009.9459243317896
2021-05-21 09:00:00,0.0,1009.9459243317896
2021-05-21 10:00:00,0.0,1009.9459243317896
2021-05-21 11:00:00,0.0,1009.9459243317896
2021-05-21 12:00:00,0.0,1009.9459243317896
2021-05-21 13:00:00,0.0,1009.9459243317896
2021-05-21 14:00:00,0.0,1009.9459243317896
2021-05-21 15:00:00,0.0,1009.9459243317896
2021-05-21 16:00:00,0.0,1009.9459243317896
2021-05-21 17:00:00,0.0,1009.9459243317896
2021-05-21 18:00:00,0.0,1010.0
2021-05-21 19:00:00,0.0,1010.0
2021-05-21 20:00:00,0.0,1010.0
2021-05-21 21:00:00,0.0,1010.0
2021-05-21 22:00:00,0.0,1010.0
2021-05-21 23:00:00,1.0613589097848104,1009.9823106848369
2021-05-22 00:00:00,0.0,1009.9823106848369
2021-05-22 01:00:00,1.4124617760631168,1009.9587696552359
2021-05-22 02:00:00,0.0,1009.9587696552359
2021-05-22 03:00:00,0.0,1009.9587696552359
2021-05-22 04:00:00,0.0,1009.9587696552359
2021-05-22 05:00:00,0.0,1009.9587696552359
2021-05-22 06:00:00,0.0,1009.9587696552359
2021-05-22 07:00:00,0.0,1009.9587696552359
2021-05-22 08:00:00,0.0,1009.9587696552359
2021-05-22 09:00:00,0.0,1009.9587696552359
2021-05-22 10:00:00,0.0,1009.9587696552359
2021-05-22 11:00:00,0.0,1009.976458970399
2021-05-22 12:00:00,0.0,1009.976458970399
2021-05-22 13:00:00,0.0,1010.0
2021-05-22 14:00:00,0.0,1010.0
2021-05-22 15:00:00,0.0,1010.0
2021-05-22 16:00:00,0.0,1010.0
2021-05-22 17:00:00,0.0,1010.0
2021-05-22 18:00:00,0.0,1010.0
2021-05-22 19:00:00,0.0,1010.0
2021-05-22 20:00:00,0.0,1010.0
2021-05-22 21:00:00,0.0,1010.0
2021-05-22 22:00:00,0.0,1010.0
2021-05-22 23:00:00,0.0,1010.0
2021-05-23 00:00:00,0.0,1010.0
2021-05-23 01:00:00,0.0,1010.0
2021-05-23 02:00:00,0.0,1010.0
2021-05-23 03:00:00,0.0,1010.0
2021-05-23 04:00:00,0.0,1010.0
2021-05-23 05:00:00,0.0,1010.0
2021-05-23 06:00:00,0.0,1010.0
2021-05-23 07:00:00,0.0,1010.0
2021-05-23 08:00:00,1.4735429918979444,1009.9754409501351
2021-05-23 09:00:00,0.0,1009.9754409501351
2021-05-23 10:00:00,1.7534872290706303,1009.9462161629839
2021-05-23 11:00:00,0.0,1009.9462161629839
2021-05-23 12:00:00,0.0,1009.9462161629839
2021-05-23 13:00:00,0.0,1009.9462161629839
2021-05-23 14:00:00,0.0,1009.9462161629839
2021-05-23 15:00:00,1.523494772922517,1009.9208245834351
2021-05-23 16:00:00,0.0,1009.9208245834351
2021-05-23 17:00:00,0.0,1009.9208245834351
2021-05-23 18:00:00,0.0,1009.9208245834351
2021-05-23 19:00:00,0.0,1009.9208245834351
2021-05-23 20:00:00,1.5052361554202407,1009.9202963640431
2021-05-23 21:00:00,0.0,1009.9202963640431
2021-05-23 22:00:00,0.0,1009.9495211511943
2021-05-23 23:00:00,0.0,1009.9495211511943
2021-05-24 00:00:00,0.0,1009.9495211511943
2021-05-24 01:00:00,0.0,1009.9495211511943
2021-05-24 02:00:00,0.0,1009.9495211511943
2021-05-24 03:00:00,0.0,1009.974912730743
2021-05-24 04:00:00,0.0,1009.974912730743
2021-05-24 05:00:00,0.0,1009.974912730743
2021-05-24 06:00:00,0.0,1009.974912730743
2021-05-24 07:00:00,0.0,1009.974912730743
2021-05-24 08:00:00,0.0,1010.0
2021-05-24 09:00:00,0.0,1010.0
2021-05-24 10:00:00,0.0,1010.0
2021-05-24 11:00:00,0.0,1010.0
2021-05-24 12:00:00,0.0,1010.0
2021-05-24 13:00:00,0.0,1010.0
2021-05-24 14:00:00,0.0,1010.0
2021-05-24 15:00:00,0.0,1010.0
2021-05-24 16:00:00,0.0,1010.0
2021-05-24 17:00:00,0.0,1010.0
2021-05-24 18:00:00,0.0,1010.0
2021-05-24 19:00:00,0.0,1010.0
2021-05-24 20:00:00,0.0,1010.0
2021-05-24 21:00:00,0.0,1010.0
2021-05-24 22:00:00,0.0,1010.0
2021-05-24 23:00:00,0.0,1010.0
2021-05-25 00:00:00,0.0,1010.0
2021-05-25 01:00:00,0.0,1010.0
2021-05-25 02:00:00,0.0,1010.0
2021-05-25 03:00:00,0.0,1010.0
2021-05-25 04:00:00,0.0,1010.0
2021-05-25 05:00:00,0.0,1010.0
2021-05-25 06:00:00,0.0,1010.0
2021-05-25 07:00:00,0.0,1010.0
2021-05-25 08:00:00,0.0,1010.0
2021-05-25 09:00:00,0.0,1010.0
2021-05-25 10:00:00,0.0,1010.0
2021-05-25 11:00:00,0.0,1010.0
2021-05-25 12:00:00,0.0,1010.0
2021-05-25 13:00:00,0.0,1010.0
2021-05-25 14:00:00,0.0,1010.0
2021-05-25 15:00:00,3.6898503752759186,1009.9385024937454
2021-05-25 16:00:00,0.0,1009.9385024937454
2021-05-25 17:00:00,3.05214784932919,1009.8876333629232
2021-05-25 18:00:00,1.8191339069288066,1009.8573144644745
2021-05-25 19:00:00,0.0,1009.8573144644745
2021-05-25 20:00:00,0.0,1009.8573144644745
2021-05-25 21:00:00,0.0,1009.8573144644745
2021-05-25 22:00:00,0.0,1009.8573144644745
2021-05-25 23:00:00,3.3236913020576724,1009.8019196094401
2021-05-26 00:00:00,0.0,1009.8019196094401
2021-05-26 01:00:00,0.0,1009.8019196094401
2021-05-26 02:00:00,0.0,1009.8019196094401
2021-05-26 03:00:00,1.3377859683405853,1009.841120682889
2021-05-26 04:00:00,0.0,1009.841120682889
2021-05-26 05:00:00,0.0,1009.8919898137112
2021-05-26 06:00:00,0.0,1009.92230871216
2021-05-26 07:00:00,1.0817423306291394,1009.9042796733162
2021-05-26 08:00:00,0.0,1009.9042796733162
2021-05-26 09:00:00,0.0,1009.9042796733162
2021-05-26 10:00:00,1.0999337005100798,1009.8859474449744
2021-05-26 11:00:00,0.0,1009.9413423000086
2021-05-26 12:00:00,0.0,1009.9413423000086
2021-05-26 13:00:00,0.0,1009.9413423000086
2021-05-26 14:00:00,0.0,1009.9413423000086
2021-05-26 15:00:00,0.0,1009.9636387328144
2021-05-26 16:00:00,0.0,1009.9636387328144
2021-05-26 17:00:00,0.0,1009.9636387328144
2021-05-26 18:00:00,0.0,1009.9636387328144
2021-05-26 19:00:00,0.0,1009.9816677716582
2021-05-26 20:00:00,1.3619170001973977,1009.9589691549882
2021-05-26 21:00:00,0.0,1009.9589691549882
2021-05-26 22:00:00,0.0,1009.9773013833301
2021-05-26 23:00:00,0.0,1009.9773013833301
2021-05-27 00:00:00,0.0,1009.9773013833301
2021-05-27 01:00:00,0.0,1009.9773013833301
2021-05-27 02:00:00,0.0,1009.9773013833301
2021-05-27 03:00:00,0.0,1009.9773013833301
2021-05-27 04:00:00,2.623467631799426,1009.9335769228001
2021-05-27 05:00:00,0.0,1009.9335769228001
2021-05-27 06:00:00,0.0,1009.9335769228001
2021-05-27 07:00:00,0.0,1009.9335769228001
2021-05-27 08:00:00,0.0,1009.95627553947
2021-05-27 09:00:00,0.0,1009.95627553947
2021-05-27 10:00:00,0.0,1009.95627553947
2021-05-27 11:00:00,0.0,1009.95627553947
2021-05-27 12:00:00,2.2276113312626915,1009.919148683949
2021-05-27 13:00:00,0.0,1009.919148683949
2021-05-27 14:00:00,1.4219120225589048,1009.8954501502396
2021-05-27 15:00:00,0.0,1009.8954501502396
2021-05-27 16:00:00,1.8830178591488957,1009.9077909797838
2021-05-27 17:00:00,1.4700972279505762,1009.8832893593179
2021-05-27 18:00:00,0.0,1009.8832893593179
2021-05-27 19:00:00,0.0,1009.8832893593179
2021-05-27 20:00:00,0.0,1009.8832893593179
2021-05-27 21:00:00,0.0,1009.8832893593179
2021-05-27 22:00:00,0.0,1009.8832893593179
2021-05-27 23:00:00,0.0,1009.8832893593179
2021-05-28 00:00:00,0.0,1009.9204162148391
2021-05-28 01:00:00,0.0,1009.9204162148391
2021-05-28 02:00:00,0.0,1009.9441147485484
2021-05-28 03:00:00,0.0,1009.9441147485484
2021-05-28 04:00:00,0.0,1009.9754983795342
2021-05-28 05:00:00,0.0,1010.0
2021-05-28 06:00:00,0.0,1010.0
2021-05-28 07:00:00,0.0,1010.0
2021-05-28 08:00:00,0.0,1010.0
2021-05-28 09:00:00,0.0,1010.0
2021-05-28 10:00:00,0.0,1010.0
2021-05-28 11:00:00,0.0,1010.0
2021-05-28 12:00:00,0.0,1010.0
2021-05-28 13:00:00,0.0,1010.0
2021-05-28 14:00:00,1.281055697678735,1009.9786490717054
2021-05-28 15:00:00,0.0,1009.9786490717054
2021-05-28 16:00:00,0.0,1009.9786490717054
2021-05-28 17:00:00,0.0,1009.9786490717054
2021-05-28 18:00:00,0.0,1009.9786490717054
2021-05-28 19:00:00,0.0,1009.9786490717054
2021-05-28 20:00:00,3.503530258011957,1009.9202569007385
2021-05-28 21:00:00,1.0005264007673724,1009.9035814607257
2021-05-28 22:00:00,0.0,1009.9035814607257
2021-05-28 23:00:00,0.0,1009.9035814607257
2021-05-29 00:00:00,0.0,1009.9035814607257
2021-05-29 01:00:00,1.083126478969295,1009.8855293527429
2021-05-29 02:00:00,0.0,1009.9068802810375
2021-05-29 03:00:00,0.0,1009.9068802810375
2021-05-29 04:00:00,0.0,1009.9068802810375
2021-05-29 05:00:00,0.0,1009.9068802810375
2021-05-29 06:00:00,0.0,1009.9068802810375
2021-05-29 07:00:00,0.0,1009.9068802810375
2021-05-29 08:00:00,2.439620248482301,1009.9246121145297
2021-05-29 09:00:00,1.5215718835330891,1009.9159280231503
2021-05-29 10:00:00,0.0,1009.9159280231503
2021-05-29 11:00:00,0.0,1009.9159280231503
2021-05-29 12:00:00,0.0,1009.9159280231503
2021-05-29 13:00:00,0.0,1009.9339801311331
2021-05-29 14:00:00,0.0,1009.9339801311331
2021-05-29 15:00:00,0.0,1009.9339801311331
2021-05-29 16:00:00,0.0,1009.9339801311331
2021-05-29 17:00:00,0.0,1009.9339801311331
2021-05-29 18:00:00,0.0,1009.9339801311331
2021-05-29 19:00:00,0.0,1009.9339801311331
2021-05-29 20:00:00,0.0,1009.9746404686077
2021-05-29 21:00:00,0.0,1010.0
2021-05-29 22:00:00,0.0,1010.0
2021-05-29 23:00:00,0.0,1010.0
2021-05-30 00:00:00,0.0,1010.0
2021-05-30 01:00:00,0.0,1010.0
2021-05-30 02:00:00,1.0139426970562226,1009.983100955049
2021-05-30 03:00:00,0.0,1009.983100955049
2021-05-30 04:00:00,0.0,1009.983100955049
2021-05-30 05:00:00,2.4083608566007557,1009.9429616074391
2021-05-30 06:00:00,0.0,1009.9429616074391
2021-05-30 07:00:00,0.0,1009.9429616074391
2021-05-30 08:00:00,0.0,1009.9429616074391
2021-05-30 09:00:00,0.0,1009.9429616074391
2021-05-30 10:00:00,0.0,1009.9429616074391
2021-05-30 11:00:00,0.0,1009.9429616074391
2021-05-30 12:00:00,0.0,1009.9429616074391
2021-05-30 13:00:00,1.1520807245195748,1009.9237602620304
2021-05-30 14:00:00,0.0,1009.9406593069813
2021-05-30 15:00:00,0.0,1009.9406593069813
2021-05-30 16:00:00,0.0,1009.9406593069813
2021-05-30 17:00:00,0.0,1009.9807986545914
2021-05-30 18:00:00,0.0,1009.9807986545914
2021-05-30 19:00:00,1.489158745493314,1009.9559793421664
2021-05-30 20:00:00,0.0,1009.9559793421664
2021-05-30 21:00:00,0.0,1009.9559793421664
2021-05-30 22:00:00,0.0,1009.9559793421664
2021-05-30 23:00:00,1.0853842512605238,1009.9378896046454
2021-05-31 00:00:00,0.0,1009.9378896046454
2021-05-31 01:00:00,0.0,1009.9570909500541
2021-05-31 02:00:00,0.0,1009.9570909500541
2021-05-31 03:00:00,0.0,1009.9570909500541
2021-05-31 04:00:00,0.0,1009.9570909500541
2021-05-31 05:00:00,0.0,1009.9570909500541
2021-05-31 06:00:00,0.0,1009.9570909500541
2021-05-31 07:00:00,0.0,1009.981910262479
2021-05-31 08:00:00,0.0,1009.981910262479
2021-05-31 09:00:00,0.0,1009.981910262479
2021-05-31 10:00:00,0.0,1009.981910262479
2021-05-31 11:00:00,0.0,1010.0
2021-05-31 12:00:00,0.0,1010.0
2021-05-31 13:00:00,0.0,1010.0
2021-05-31 14:00:00,0.0,1010.0
2021-05-31 15:00:00,0.0,1010.0
2021-05-31 16:00:00,0.0,1010.0
2021-05-31 17:00:00,0.0,1010.0
2021-05-31 18:00:00,0.0,1010.0
2021-05-31 19:00:00,0.0,1010.0
2021-05-31 20:00:00,1.1125085191276112,1009.9814581913479
2021-05-31 21:00:00,0.0,1009.9814581913479
2021-05-31 22:00:00,0.0,1009.9814581913479
2021-05-31 23:00:00,0.0,1009.9814581913479
2021-06-01 00:00:00,1.5723610143088966,1009.9552521744428
2021-06-01 01:00:00,0.0,1009.9552521744428
2021-06-01 02:00:00,0.0,1009.9552521744428
2021-06-01 03:00:00,0.0,1009.9552521744428
2021-06-01 04:00:00,1.894930401206433,1009.9236700010892
2021-06-01 05:00:00,0.0,1009.9236700010892
2021-06-01 06:00:00,4.891398137106288,1009.8421466988042
2021-06-01 07:00:00,0.0,1009.8421466988042
2021-06-01 08:00:00,0.0,1009.8606885074563
2021-06-01 09:00:00,1.0160083312725212,1009.8437550352685
2021-06-01 10:00:00,1.730418409993526,1009.8149147284352
2021-06-01 11:00:00,0.0,1009.8149147284352
2021-06-01 12:00:00,0.0,1009.8411207453404
2021-06-01 13:00:00,0.0,1009.8411207453404
2021-06-01 14:00:00,0.0,1009.8411207453404
2021-06-01 15:00:00,0.0,1009.8411207453404
2021-06-01 16:00:00,0.0,1009.8727029186938
2021-06-01 17:00:00,0.0,1009.8727029186938
2021-06-01 18:00:00,0.0,1009.9542262209789
2021-06-01 19:00:00,0.0,1009.9542262209789
2021-06-01 20:00:00,0.0,1009.9542262209789
2021-06-01 21:00:00,2.3059001512465,1009.9327280239793
2021-06-01 22:00:00,0.0,1009.9615683308126
2021-06-01 23:00:00,0.0,1009.9615683308126
2021-06-02 00:00:00,0.0,1009.9615683308126
2021-06-02 01:00:00,0.0,1009.9615683308126
2021-06-02 02:00:00,0.0,1009.9615683308126
2021-06-02 03:00:00,0.0,1009.9615683308126
2021-06-02 04:00:00,0.0,1009.9615683308126
2021-06-02 05:00:00,0.0,1009.9615683308126
2021-06-02 06:00:00,0.0,1009.9615683308126
2021-06-02 07:00:00,0.0,1009.9615683308126
2021-06-02 08:00:00,0.0,1009.9615683308126
2021-06-02 09:00:00,0.0,1010.0
2021-06-02 10:00:00,0.0,1010.0
2021-06-02 11:00:00,0.0,1010.0
2021-06-02 12:00:00,0.0,1010.0
2021-06-02 13:00:00,0.0,1010.0
2021-06-02 14:00:00,0.0,1010.0
2021-06-02 15:00:00,0.0,1010.0
2021-06-02 16:00:00,0.0,1010.0
2021-06-02 17:00:00,0.0,1010.0
2021-06-02 18:00:00,0.0,1010.0
2021-06-02 19:00:00,0.0,1010.0
2021-06-02 20:00:00,0.0,1010.0
2021-06-02 21:00:00,0.0,1010.0
2021-06-02 22:00:00,0.0,1010.0
2021-06-02 23:00:00,0.0,1010.0
2021-06-03 00:00:00,0.0,1010.0
2021-06-03 01:00:00,0.0,1010.0
2021-06-03 02:00:00,1.086821718089165,1009.9818863046985
2021-06-03 03:00:00,0.0,1009.9818863046985
2021-06-03 04:00:00,0.0,1009.9818863046985
2021-06-03 05:00:00,0.0,1009.9818863046985
2021-06-03 06:00:00,3.5868503714986213,1009.9221054651736
2021-06-03 07:00:00,0.0,1009.9221054651736
2021-06-03 08:00:00,0.0,1009.9221054651736
2021-06-03 09:00:00,0.0,1009.9221054651736
2021-06-03 10:00:00,0.0,1009.9221054651736
2021-06-03 11:00:00,0.0,1009.9221054651736
2021-06-03 12:00:00,0.0,1009.9221054651736
2021-06-03 13:00:00,0.0,1009.9221054651736
2021-06-03 14:00:00,0.0,1009.9402191604751
2021-06-03 15:00:00,0.0,1009.9402191604751
2021-06-03 16:00:00,0.0,1009.9402191604751
2021-06-03 17:00:00,0.0,1009.9402191604751
2021-06-03 18:00:00,0.0,1010.0
2021-06-03 19:00:00,0.0,1010.0
2021-06-03 20:00:00,0.0,1010.0
2021-06-03 21:00:00,0.0,1010.0
2021-06-03 22:00:00,0.0,1010.0
2021-06-03 23:00:00,1.1410044805025432,1009.9809832586583
2021-06-04 00:00:00,0.0,1009.9809832586583
2021-06-04 01:00:00,0.0,1009.9809832586583
2021-06-04 02:00:00,1.3724008876765246,1009.9581099105303
2021-06-04 03:00:00,0.0,1009.9581099105303
2021-06-04 04:00:00,0.0,1009.9581099105303
2021-06-04 05:00:00,0.0,1009.9581099105303
2021-06-04 06:00:00,0.0,1009.9581099105303
2021-06-04 07:00:00,0.0,1009.9581099105303
2021-06-04 08:00:00,0.0,1009.9581099105303
2021-06-04 09:00:00,0.0,1009.9581099105303
2021-06-04 10:00:00,0.0,1009.9581099105303
2021-06-04 11:00:00,0.0,1009.977126651872
2021-06-04 12:00:00,0.0,1009.977126651872
2021-06-04 13:00:00,1.0640144622758432,1009.9593930775007
2021-06-04 14:00:00,0.0,1009.9822664256287
2021-06-04 15:00:00,0.0,1009.9822664256287
2021-06-04 16:00:00,0.0,1009.9822664256287
2021-06-04 17:00:00,0.0,1009.9822664256287
2021-06-04 18:00:00,0.0,1009.9822664256287
2021-06-04 19:00:00,0.0,1009.9822664256287
2021-06-04 20:00:00,0.0,1009.9822664256287
2021-06-04 21:00:00,0.0,1009.9822664256287
2021-06-04 22:00:00,0.0,1009.9822664256287
2021-06-04 23:00:00,0.0,1009.9822664256287
2021-06-05 00:00:00,0.0,1009.9822664256287
2021-06-05 01:00:00,0.0,1010.0
2021-06-05 02:00:00,0.0,1010.0
2021-06-05 03:00:00,0.0,1010.0
2021-06-05 04:00:00,1.0148618904639388,1009.9830856351589
2021-06-05 05:00:00,0.0,1009.9830856351589
2021-06-05 06:00:00,0.0,1009.9830856351589
2021-06-05 07:00:00,0.0,1009.9830856351589
2021-06-05 08:00:00,0.0,1009.9830856351589
2021-06-05 09:00:00,0.0,1009.9830856351589
2021-06-05 10:00:00,0.0,1009.9830856351589
2021-06-05 11:00:00,0.0,1009.9830856351589
2021-06-05 12:00:00,0.0,1009.9830856351589
2021-06-05 13:00:00,0.0,1009.9830856351589
2021-06-05 14:00:00,0.0,1009.9830856351589
2021-06-05 15:00:00,0.0,1009.9830856351589
2021-06-05 16:00:00,0.0,1010.0
2021-06-05 17:00:00,0.0,1010.0
2021-06-05 18:00:00,0.0,1010.0
2021-06-05 19:00:00,0.0,1010.0
2021-06-05 20:00:00,0.0,1010.0
2021-06-05 21:00:00,0.0,1010.0
2021-06-05 22:00:00,0.0,1010.0
2021-06-05 23:00:00,0.0,1010.0
2021-06-06 00:00:00,0.0,1010.0
2021-06-06 01:00:00,0.0,1010.0
2021-06-06 02:00:00,1.446791963457359,1009.975886800609
2021-06-06 03:00:00,0.0,1009.975886800609
2021-06-06 04:00:00,0.0,1009.975886800609
2021-06-06 05:00:00,0.0,1009.975886800609
2021-06-06 06:00:00,0.0,1009.975886800609
2021-06-06 07:00:00,0.0,1009.975886800609
2021-06-06 08:00:00,0.0,1009.975886800609
2021-06-06 09:00:00,1.2885300774538226,1009.9544112993182
2021-06-06 10:00:00,1.0344118883015478,1009.9371711011798
2021-06-06 11:00:00,0.0,1009.9371711011798
2021-06-06 12:00:00,0.0,1009.9371711011798
2021-06-06 13:00:00,0.0,1009.9371711011798
2021-06-06 14:00:00,0.0,1009.9612843005707
2021-06-06 15:00:00,0.0,1009.9612843005707
2021-06-06 16:00:00,0.0,1009.9612843005707
2021-06-06 17:00:00,0.0,1009.9612843005707
2021-06-06 18:00:00,0.0,1009.9612843005707
2021-06-06 19:00:00,0.0,1009.9612843005707
2021-06-06 20:00:00,0.0,1009.9612843005707
2021-06-06 21:00:00,0.0,1009.9827598018617
2021-06-06 22:00:00,0.0,1010.0
2021-06-06 23:00:00,0.0,1010.0
2021-06-07 00:00:00,0.0,1010.0
2021-06-07 01:00:00,0.0,1010.0
2021-06-07 02:00:00,0.0,1010.0
2021-06-07 03:00:00,1.1173597963021082,1009.9813773367283
2021-06-07 04:00:00,0.0,1009.9813773367283
2021-06-07 05:00:00,0.0,1009.9813773367283
2021-06-07 06:00:00,0.0,1009.9813773367283
2021-06-07 07:00:00,0.0,1009.9813773367283
2021-06-07 08:00:00,0.0,1009.9813773367283
2021-06-07 09:00:00,0.0,1009.9813773367283
2021-06-07 10:00:00,0.0,1009.9813773367283
2021-06-07 11:00:00,2.585474506843231,1009.9382860949476
2021-06-07 12:00:00,0.0,1009.9382860949476
2021-06-07 13:00:00,0.0,1009.9382860949476
2021-06-07 14:00:00,0.0,1009.9382860949476
2021-06-07 15:00:00,0.0,1009.9569087582192
2021-06-07 16:00:00,0.0,1009.9569087582192
2021-06-07 17:00:00,0.0,1009.9569087582192
2021-06-07 18:00:00,0.0,1009.9569087582192
2021-06-07 19:00:00,0.0,1009.9569087582192
2021-06-07 20:00:00,5.26332393733812,1009.8691866925969
2021-06-07 21:00:00,0.0,1009.8691866925969
2021-06-07 22:00:00,0.0,1009.8691866925969
2021-06-07 23:00:00,1.0395614409044938,1009.8949519103626
2021-06-08 00:00:00,0.0,1009.8949519103626
2021-06-08 01:00:00,1.105007038141879,1009.8765351263936
2021-06-08 02:00:00,0.0,1009.8765351263936
2021-06-08 03:00:00,0.0,1009.8765351263936
2021-06-08 04:00:00,0.0,1009.8765351263936
2021-06-08 05:00:00,5.784502928669805,1009.7801267442491
2021-06-08 06:00:00,0.0,1009.7801267442491
2021-06-08 07:00:00,0.0,1009.7801267442491
2021-06-08 08:00:00,0.0,1009.8678488098714
2021-06-08 09:00:00,0.0,1009.8678488098714
2021-06-08 10:00:00,0.0,1009.8678488098714
2021-06-08 11:00:00,0.0,1009.8851748338865
2021-06-08 12:00:00,0.0,1009.8851748338865
2021-06-08 13:00:00,0.0,1009.9035916178555
2021-06-08 14:00:00,1.8054621779135602,1009.873500581557
2021-06-08 15:00:00,0.0,1009.873500581557
2021-06-08 16:00:00,0.0,1009.873500581557
2021-06-08 17:00:00,0.0,1009.9699089637014
2021-06-08 18:00:00,0.0,1009.9699089637014
2021-06-08 19:00:00,0.0,1009.9699089637014
2021-06-08 20:00:00,0.0,1009.9699089637014
2021-06-08 21:00:00,0.0,1009.9699089637014
2021-06-08 22:00:00,0.0,1009.9699089637014
2021-06-08 23:00:00,0.0,1009.9699089637014
2021-06-09 00:00:00,0.0,1009.9699089637014
2021-06-09 01:00:00,0.0,1009.9699089637014
2021-06-09 02:00:00,1.0833057921179208,1009.9819449034648
2021-06-09 03:00:00,0.0,1009.9819449034648
2021-06-09 04:00:00,0.0,1009.9819449034648
2021-06-09 05:00:00,0.0,1009.9819449034648
2021-06-09 06:00:00,0.0,1009.9819449034648
2021-06-09 07:00:00,0.0,1009.9819449034648
2021-06-09 08:00:00,0.0,1009.9819449034648
2021-06-09 09:00:00,0.0,1009.9819449034648
2021-06-09 10:00:00,0.0,1009.9819449034648
2021-06-09 11:00:00,2.164237403536517,1009.9458742800724
2021-06-09 12:00:00,0.0,1009.9458742800724
2021-06-09 13:00:00,0.0,1009.9458742800724
2021-06-09 14:00:00,0.0,1009.9639293766078
2021-06-09 15:00:00,0.0,1009.9639293766078
2021-06-09 16:00:00,0.0,1009.9639293766078
2021-06-09 17:00:00,0.0,1009.9639293766078
2021-06-09 18:00:00,0.0,1009.9639293766078
2021-06-09 19:00:00,0.0,1009.9639293766078
2021-06-09 20:00:00,0.0,1009.9639293766078
2021-06-09 21:00:00,0.0,1009.9639293766078
2021-06-09 22:00:00,0.0,1009.9639293766078
2021-06-09 23:00:00,0.0,1010.0
2021-06-10 00:00:00,0.0,1010.0
2021-06-10 01:00:00,0.0,1010.0
2021-06-10 02:00:00,0.0,1010.0
2021-06-10 03:00:00,0.0,1010.0
2021-06-10 04:00:00,0.0,1010.0
2021-06-10 05:00:00,3.7618188178455076,1009.9373030197025
2021-06-10 06:00:00,0.0,1009.9373030197025
2021-06-10 07:00:00,0.0,1009.9373030197025
2021-06-10 08:00:00,1.4434946612807824,1009.913244775348
2021-06-10 09:00:00,0.0,1009.913244775348
2021-06-10 10:00:00,1.3946494256964002,1009.890000618253
2021-06-10 11:00:00,0.0,1009.890000618253
2021-06-10 12:00:00,0.0,1009.890000618253
2021-06-10 13:00:00,0.0,1009.890000618253
2021-06-10 14:00:00,1.2065857016128216,1009.8698908565594
2021-06-10 15:00:00,0.0,1009.8698908565594
2021-06-10 16:00:00,0.0,1009.8698908565594
2021-06-10 17:00:00,1.2097473298104986,1009.91242538136
2021-06-10 18:00:00,0.0,1009.91242538136
2021-06-10 19:00:00,0.0,1009.91242538136
2021-06-10 20:00:00,0.0,1009.9364836257147
2021-06-10 21:00:00,0.0,1009.9364836257147
2021-06-10 22:00:00,0.0,1009.9597277828096
2021-06-10 23:00:00,1.1128569375364488,1009.941180167184
2021-06-11 00:00:00,2.055909833316753,1009.9069150032954
2021-06-11 01:00:00,0.0,1009.9069150032954
2021-06-11 02:00:00,0.0,1009.9270247649889
2021-06-11 03:00:00,0.0,1009.9270247649889
2021-06-11 04:00:00,0.0,1009.9270247649889
2021-06-11 05:00:00,0.0,1009.9471872204858
2021-06-11 06:00:00,0.0,1009.9471872204858
2021-06-11 07:00:00,0.0,1009.9471872204858
2021-06-11 08:00:00,0.0,1009.9471872204858
2021-06-11 09:00:00,1.3112615367545493,1009.9253328615399
2021-06-11 10:00:00,0.0,1009.9253328615399
2021-06-11 11:00:00,0.0,1009.9438804771655
2021-06-11 12:00:00,0.0,1009.9781456410541
2021-06-11 13:00:00,2.1139134881944157,1009.9429137495841
2021-06-11 14:00:00,0.0,1009.9429137495841
2021-06-11 15:00:00,0.0,1009.9429137495841
2021-06-11 16:00:00,0.0,1009.9429137495841
2021-06-11 17:00:00,0.0,1009.9429137495841
2021-06-11 18:00:00,0.0,1009.9429137495841
2021-06-11 19:00:00,1.113592562032721,1009.9243538735503
2021-06-11 20:00:00,1.7204170916254569,1009.8956802553565
2021-06-11 21:00:00,0.0,1009.9175346143024
2021-06-11 22:00:00,0.0,1009.9175346143024
2021-06-11 23:00:00,0.0,1009.9175346143024
2021-06-12 00:00:00,0.0,1009.9175346143024
2021-06-12 01:00:00,0.0,1009.9527665057724
2021-06-12 02:00:00,0.0,1009.9527665057724
2021-06-12 03:00:00,0.0,1009.9527665057724
2021-06-12 04:00:00,0.0,1009.9527665057724
2021-06-12 05:00:00,0.0,1009.9527665057724
2021-06-12 06:00:00,0.0,1009.9527665057724
2021-06-12 07:00:00,0.0,1009.9713263818062
2021-06-12 08:00:00,0.0,1010.0
2021-06-12 09:00:00,0.0,1010.0
2021-06-12 10:00:00,0.0,1010.0
2021-06-12 11:00:00,0.0,1010.0
2021-06-12 12:00:00,0.0,1010.0
2021-06-12 13:00:00,0.0,1010.0
2021-06-12 14:00:00,0.0,1010.0
2021-06-12 15:00:00,0.0,1010.0
2021-06-12 16:00:00,0.0,1010.0
2021-06-12 17:00:00,0.0,1010.0
2021-06-12 18:00:00,1.8125795433910636,1009.9697903409435
2021-06-12 19:00:00,3.9002756590986882,1009.9047857466252
2021-06-12 20:00:00,2.242447584516329,1009.8674116202166
2021-06-12 21:00:00,0.0,1009.8674116202166
2021-06-12 22:00:00,0.0,1009.8674116202166
2021-06-12 23:00:00,0.0,1009.8674116202166
2021-06-13 00:00:00,0.0,1009.8674116202166
2021-06-13 01:00:00,0.0,1009.8674116202166
2021-06-13 02:00:00,0.0,1009.8674116202166
2021-06-13 03:00:00,0.0,1009.8674116202166
2021-06-13 04:00:00,1.3214070569243135,1009.8453881692678
2021-06-13 05:00:00,1.243308822084889,1009.8246663555664
2021-06-13 06:00:00,0.0,1009.854876014623
2021-06-13 07:00:00,0.0,1009.9198806089412
2021-06-13 08:00:00,0.0,1009.9572547353498
2021-06-13 09:00:00,0.0,1009.9572547353498
2021-06-13 10:00:00,2.1734258277424487,1009.9210309715542
2021-06-13 11:00:00,1.2729729994927586,1009.8998147548959
2021-06-13 12:00:00,0.0,1009.8998147548959
2021-06-13 13:00:00,0.0,1009.8998147548959
2021-06-13 14:00:00,0.0,1009.8998147548959
2021-06-13 15:00:00,0.0,1009.8998147548959
2021-06-13 16:00:00,1.2712875266537282,1009.9006500804004
2021-06-13 17:00:00,0.0,1009.9213718941019
2021-06-13 18:00:00,1.7060670779143705,1009.8929374428033
2021-06-13 19:00:00,0.0,1009.8929374428033
2021-06-13 20:00:00,0.0,1009.8929374428033
2021-06-13 21:00:00,0.0,1009.8929374428033
2021-06-13 22:00:00,0.0,1009.929161206599
2021-06-13 23:00:00,1.3252532104688268,1009.9282898697494
2021-06-14 00:00:00,0.0,1009.9282898697494
2021-06-14 01:00:00,0.0,1009.9282898697494
2021-06-14 02:00:00,0.0,1009.9282898697494
2021-06-14 03:00:00,0.0,1009.9282898697494
2021-06-14 04:00:00,1.2804951782260323,1009.9281364088898
2021-06-14 05:00:00,0.0,1009.9281364088898
2021-06-14 06:00:00,4.064246158585359,1009.888833424212
2021-06-14 07:00:00,0.0,1009.888833424212
2021-06-14 08:00:00,0.0,1009.888833424212
2021-06-14 09:00:00,0.0,1009.888833424212
2021-06-14 10:00:00,1.3377825338975589,1009.866537048647
2021-06-14 11:00:00,0.0,1009.8886246021549
2021-06-14 12:00:00,0.0,1009.8886246021549
2021-06-14 13:00:00,0.0,1009.8886246021549
2021-06-14 14:00:00,0.0,1009.8886246021549
2021-06-14 15:00:00,0.0,1009.8886246021549
2021-06-14 16:00:00,0.0,1009.9099661884586
2021-06-14 17:00:00,0.0,1009.9099661884586
2021-06-14 18:00:00,0.0,1009.9777036244351
2021-06-14 19:00:00,0.0,1009.9777036244351
2021-06-14 20:00:00,0.0,1009.9777036244351
2021-06-14 21:00:00,0.0,1009.9777036244351
2021-06-14 22:00:00,0.0,1010.0
2021-06-14 23:00:00,0.0,1010.0
2021-06-15 00:00:00,0.0,1010.0
2021-06-15 01:00:00,0.0,1010.0
2021-06-15 02:00:00,0.0,1010.0
2021-06-15 03:00:00,0.0,1010.0
2021-06-15 04:00:00,0.0,1010.0
2021-06-15 05:00:00,0.0,1010.0
2021-06-15 06:00:00,0.0,1010.0
2021-06-15 07:00:00,0.0,1010.0
2021-06-15 08:00:00,0.0,1010.0
2021-06-15 09:00:00,0.0,1010.0
2021-06-15 10:00:00,0.0,1010.0
2021-06-15 11:00:00,0.0,1010.0
2021-06-15 12:00:00,0.0,1010.0
2021-06-15 13:00:00,0.0,1010.0
2021-06-15 14:00:00,0.0,1010.0
2021-06-15 15:00:00,0.0,1010.0
2021-06-15 16:00:00,0.0,1010.0
2021-06-15 17:00:00,0.0,1010.0
2021-06-15 18:00:00,0.0,1010.0
2021-06-15 19:00:00,0.0,1010.0
2021-06-15 20:00:00,0.0,1010.0
2021-06-15 21:00:00,0.0,1010.0
2021-06-15 22:00:00,0.0,1010.0
2021-06-15 23:00:00,1.287867146611965,1009.9785355475565
2021-06-16 00:00:00,1.1653653538329523,1009.9591127916592
2021-06-16 01:00:00,0.0,1009.9591127916592
2021-06-16 02:00:00,0.0,1009.9591127916592
2021-06-16 03:00:00,0.0,1009.9591127916592
2021-06-16 04:00:00,0.0,1009.9591127916592
2021-06-16 05:00:00,0.0,1009.9591127916592
2021-06-16 06:00:00,0.0,1009.9591127916592
2021-06-16 07:00:00,0.0,1009.9591127916592
2021-06-16 08:00:00,0.0,1009.9591127916592
2021-06-16 09:00:00,0.0,1009.9591127916592
2021-06-16 10:00:00,0.0,1009.9591127916592
2021-06-16 11:00:00,0.0,1009.9805772441027
2021-06-16 12:00:00,0.0,1010.0
2021-06-16 13:00:00,0.0,1010.0
2021-06-16 14:00:00,0.0,1010.0
2021-06-16 15:00:00,0.0,1010.0
2021-06-16 16:00:00,0.0,1010.0
2021-06-16 17:00:00,0.0,1010.0
2021-06-16 18:00:00,0.0,1010.0
2021-06-16 19:00:00,0.0,1010.0
2021-06-16 20:00:00,0.0,1010.0
2021-06-16 21:00:00,1.3199832892732082,1009.9780002785121
2021-06-16 22:00:00,1.3607914148141478,1009.9553204215986
2021-06-16 23:00:00,0.0,1009.9553204215986
2021-06-17 00:00:00,0.0,1009.9553204215986
2021-06-17 01:00:00,0.0,1009.9553204215986
2021-06-17 02:00:00,0.0,1009.9553204215986
2021-06-17 03:00:00,0.0,1009.9553204215986
2021-06-17 04:00:00,0.0,1009.9553204215986
2021-06-17 05:00:00,1.6189700844757207,1009.9283375868573
2021-06-17 06:00:00,0.0,1009.9283375868573
2021-06-17 07:00:00,0.0,1009.9283375868573
2021-06-17 08:00:00,0.0,1009.9283375868573
2021-06-17 09:00:00,0.0,1009.9503373083452
2021-06-17 10:00:00,0.0,1009.9730171652587
2021-06-17 11:00:00,0.0,1009.9730171652587
2021-06-17 12:00:00,0.0,1009.9730171652587
2021-06-17 13:00:00,0.0,1009.9730171652587
2021-06-17 14:00:00,0.0,1009.9730171652587
2021-06-17 15:00:00,0.0,1009.9730171652587
2021-06-17 16:00:00,0.0,1009.9730171652587
2021-06-17 17:00:00,0.0,1010.0
2021-06-17 18:00:00,0.0,1010.0
2021-06-17 19:00:00,0.0,1010.0
2021-06-17 20:00:00,0.0,1010.0
2021-06-17 21:00:00,0.0,1010.0
2021-06-17 22:00:00,0.0,1010.0
2021-06-17 23:00:00,0.0,1010.0
2021-06-18 00:00:00,0.0,1010.0
2021-06-18 01:00:00,0.0,1010.0
2021-06-18 02:00:00,1.677248651797528,1009.9720458558033
2021-06-18 03:00:00,0.0,1009.9720458558033
2021-06-18 04:00:00,0.0,1009.9720458558033
2021-06-18 05:00:00,0.0,1009.9720458558033
2021-06-18 06:00:00,0.0,1009.9720458558033
2021-06-18 07:00:00,0.0,1009.9720458558033
2021-06-18 08:00:00,1.7958962368765619,1009.9421142518554
2021-06-18 09:00:00,0.0,1009.9421142518554
2021-06-18 10:00:00,0.0,1009.9421142518554
2021-06-18 11:00:00,0.0,1009.9421142518554
2021-06-18 12:00:00,0.0,1009.9421142518554
2021-06-18 13:00:00,0.0,1009.9421142518554
2021-06-18 14:00:00,0.0,1009.970068396052
2021-06-18 15:00:00,0.0,1009.970068396052
2021-06-18 16:00:00,0.0,1009.970068396052
2021-06-18 17:00:00,0.0,1009.970068396052
2021-06-18 18:00:00,0.0,1009.970068396052
2021-06-18 19:00:00,0.0,1009.970068396052
2021-06-18 20:00:00,0.0,1010.0
2021-06-18 21:00:00,0.0,1010.0
2021-06-18 22:00:00,0.0,1010.0
2021-06-18 23:00:00,0.0,1010.0
2021-06-19 00:00:00,1.2487083483021872,1009.979188194195
2021-06-19 01:00:00,0.0,1009.979188194195
2021-06-19 02:00:00,0.0,1009.979188194195
2021-06-19 03:00:00,0.0,1009.979188194195
2021-06-19 04:00:00,0.0,1009.979188194195
2021-06-19 05:00:00,0.0,1009.979188194195
2021-06-19 06:00:00,0.0,1009.979188194195
2021-06-19 07:00:00,0.0,1009.979188194195
2021-06-19 08:00:00,0.0,1009.979188194195
2021-06-19 09:00:00,0.0,1009.979188194195
2021-06-19 10:00:00,0.0,1009.979188194195
2021-06-19 11:00:00,0.0,1009.979188194195
2021-06-19 12:00:00,0.0,1010.0
2021-06-19 13:00:00,0.0,1010.0
2021-06-19 14:00:00,1.8038059638025405,1009.96993656727
2021-06-19 15:00:00,0.0,1009.96993656727
2021-06-19 16:00:00,0.0,1009.96993656727
2021-06-19 17:00:00,0.0,1009.96993656727
2021-06-19 18:00:00,0.0,1009.96993656727
2021-06-19 19:00:00,2.0236338025618537,1009.9362093372273
2021-06-19 20:00:00,0.0,1009.9362093372273
2021-06-19 21:00:00,0.0,1009.9362093372273
2021-06-19 22:00:00,0.0,1009.9362093372273
2021-06-19 23:00:00,0.0,1009.9362093372273
2021-06-20 00:00:00,0.0,1009.9362093372273
2021-06-20 01:00:00,2.1880901685425256,1009.8997411677516
2021-06-20 02:00:00,0.0,1009.9298046004816
2021-06-20 03:00:00,0.0,1009.9298046004816
2021-06-20 04:00:00,0.0,1009.9298046004816
2021-06-20 05:00:00,0.0,1009.9298046004816
2021-06-20 06:00:00,0.0,1009.9298046004816
2021-06-20 07:00:00,3.6927783943897143,1009.9019855239511
2021-06-20 08:00:00,0.0,1009.9019855239511
2021-06-20 09:00:00,0.0,1009.9019855239511
2021-06-20 10:00:00,0.0,1009.9019855239511
2021-06-20 11:00:00,0.0,1009.9019855239511
2021-06-20 12:00:00,0.0,1009.9019855239511
2021-06-20 13:00:00,0.0,1009.9384536934268
2021-06-20 14:00:00,0.0,1009.9384536934268
2021-06-20 15:00:00,0.0,1009.9384536934268
2021-06-20 16:00:00,0.0,1009.9384536934268
2021-06-20 17:00:00,0.0,1009.9384536934268
2021-06-20 18:00:00,0.0,1009.9384536934268
2021-06-20 19:00:00,0.0,1010.0
2021-06-20 20:00:00,0.0,1010.0
2021-06-20 21:00:00,0.0,1010.0
2021-06-20 22:00:00,0.0,1010.0
2021-06-20 23:00:00,0.0,1010.0
2021-06-21 00:00:00,1.5019320297744194,1009.9749677995038
2021-06-21 01:00:00,0.0,1009.9749677995038
2021-06-21 02:00:00,0.0,1009.9749677995038
2021-06-21 03:00:00,2.550087982577801,1009.9324663331274
2021-06-21 04:00:00,0.0,1009.9324663331274
2021-06-21 05:00:00,0.0,1009.9324663331274
2021-06-21 06:00:00,0.0,1009.9324663331274
2021-06-21 07:00:00,1.0582304139913759,1009.9148291595609
2021-06-21 08:00:00,0.0,1009.9148291595609
2021-06-21 09:00:00,0.0,1009.9148291595609
2021-06-21 10:00:00,1.0723743747432692,1009.8969562533152
2021-06-21 11:00:00,0.0,1009.8969562533152
2021-06-21 12:00:00,0.0,1009.9219884538114
2021-06-21 13:00:00,0.0,1009.9219884538114
2021-06-21 14:00:00,0.0,1009.9219884538114
2021-06-21 15:00:00,0.0,1009.9644899201877
2021-06-21 16:00:00,0.0,1009.9644899201877
2021-06-21 17:00:00,0.0,1009.9644899201877
2021-06-21 18:00:00,0.0,1009.9644899201877
2021-06-21 19:00:00,0.0,1009.9821270937542
2021-06-21 20:00:00,0.0,1009.9821270937542
2021-06-21 21:00:00,2.1957759075874312,1009.9455308286279
2021-06-21 22:00:00,0.0,1009.9634037348735
2021-06-21 23:00:00,1.1832885763416408,1009.9436822586011
2021-06-22 00:00:00,1.1670584857988437,1009.9242312838379
2021-06-22 01:00:00,0.0,1009.9242312838379
2021-06-22 02:00:00,0.0,1009.9242312838379
2021-06-22 03:00:00,0.0,1009.9242312838379
2021-06-22 04:00:00,0.0,1009.9242312838379
2021-06-22 05:00:00,1.0908377410735217,1009.90605065482
2021-06-22 06:00:00,0.0,1009.90605065482
2021-06-22 07:00:00,0.0,1009.90605065482
2021-06-22 08:00:00,0.0,1009.90605065482
2021-06-22 09:00:00,0.0,1009.9426469199465
2021-06-22 10:00:00,0.0,1009.9426469199465
2021-06-22 11:00:00,0.0,1009.9623683962188
2021-06-22 12:00:00,0.0,1009.9818193709821
2021-06-22 13:00:00,0.0,1009.9818193709821
2021-06-22 14:00:00,0.0,1009.9818193709821
2021-06-22 15:00:00,0.0,1009.9818193709821
2021-06-22 16:00:00,0.0,1009.9818193709821
2021-06-22 17:00:00,0.0,1010.0
2021-06-22 18:00:00,0.0,1010.0
2021-06-22 19:00:00,0.0,1010.0
2021-06-22 20:00:00,1.0506124999038793,1009.9824897916683
2021-06-22 21:00:00,0.0,1009.9824897916683
2021-06-22 22:00:00,0.0,1009.9824897916683
2021-06-22 23:00:00,0.0,1009.9824897916683
2021-06-23 00:00:00,1.8273913698627284,1009.9520332688372
2021-06-23 01:00:00,0.0,1009.9520332688372
2021-06-23 02:00:00,1.8085686361880682,1009.9218904582341
2021-06-23 03:00:00,0.0,1009.9218904582341
2021-06-23 04:00:00,1.2415277933663416,1009.9011983283447
2021-06-23 05:00:00,0.0,1009.9011983283447
2021-06-23 06:00:00,1.3045273813378944,1009.8794562053223
2021-06-23 07:00:00,0.0,1009.8794562053223
2021-06-23 08:00:00,0.0,1009.8969664136541
2021-06-23 09:00:00,0.0,1009.8969664136541
2021-06-23 10:00:00,0.0,1009.8969664136541
2021-06-23 11:00:00,0.0,1009.8969664136541
2021-06-23 12:00:00,0.0,1009.9274229364851
2021-06-23 13:00:00,0.0,1009.9274229364851
2021-06-23 14:00:00,0.0,1009.9575657470882
2021-06-23 15:00:00,0.0,1009.9575657470882
2021-06-23 16:00:00,1.1255528532167767,1009.9594986627574
2021-06-23 17:00:00,0.0,1009.9594986627574
2021-06-23 18:00:00,0.0,1009.9812407857797
2021-06-23 19:00:00,1.4657373871322243,1009.9568118293275
2021-06-23 20:00:00,0.0,1009.9568118293275
2021-06-23 21:00:00,0.0,1009.9568118293275
2021-06-23 22:00:00,0.0,1009.9568118293275
2021-06-23 23:00:00,2.0806735188470524,1009.9221339373468
2021-06-24 00:00:00,0.0,1009.9221339373468
2021-06-24 01:00:00,0.0,1009.9221339373468
2021-06-24 02:00:00,1.351295259985402,1009.8996123496803
2021-06-24 03:00:00,0.0,1009.8996123496803
2021-06-24 04:00:00,0.0,1009.9183715639006
2021-06-24 05:00:00,0.0,1009.9183715639006
2021-06-24 06:00:00,0.0,1009.9183715639006
2021-06-24 07:00:00,0.0,1009.9428005203528
2021-06-24 08:00:00,0.0,1009.9428005203528
2021-06-24 09:00:00,0.0,1009.9428005203528
2021-06-24 10:00:00,0.0,1009.9428005203528
2021-06-24 11:00:00,1.8209586692345705,1009.9471291011797
2021-06-24 12:00:00,1.8733263913324998,1009.9159069946575
2021-06-24 13:00:00,0.0,1009.9159069946575
2021-06-24 14:00:00,1.3121640482966068,1009.9165591815189
2021-06-24 15:00:00,0.0,1009.9165591815189
2021-06-24 16:00:00,0.0,1009.9165591815189
2021-06-24 17:00:00,0.0,1009.9165591815189
2021-06-24 18:00:00,0.0,1009.9165591815189
2021-06-24 19:00:00,0.0,1009.9165591815189
2021-06-24 20:00:00,0.0,1009.9165591815189
2021-06-24 21:00:00,0.0,1009.9165591815189
2021-06-24 22:00:00,0.0,1009.9165591815189
2021-06-24 23:00:00,0.0,1009.9469084926728
2021-06-25 00:00:00,0.0,1009.9781305991951
2021-06-25 01:00:00,0.0,1009.9781305991951
2021-06-25 02:00:00,0.0,1010.0
2021-06-25 03:00:00,0.0,1010.0
2021-06-25 04:00:00,0.0,1010.0
2021-06-25 05:00:00,0.0,1010.0
2021-06-25 06:00:00,0.0,1010.0
2021-06-25 07:00:00,0.0,1010.0
2021-06-25 08:00:00,0.0,1010.0
2021-06-25 09:00:00,0.0,1010.0
2021-06-25 10:00:00,0.0,1010.0
2021-06-25 11:00:00,0.0,1010.0
2021-06-25 12:00:00,0.0,1010.0
2021-06-25 13:00:00,0.0,1010.0
2021-06-25 14:00:00,0.0,1010.0
2021-06-25 15:00:00,0.0,1010.0
2021-06-25 16:00:00,0.0,1010.0
2021-06-25 17:00:00,0.0,1010.0
2021-06-25 18:00:00,1.2425700641801396,1009.9792904989304
2021-06-25 19:00:00,0.0,1009.9792904989304
2021-06-25 20:00:00,1.034930730243249,1009.9620416534262
2021-06-25 21:00:00,0.0,1009.9620416534262
2021-06-25 22:00:00,0.0,1009.9620416534262
2021-06-25 23:00:00,0.0,1009.9620416534262
2021-06-26 00:00:00,0.0,1009.9620416534262
2021-06-26 01:00:00,0.0,1009.9620416534262
2021-06-26 02:00:00,1.50003203246979,1009.9370411195517
2021-06-26 03:00:00,0.0,1009.9370411195517
2021-06-26 04:00:00,0.0,1009.9370411195517
2021-06-26 05:00:00,0.0,1009.9370411195517
2021-06-26 06:00:00,0.0,1009.9577506206215
2021-06-26 07:00:00,0.0,1009.9577506206215
2021-06-26 08:00:00,0.0,1009.9749994661255
2021-06-26 09:00:00,0.0,1009.9749994661255
2021-06-26 10:00:00,0.0,1009.9749994661255
2021-06-26 11:00:00,0.0,1009.9749994661255
2021-06-26 12:00:00,0.0,1009.9749994661255
2021-06-26 13:00:00,0.0,1009.9749994661255
2021-06-26 14:00:00,0.0,1010.0
2021-06-26 15:00:00,2.106509638842911,1009.9648915060193
2021-06-26 16:00:00,1.298161263665902,1009.9432554849582
2021-06-26 17:00:00,0.0,1009.9432554849582
2021-06-26 18:00:00,0.0,1009.9432554849582
2021-06-26 19:00:00,0.0,1009.9432554849582
2021-06-26 20:00:00,0.0,1009.9432554849582
2021-06-26 21:00:00,0.0,1009.9432554849582
2021-06-26 22:00:00,0.0,1009.9432554849582
2021-06-26 23:00:00,0.0,1009.9432554849582
2021-06-27 00:00:00,0.0,1009.9432554849582
2021-06-27 01:00:00,0.0,1009.9432554849582
2021-06-27 02:00:00,2.001206093042784,1009.9099020500742
2021-06-27 03:00:00,1.9431450964894728,1009.9126247924466
2021-06-27 04:00:00,0.0,1009.9342608135078
2021-06-27 05:00:00,0.0,1009.9342608135078
2021-06-27 06:00:00,0.0,1009.9342608135078
2021-06-27 07:00:00,0.0,1009.9342608135078
2021-06-27 08:00:00,0.0,1009.9342608135078
2021-06-27 09:00:00,0.0,1009.9342608135078
2021-06-27 10:00:00,1.767802318386389,1009.9047974415347
2021-06-27 11:00:00,0.0,1009.9047974415347
2021-06-27 12:00:00,0.0,1009.9047974415347
2021-06-27 13:00:00,0.0,1009.9047974415347
2021-06-27 14:00:00,0.0,1009.9381508764187
2021-06-27 15:00:00,0.0,1009.9705366280269
2021-06-27 16:00:00,0.0,1009.9705366280269
2021-06-27 17:00:00,0.0,1009.9705366280269
2021-06-27 18:00:00,0.0,1009.9705366280269
2021-06-27 19:00:00,0.0,1009.9705366280269
2021-06-27 20:00:00,0.0,1009.9705366280269
2021-06-27 21:00:00,0.0,1009.9705366280269
2021-06-27 22:00:00,0.0,1010.0
2021-06-27 23:00:00,0.0,1010.0
2021-06-28 00:00:00,0.0,1010.0
2021-06-28 01:00:00,1.199785160145609,1009.9800035806643
2021-06-28 02:00:00,0.0,1009.9800035806643
2021-06-28 03:00:00,0.0,1009.9800035806643
2021-06-28 04:00:00,0.0,1009.9800035806643
2021-06-28 05:00:00,0.0,1009.9800035806643
2021-06-28 06:00:00,1.0398625899869476,1009.9626725374978
2021-06-28 07:00:00,0.0,1009.9626725374978
2021-06-28 08:00:00,0.0,1009.9626725374978
2021-06-28 09:00:00,2.5271878001729107,1009.9205527408283
2021-06-28 10:00:00,0.0,1009.9205527408283
2021-06-28 11:00:00,0.0,1009.9205527408283
2021-06-28 12:00:00,1.0457030480060134,1009.9031243566948
2021-06-28 13:00:00,0.0,1009.9231207760306
2021-06-28 14:00:00,0.0,1009.9231207760306
2021-06-28 15:00:00,1.4964112159605913,1009.8981805890979
2021-06-28 16:00:00,2.777969426161585,1009.8518810986619
2021-06-28 17:00:00,0.0,1009.8518810986619
2021-06-28 18:00:00,0.0,1009.8692121418284
2021-06-28 19:00:00,0.0,1009.8692121418284
2021-06-28 20:00:00,0.0,1009.8692121418284
2021-06-28 21:00:00,0.0,1009.9113319384978
2021-06-28 22:00:00,0.0,1009.9113319384978
2021-06-28 23:00:00,0.0,1009.9113319384978
2021-06-29 00:00:00,1.920744569255589,1009.8967479131437
2021-06-29 01:00:00,0.0,1009.8967479131437
2021-06-29 02:00:00,0.0,1009.8967479131437
2021-06-29 03:00:00,0.0,1009.9216881000764
2021-06-29 04:00:00,0.0,1009.9679875905124
2021-06-29 05:00:00,0.0,1009.9679875905124
2021-06-29 06:00:00,0.0,1009.9679875905124
2021-06-29 07:00:00,0.0,1009.9679875905124
2021-06-29 08:00:00,0.0,1009.9679875905124
2021-06-29 09:00:00,0.0,1009.9679875905124
2021-06-29 10:00:00,2.2015245094617617,1009.9312955153547
2021-06-29 11:00:00,0.0,1009.9312955153547
2021-06-29 12:00:00,0.0,1009.9633079248423
2021-06-29 13:00:00,0.0,1009.9633079248423
2021-06-29 14:00:00,0.0,1009.9633079248423
2021-06-29 15:00:00,0.0,1009.9633079248423
2021-06-29 16:00:00,1.7551500289140867,1009.9340554243604
2021-06-29 17:00:00,0.0,1009.9340554243604
2021-06-29 18:00:00,0.0,1009.9340554243604
2021-06-29 19:00:00,0.0,1009.9340554243604
2021-06-29 20:00:00,0.0,1009.9340554243604
2021-06-29 21:00:00,0.0,1009.9340554243604
2021-06-29 22:00:00,0.0,1009.9707474995181
2021-06-29 23:00:00,0.0,1009.9707474995181
2021-06-30 00:00:00,0.0,1009.9707474995181
2021-06-30 01:00:00,0.0,1009.9707474995181
2021-06-30 02:00:00,0.0,1009.9707474995181
2021-06-30 03:00:00,0.0,1009.9707474995181
2021-06-30 04:00:00,0.0,1010.0
2021-06-30 05:00:00,0.0,1010.0
2021-06-30 06:00:00,0.0,1010.0
2021-06-30 07:00:00,1.2746891997771388,1009.9787551800038
2021-06-30 08:00:00,0.0,1009.9787551800038
2021-06-30 09:00:00,0.0,1009.9787551800038
2021-06-30 10:00:00,0.0,1009.9787551800038
2021-06-30 11:00:00,0.0,1009.9787551800038
2021-06-30 12:00:00,0.0,1009.9787551800038
2021-06-30 13:00:00,0.0,1009.9787551800038
2021-06-30 14:00:00,0.0,1009.9787551800038
2021-06-30 15:00:00,0.0,1009.9787551800038
2021-06-30 16:00:00,0.0,1009.9787551800038
2021-06-30 17:00:00,0.0,1009.9787551800038
2021-06-30 18:00:00,0.0,1009.9787551800038
2021-06-30 19:00:00,2.4639580582202196,1009.958934032363
2021-06-30 20:00:00,0.0,1009.958934032363
2021-06-30 21:00:00,0.0,1009.958934032363
2021-06-30 22:00:00,0.0,1009.958934032363
2021-06-30 23:00:00,0.0,1009.958934032363
2021-07-01 00:00:00,1.3718676830955085,1009.936069570978
2021-07-01 01:00:00,0.0,1009.936069570978
2021-07-01 02:00:00,0.0,1009.936069570978
2021-07-01 03:00:00,1.3410936190042269,1009.9137180106613
2021-07-01 04:00:00,0.0,1009.9137180106613
2021-07-01 05:00:00,0.0,1009.9137180106613
2021-07-01 06:00:00,2.75172103760411,1009.8678559933679
2021-07-01 07:00:00,0.0,1009.9089219610049
2021-07-01 08:00:00,1.010658347562,1009.8920776552122
2021-07-01 09:00:00,0.0,1009.8920776552122
2021-07-01 10:00:00,0.0,1009.8920776552122
2021-07-01 11:00:00,0.0,1009.8920776552122
2021-07-01 12:00:00,0.0,1009.9149421165972
2021-07-01 13:00:00,0.0,1009.9149421165972
2021-07-01 14:00:00,1.2221835868149387,1009.8945723901503
2021-07-01 15:00:00,0.0,1009.916923950467
2021-07-01 16:00:00,0.0,1009.916923950467
2021-07-01 17:00:00,3.9346895904271015,1009.8513457906265
2021-07-01 18:00:00,0.0,1009.8972078079199
2021-07-01 19:00:00,0.0,1009.8972078079199
2021-07-01 20:00:00,0.0,1009.9140521137126
2021-07-01 21:00:00,0.0,1009.9140521137126
2021-07-01 22:00:00,0.0,1009.9140521137126
2021-07-01 23:00:00,0.0,1009.9140521137126
2021-07-02 00:00:00,3.1676665301001083,1009.8612576715443
2021-07-02 01:00:00,0.0,1009.8612576715443
2021-07-02 02:00:00,0.0,1009.8816273979912
2021-07-02 03:00:00,0.0,1009.8816273979912
2021-07-02 04:00:00,1.276710623946649,1009.8603488875921
2021-07-02 05:00:00,0.0,1009.9259270474325
2021-07-02 06:00:00,1.261242331549579,1009.9049063419068
2021-07-02 07:00:00,2.081247701766368,1009.8702188802106
2021-07-02 08:00:00,0.0,1009.8702188802106
2021-07-02 09:00:00,0.0,1009.8702188802106
2021-07-02 10:00:00,0.0,1009.8702188802106
2021-07-02 11:00:00,0.0,1009.8702188802106
2021-07-02 12:00:00,0.0,1009.923013322379
2021-07-02 13:00:00,0.0,1009.923013322379
2021-07-02 14:00:00,0.0,1009.923013322379
2021-07-02 15:00:00,1.0441296555458752,1009.9056111614532
2021-07-02 16:00:00,1.0125063720116279,1009.9100145656521
2021-07-02 17:00:00,1.0107625314015927,1009.8931685234621
2021-07-02 18:00:00,0.0,1009.9141892289879
2021-07-02 19:00:00,0.0,1009.948876690684
2021-07-02 20:00:00,0.0,1009.948876690684
2021-07-02 21:00:00,0.0,1009.948876690684
2021-07-02 22:00:00,0.0,1009.948876690684
2021-07-02 23:00:00,2.430479077888644,1009.9083687060526
2021-07-03 00:00:00,0.0,1009.9083687060526
2021-07-03 01:00:00,0.0,1009.9083687060526
2021-07-03 02:00:00,0.0,1009.9083687060526
2021-07-03 03:00:00,0.0,1009.9257708669783
2021-07-03 04:00:00,0.0,1009.9426459731785
2021-07-03 05:00:00,0.0,1009.9594920153685
2021-07-03 06:00:00,0.0,1009.9594920153685
2021-07-03 07:00:00,0.0,1009.9594920153685
2021-07-03 08:00:00,0.0,1009.9594920153685
2021-07-03 09:00:00,0.0,1009.9594920153685
2021-07-03 10:00:00,0.0,1009.9594920153685
2021-07-03 11:00:00,0.0,1010.0
2021-07-03 12:00:00,0.0,1010.0
2021-07-03 13:00:00,0.0,1010.0
2021-07-03 14:00:00,0.0,1010.0
2021-07-03 15:00:00,0.0,1010.0
2021-07-03 16:00:00,0.0,1010.0
2021-07-03 17:00:00,0.0,1010.0
2021-07-03 18:00:00,0.0,1010.0
2021-07-03 19:00:00,0.0,1010.0
2021-07-03 20:00:00,0.0,1010.0
2021-07-03 21:00:00,0.0,1010.0
2021-07-03 22:00:00,0.0,1010.0
2021-07-03 23:00:00,0.0,1010.0
2021-07-04 00:00:00,0.0,1010.0
2021-07-04 01:00:00,2.6095665202960534,1009.9565072246618
2021-07-04 02:00:00,0.0,1009.9565072246618
2021-07-04 03:00:00,0.0,1009.9565072246618
2021-07-04 04:00:00,0.0,1009.9565072246618
2021-07-04 05:00:00,0.0,1009.9565072246618
2021-07-04 06:00:00,0.0,1009.9565072246618
2021-07-04 07:00:00,0.0,1009.9565072246618
2021-07-04 08:00:00,0.0,1009.9565072246618
2021-07-04 09:00:00,0.0,1009.9565072246618
2021-07-04 10:00:00,0.0,1009.9565072246618
2021-07-04 11:00:00,1.4648825611381557,1009.9320925153095
2021-07-04 12:00:00,0.0,1009.9320925153095
2021-07-04 13:00:00,0.0,1009.9755852906477
2021-07-04 14:00:00,0.0,1009.9755852906477
2021-07-04 15:00:00,0.0,1009.9755852906477
2021-07-04 16:00:00,0.0,1009.9755852906477
2021-07-04 17:00:00,0.0,1009.9755852906477
2021-07-04 18:00:00,0.0,1009.9755852906477
2021-07-04 19:00:00,0.0,1009.9755852906477
2021-07-04 20:00:00,0.0,1009.9755852906477
2021-07-04 21:00:00,0.0,1009.9755852906477
2021-07-04 22:00:00,0.0,1009.9755852906477
2021-07-04 23:00:00,1.5344665464876903,1009.9744255575586
2021-07-05 00:00:00,0.0,1009.9744255575586
2021-07-05 01:00:00,0.0,1009.9744255575586
2021-07-05 02:00:00,0.0,1009.9744255575586
2021-07-05 03:00:00,0.0,1009.9744255575586
2021-07-05 04:00:00,0.0,1009.9744255575586
2021-07-05 05:00:00,0.0,1009.9744255575586
2021-07-05 06:00:00,0.0,1009.9744255575586
2021-07-05 07:00:00,0.0,1009.9744255575586
2021-07-05 08:00:00,0.0,1009.9744255575586
2021-07-05 09:00:00,0.0,1009.9744255575586
2021-07-05 10:00:00,0.0,1009.9744255575586
2021-07-05 11:00:00,0.0,1010.0
2021-07-05 12:00:00,0.0,1010.0
2021-07-05 13:00:00,1.0960632843733915,1009.9817322785938
2021-07-05 14:00:00,0.0,1009.9817322785938
2021-07-05 15:00:00,0.0,1009.9817322785938
2021-07-05 16:00:00,0.0,1009.9817322785938
2021-07-05 17:00:00,0.0,1009.9817322785938
2021-07-05 18:00:00,0.0,1009.9817322785938
2021-07-05 19:00:00,0.0,1009.9817322785938
2021-07-05 20:00:00,0.0,1009.9817322785938
2021-07-05 21:00:00,0.0,1009.9817322785938
2021-07-05 22:00:00,0.0,1009.9817322785938
2021-07-05 23:00:00,0.0,1009.9817322785938
2021-07-06 00:00:00,0.0,1009.9817322785938
2021-07-06 01:00:00,0.0,1010.0
2021-07-06 02:00:00,1.898505468224247,1009.9683582421962
2021-07-06 03:00:00,0.0,1009.9683582421962
2021-07-06 04:00:00,0.0,1009.9683582421962
2021-07-06 05:00:00,0.0,1009.9683582421962
2021-07-06 06:00:00,0.0,1009.9683582421962
2021-07-06 07:00:00,0.0,1009.9683582421962
2021-07-06 08:00:00,0.0,1009.9683582421962
2021-07-06 09:00:00,1.1410298045098188,1009.9493410787877
2021-07-06 10:00:00,0.0,1009.9493410787877
2021-07-06 11:00:00,0.0,1009.9493410787877
2021-07-06 12:00:00,0.0,1009.9493410787877
2021-07-06 13:00:00,0.0,1009.9493410787877
2021-07-06 14:00:00,0.0,1009.9809828365915
2021-07-06 15:00:00,0.0,1009.9809828365915
2021-07-06 16:00:00,0.0,1009.9809828365915
2021-07-06 17:00:00,0.0,1009.9809828365915
2021-07-06 18:00:00,0.0,1009.9809828365915
2021-07-06 19:00:00,0.0,1009.9809828365915
2021-07-06 20:00:00,1.5647380536247524,1009.9549038690311
2021-07-06 21:00:00,0.0,1009.9739210324395
2021-07-06 22:00:00,0.0,1009.9739210324395
2021-07-06 23:00:00,1.8421491653943725,1009.9432185463497
2021-07-07 00:00:00,0.0,1009.9432185463497
2021-07-07 01:00:00,0.0,1009.9432185463497
2021-07-07 02:00:00,0.0,1009.9432185463497
2021-07-07 03:00:00,0.0,1009.9432185463497
2021-07-07 04:00:00,0.0,1009.9432185463497
2021-07-07 05:00:00,3.7473777732419515,1009.880762250129
2021-07-07 06:00:00,1.4702499523002048,1009.8562580842573
2021-07-07 07:00:00,0.0,1009.8562580842573
2021-07-07 08:00:00,0.0,1009.8823370518177
2021-07-07 09:00:00,0.0,1009.8823370518177
2021-07-07 10:00:00,0.0,1009.8823370518177
2021-07-07 11:00:00,0.0,1009.9130395379076
2021-07-07 12:00:00,0.0,1009.9130395379076
2021-07-07 13:00:00,0.0,1009.9130395379076
2021-07-07 14:00:00,0.0,1009.9130395379076
2021-07-07 15:00:00,1.9345146692200181,1009.880797626754
2021-07-07 16:00:00,0.0,1009.880797626754
2021-07-07 17:00:00,2.2418057951980943,1009.9058904930547
2021-07-07 18:00:00,0.0,1009.9303946589264
2021-07-07 19:00:00,0.0,1009.9303946589264
2021-07-07 20:00:00,0.0,1009.9303946589264
2021-07-07 21:00:00,0.0,1009.9303946589264
2021-07-07 22:00:00,0.0,1009.9303946589264
2021-07-07 23:00:00,0.0,1009.9303946589264
2021-07-08 00:00:00,2.549156802334635,1009.8879087122208
2021-07-08 01:00:00,0.0,1009.8879087122208
2021-07-08 02:00:00,0.0,1009.8879087122208
2021-07-08 03:00:00,0.0,1009.9201506233744
2021-07-08 04:00:00,0.0,1009.9201506233744
2021-07-08 05:00:00,0.0,1009.9575140532944
2021-07-08 06:00:00,0.0,1009.9575140532944
2021-07-08 07:00:00,0.0,1009.9575140532944
2021-07-08 08:00:00,0.0,1009.9575140532944
2021-07-08 09:00:00,0.0,1009.9575140532944
2021-07-08 10:00:00,0.0,1009.9575140532944
2021-07-08 11:00:00,0.0,1009.9575140532944
2021-07-08 12:00:00,0.0,1010.0
2021-07-08 13:00:00,0.0,1010.0
2021-07-08 14:00:00,0.0,1010.0
2021-07-08 15:00:00,0.0,1010.0
2021-07-08 16:00:00,0.0,1010.0
2021-07-08 17:00:00,0.0,1010.0
2021-07-08 18:00:00,0.0,1010.0
2021-07-08 19:00:00,0.0,1010.0
2021-07-08 20:00:00,0.0,1010.0
2021-07-08 21:00:00,6.593300295407525,1009.8901116617432
2021-07-08 22:00:00,0.0,1009.8901116617432
2021-07-08 23:00:00,0.0,1009.8901116617432
2021-07-09 00:00:00,0.0,1009.8901116617432
2021-07-09 01:00:00,0.0,1009.8901116617432
2021-07-09 02:00:00,0.0,1009.8901116617432
2021-07-09 03:00:00,0.0,1009.8901116617432
2021-07-09 04:00:00,0.0,1009.8901116617432
2021-07-09 05:00:00,0.0,1009.8901116617432
2021-07-09 06:00:00,0.0,1009.8901116617432
2021-07-09 07:00:00,0.0,1009.8901116617432
2021-07-09 08:00:00,0.0,1009.8901116617432
2021-07-09 09:00:00,0.0,1010.0
2021-07-09 10:00:00,0.0,1010.0
2021-07-09 11:00:00,0.0,1010.0
2021-07-09 12:00:00,1.0587380663642616,1009.9823543655606
2021-07-09 13:00:00,0.0,1009.9823543655606
2021-07-09 14:00:00,0.0,1009.9823543655606
2021-07-09 15:00:00,0.0,1009.9823543655606
2021-07-09 16:00:00,9.835394384458176,1009.8184311258196
2021-07-09 17:00:00,0.0,1009.8184311258196
2021-07-09 18:00:00,0.0,1009.8184311258196
2021-07-09 19:00:00,1.0932801761838844,1009.8002097895499
2021-07-09 20:00:00,0.0,1009.8002097895499
2021-07-09 21:00:00,1.5294542604679884,1009.7747188852088
2021-07-09 22:00:00,0.0,1009.7747188852088
2021-07-09 23:00:00,0.0,1009.7747188852088
2021-07-10 00:00:00,0.0,1009.7923645196481
2021-07-10 01:00:00,0.0,1009.7923645196481
2021-07-10 02:00:00,0.0,1009.7923645196481
2021-07-10 03:00:00,0.0,1009.7923645196481
2021-07-10 04:00:00,0.0,1009.9562877593892
2021-07-10 05:00:00,0.0,1009.9562877593892
2021-07-10 06:00:00,0.0,1009.9562877593892
2021-07-10 07:00:00,0.0,1009.9745090956588
2021-07-10 08:00:00,0.0,1009.9745090956588
2021-07-10 09:00:00,0.0,1010.0
2021-07-10 10:00:00,0.0,1010.0
2021-07-10 11:00:00,0.0,1010.0
2021-07-10 12:00:00,0.0,1010.0
2021-07-10 13:00:00,0.0,1010.0
2021-07-10 14:00:00,0.0,1010.0
2021-07-10 15:00:00,1.7737644557651269,1009.9704372590705
2021-07-10 16:00:00,0.0,1009.9704372590705
2021-07-10 17:00:00,0.0,1009.9704372590705
2021-07-10 18:00:00,0.0,1009.9704372590705
2021-07-10 19:00:00,0.0,1009.9704372590705
2021-07-10 20:00:00,2.0666563295301756,1009.9359929869117
2021-07-10 21:00:00,0.0,1009.9359929869117
2021-07-10 22:00:00,0.0,1009.9359929869117
2021-07-10 23:00:00,0.0,1009.9359929869117
2021-07-11 00:00:00,0.0,1009.9359929869117
2021-07-11 01:00:00,0.0,1009.9359929869117
2021-07-11 02:00:00,0.0,1009.9359929869117
2021-07-11 03:00:00,0.0,1009.9655557278412
2021-07-11 04:00:00,0.0,1009.9655557278412
2021-07-11 05:00:00,0.0,1009.9655557278412
2021-07-11 06:00:00,0.0,1009.9655557278412
2021-07-11 07:00:00,0.0,1009.9655557278412
2021-07-11 08:00:00,0.0,1010.0
2021-07-11 09:00:00,0.0,1010.0
2021-07-11 10:00:00,1.77695036081382,1009.9703841606531
2021-07-11 11:00:00,0.0,1009.9703841606531
2021-07-11 12:00:00,0.0,1009.9703841606531
2021-07-11 13:00:00,1.9721363275061967,1009.9375152218613
2021-07-11 14:00:00,0.0,1009.9375152218613
2021-07-11 15:00:00,0.0,1009.9375152218613
2021-07-11 16:00:00,1.1949121465591874,1009.9176000194187
2021-07-11 17:00:00,0.0,1009.9176000194187
2021-07-11 18:00:00,0.0,1009.9176000194187
2021-07-11 19:00:00,1.8839464555410363,1009.8862009118263
2021-07-11 20:00:00,0.0,1009.8862009118263
2021-07-11 21:00:00,0.0,1009.8862009118263
2021-07-11 22:00:00,0.0,1009.9158167511732
2021-07-11 23:00:00,0.0,1009.9158167511732
2021-07-12 00:00:00,0.0,1009.9158167511732
2021-07-12 01:00:00,0.0,1009.948685689965
2021-07-12 02:00:00,0.0,1009.948685689965
2021-07-12 03:00:00,0.0,1009.948685689965
2021-07-12 04:00:00,0.0,1009.9686008924076
2021-07-12 05:00:00,0.0,1009.9686008924076
2021-07-12 06:00:00,1.6443447686698818,1009.9411951462631
2021-07-12 07:00:00,1.7721539618578404,1009.9430583544912
2021-07-12 08:00:00,0.0,1009.9430583544912
2021-07-12 09:00:00,0.0,1009.9430583544912
2021-07-12 10:00:00,0.0,1009.9430583544912
2021-07-12 11:00:00,0.0,1009.9430583544912
2021-07-12 12:00:00,0.0,1009.9430583544912
2021-07-12 13:00:00,1.1682464996735518,1009.9235875794966
2021-07-12 14:00:00,0.0,1009.9235875794966
2021-07-12 15:00:00,0.0,1009.9235875794966
2021-07-12 16:00:00,0.0,1009.9235875794966
2021-07-12 17:00:00,0.0,1009.9235875794966
2021-07-12 18:00:00,0.0,1009.9509933256411
2021-07-12 19:00:00,1.5266515693914817,1009.9550850321823
2021-07-12 20:00:00,0.0,1009.9550850321823
2021-07-12 21:00:00,0.0,1009.9550850321823
2021-07-12 22:00:00,0.0,1009.9550850321823
2021-07-12 23:00:00,0.0,1009.9550850321823
2021-07-13 00:00:00,0.0,1009.9550850321823
2021-07-13 01:00:00,0.0,1009.9745558071768
2021-07-13 02:00:00,0.0,1009.9745558071768
2021-07-13 03:00:00,0.0,1009.9745558071768
2021-07-13 04:00:00,0.0,1009.9745558071768
2021-07-13 05:00:00,0.0,1009.9745558071768
2021-07-13 06:00:00,0.0,1009.9745558071768
2021-07-13 07:00:00,0.0,1010.0
2021-07-13 08:00:00,2.8874327082560374,1009.951876121529
2021-07-13 09:00:00,0.0,1009.951876121529
2021-07-13 10:00:00,0.0,1009.951876121529
2021-07-13 11:00:00,0.0,1009.951876121529
2021-07-13 12:00:00,2.035106437120529,1009.9179576809104
2021-07-13 13:00:00,0.0,1009.9179576809104
2021-07-13 14:00:00,0.0,1009.9179576809104
2021-07-13 15:00:00,1.2814402660306654,1009.8966003431432
2021-07-13 16:00:00,0.0,1009.8966003431432
2021-07-13 17:00:00,0.0,1009.8966003431432
2021-07-13 18:00:00,0.0,1009.8966003431432
2021-07-13 19:00:00,0.0,1009.8966003431432
2021-07-13 20:00:00,0.0,1009.9447242216141
2021-07-13 21:00:00,0.0,1009.9447242216141
2021-07-13 22:00:00,0.0,1009.9447242216141
2021-07-13 23:00:00,0.0,1009.9447242216141
2021-07-14 00:00:00,0.0,1009.9786426622328
2021-07-14 01:00:00,0.0,1009.9786426622328
2021-07-14 02:00:00,0.0,1009.9786426622328
2021-07-14 03:00:00,0.0,1010.0
2021-07-14 04:00:00,1.0072919649185192,1009.9832118005847
2021-07-14 05:00:00,0.0,1009.9832118005847
2021-07-14 06:00:00,0.0,1009.9832118005847
2021-07-14 07:00:00,0.0,1009.9832118005847
2021-07-14 08:00:00,0.0,1009.9832118005847
2021-07-14 09:00:00,0.0,1009.9832118005847
2021-07-14 10:00:00,0.0,1009.9832118005847
2021-07-14 11:00:00,0.0,1009.9832118005847
2021-07-14 12:00:00,0.0,1009.9832118005847
2021-07-14 13:00:00,0.0,1009.9832118005847
2021-07-14 14:00:00,0.0,1009.9832118005847
2021-07-14 15:00:00,4.610338602993645,1009.9063728238681
2021-07-14 16:00:00,1.3948163666914577,1009.8999140838386
2021-07-14 17:00:00,0.0,1009.8999140838386
2021-07-14 18:00:00,0.0,1009.8999140838386
2021-07-14 19:00:00,0.0,1009.8999140838386
2021-07-14 20:00:00,0.0,1009.8999140838386
2021-07-14 21:00:00,0.0,1009.8999140838386
2021-07-14 22:00:00,0.0,1009.8999140838386
2021-07-14 23:00:00,0.0,1009.8999140838386
2021-07-15 00:00:00,0.0,1009.8999140838386
2021-07-15 01:00:00,0.0,1009.8999140838386
2021-07-15 02:00:00,0.0,1009.8999140838386
2021-07-15 03:00:00,0.0,1009.9767530605551
2021-07-15 04:00:00,0.0,1010.0
2021-07-15 05:00:00,0.0,1010.0
2021-07-15 06:00:00,0.0,1010.0
2021-07-15 07:00:00,0.0,1010.0
2021-07-15 08:00:00,0.0,1010.0
2021-07-15 09:00:00,0.0,1010.0
2021-07-15 10:00:00,0.0,1010.0
2021-07-15 11:00:00,0.0,1010.0
2021-07-15 12:00:00,0.0,1010.0
2021-07-15 13:00:00,0.0,1010.0
2021-07-15 14:00:00,0.0,1010.0
2021-07-15 15:00:00,0.0,1010.0
2021-07-15 16:00:00,0.0,1010.0
2021-07-15 17:00:00,0.0,1010.0
2021-07-15 18:00:00,0.0,1010.0
2021-07-15 19:00:00,0.0,1010.0
2021-07-15 20:00:00,0.0,1010.0
2021-07-15 21:00:00,0.0,1010.0
2021-07-15 22:00:00,0.0,1010.0
2021-07-15 23:00:00,0.0,1010.0
2021-07-16 00:00:00,0.0,1010.0
2021-07-16 01:00:00,0.0,1010.0
2021-07-16 02:00:00,0.0,1010.0
2021-07-16 03:00:00,0.0,1010.0
2021-07-16 04:00:00,0.0,1010.0
2021-07-16 05:00:00,0.0,1010.0
2021-07-16 06:00:00,0.0,1010.0
2021-07-16 07:00:00,0.0,1010.0
2021-07-16 08:00:00,0.0,1010.0
2021-07-16 09:00:00,0.0,1010.0
2021-07-16 10:00:00,0.0,1010.0
2021-07-16 11:00:00,0.0,1010.0
2021-07-16 12:00:00,0.0,1010.0
2021-07-16 13:00:00,0.0,1010.0
2021-07-16 14:00:00,0.0,1010.0
2021-07-16 15:00:00,0.0,1010.0
2021-07-16 16:00:00,0.0,1010.0
2021-07-16 17:00:00,0.0,1010.0
2021-07-16 18:00:00,0.0,1010.0
2021-07-16 19:00:00,1.0665050486371657,1009.982224915856
2021-07-16 20:00:00,0.0,1009.982224915856
2021-07-16 21:00:00,0.0,1009.982224915856
2021-07-16 22:00:00,0.0,1009.982224915856
2021-07-16 23:00:00,0.0,1009.982224915856
2021-07-17 00:00:00,0.0,1009.982224915856
2021-07-17 01:00:00,0.0,1009.982224915856
2021-07-17 02:00:00,0.0,1009.982224915856
2021-07-17 03:00:00,0.0,1009.982224915856
2021-07-17 04:00:00,0.0,1009.982224915856
2021-07-17 05:00:00,0.0,1009.982224915856
2021-07-17 06:00:00,1.7396406277534924,1009.9532309053935
2021-07-17 07:00:00,0.0,1009.9710059895374
2021-07-17 08:00:00,0.0,1009.9710059895374
2021-07-17 09:00:00,0.0,1009.9710059895374
2021-07-17 10:00:00,0.0,1009.9710059895374
2021-07-17 11:00:00,1.1165627524829835,1009.9523966103294
2021-07-17 12:00:00,0.0,1009.9523966103294
2021-07-17 13:00:00,0.0,1009.9523966103294
2021-07-17 14:00:00,0.0,1009.9523966103294
2021-07-17 15:00:00,0.0,1009.9523966103294
2021-07-17 16:00:00,0.0,1009.9523966103294
2021-07-17 17:00:00,0.0,1009.9523966103294
2021-07-17 18:00:00,0.0,1009.9813906207919
2021-07-17 19:00:00,0.0,1009.9813906207919
2021-07-17 20:00:00,0.0,1009.9813906207919
2021-07-17 21:00:00,0.0,1009.9813906207919
2021-07-17 22:00:00,1.317711522092503,1009.9594287620904
2021-07-17 23:00:00,0.0,1009.9780381412985
2021-07-18 00:00:00,0.0,1009.9780381412985
2021-07-18 01:00:00,1.2532502635578804,1009.9571506369058
2021-07-18 02:00:00,0.0,1009.9571506369058
2021-07-18 03:00:00,0.0,1009.9571506369058
2021-07-18 04:00:00,2.324638004659592,1009.9184066701615
2021-07-18 05:00:00,2.0526824084712407,1009.8841952966869
2021-07-18 06:00:00,0.0,1009.8841952966869
2021-07-18 07:00:00,0.0,1009.8841952966869
2021-07-18 08:00:00,0.0,1009.8841952966869
2021-07-18 09:00:00,0.0,1009.8841952966869
2021-07-18 10:00:00,0.0,1009.9061571553885
2021-07-18 11:00:00,0.0,1009.9061571553885
2021-07-18 12:00:00,0.0,1009.9061571553885
2021-07-18 13:00:00,0.0,1009.9270446597811
2021-07-18 14:00:00,1.078914907817933,1009.9090627446509
2021-07-18 15:00:00,0.0,1009.9090627446509
2021-07-18 16:00:00,0.0,1009.9478067113952
2021-07-18 17:00:00,0.0,1009.9820180848697
2021-07-18 18:00:00,0.0,1009.9820180848697
2021-07-18 19:00:00,1.1423030040012954,1009.9629797014696
2021-07-18 20:00:00,0.0,1009.9629797014696
2021-07-18 21:00:00,0.0,1009.9629797014696
2021-07-18 22:00:00,0.0,1009.9629797014696
2021-07-18 23:00:00,0.0,1009.9629797014696
2021-07-19 00:00:00,0.0,1009.9629797014696
2021-07-19 01:00:00,0.0,1009.9629797014696
2021-07-19 02:00:00,0.0,1009.9809616166
2021-07-19 03:00:00,0.0,1009.9809616166
2021-07-19 04:00:00,0.0,1009.9809616166
2021-07-19 05:00:00,0.0,1009.9809616166
2021-07-19 06:00:00,0.0,1009.9809616166
2021-07-19 07:00:00,1.0611540055345436,1009.9823140999077
2021-07-19 08:00:00,0.0,1009.9823140999077
2021-07-19 09:00:00,0.0,1009.9823140999077
2021-07-19 10:00:00,0.0,1009.9823140999077
2021-07-19 11:00:00,0.0,1009.9823140999077
2021-07-19 12:00:00,1.5570789623693888,1009.9563627838683
2021-07-19 13:00:00,0.0,1009.9563627838683
2021-07-19 14:00:00,0.0,1009.9563627838683
2021-07-19 15:00:00,0.0,1009.9563627838683
2021-07-19 16:00:00,0.0,1009.9563627838683
2021-07-19 17:00:00,1.126126303039165,1009.937594012151
2021-07-19 18:00:00,0.0,1009.937594012151
2021-07-19 19:00:00,0.0,1009.9552799122432
2021-07-19 20:00:00,0.0,1009.9552799122432
2021-07-19 21:00:00,0.0,1009.9552799122432
2021-07-19 22:00:00,0.0,1009.9552799122432
2021-07-19 23:00:00,1.2107100860062152,1009.9351014108098
2021-07-20 00:00:00,0.0,1009.9610527268493
2021-07-20 01:00:00,0.0,1009.9610527268493
2021-07-20 02:00:00,1.7774597153706617,1009.9314283982598
2021-07-20 03:00:00,0.0,1009.9314283982598
2021-07-20 04:00:00,0.0,1009.9314283982598
2021-07-20 05:00:00,0.0,1009.9501971699771
2021-07-20 06:00:00,0.0,1009.9501971699771
2021-07-20 07:00:00,0.0,1009.9501971699771
2021-07-20 08:00:00,0.0,1009.9501971699771
2021-07-20 09:00:00,1.5242721033024313,1009.924792634922
2021-07-20 10:00:00,0.0,1009.924792634922
2021-07-20 11:00:00,0.0,1009.9449711363554
2021-07-20 12:00:00,0.0,1009.9449711363554
2021-07-20 13:00:00,1.0142835830980395,1009.9280664099705
2021-07-20 14:00:00,0.0,1009.95769073856
2021-07-20 15:00:00,0.0,1009.95769073856
2021-07-20 16:00:00,0.0,1009.95769073856
2021-07-20 17:00:00,0.0,1009.95769073856
2021-07-20 18:00:00,0.0,1009.95769073856
2021-07-20 19:00:00,0.0,1009.95769073856
2021-07-20 20:00:00,0.0,1009.95769073856
2021-07-20 21:00:00,0.0,1009.983095273615
2021-07-20 22:00:00,0.0,1009.983095273615
2021-07-20 23:00:00,0.0,1009.983095273615
2021-07-21 00:00:00,0.0,1009.983095273615
2021-07-21 01:00:00,1.3219350295662258,1009.9779677495072
2021-07-21 02:00:00,0.0,1009.9779677495072
2021-07-21 03:00:00,1.371374392381885,1009.9551115096342
2021-07-21 04:00:00,0.0,1009.9551115096342
2021-07-21 05:00:00,0.0,1009.9551115096342
2021-07-21 06:00:00,0.0,1009.9551115096342
2021-07-21 07:00:00,0.0,1009.9551115096342
2021-07-21 08:00:00,0.0,1009.9551115096342
2021-07-21 09:00:00,0.0,1009.9551115096342
2021-07-21 10:00:00,0.0,1009.9551115096342
2021-07-21 11:00:00,0.0,1009.9551115096342
2021-07-21 12:00:00,0.0,1009.9551115096342
2021-07-21 13:00:00,0.0,1009.977143760127
2021-07-21 14:00:00,1.8090532670101425,1009.9469928723435
2021-07-21 15:00:00,0.0,1009.9698491122165
2021-07-21 16:00:00,0.0,1009.9698491122165
2021-07-21 17:00:00,0.0,1009.9698491122165
2021-07-21 18:00:00,0.0,1009.9698491122165
2021-07-21 19:00:00,0.0,1009.9698491122165
2021-07-21 20:00:00,0.0,1009.9698491122165
2021-07-21 21:00:00,0.0,1009.9698491122165
2021-07-21 22:00:00,0.0,1009.9698491122165
2021-07-21 23:00:00,0.0,1009.9698491122165
2021-07-22 00:00:00,0.0,1009.9698491122165
2021-07-22 01:00:00,0.0,1009.9698491122165
2021-07-22 02:00:00,0.0,1010.0
2021-07-22 03:00:00,0.0,1010.0
2021-07-22 04:00:00,0.0,1010.0
2021-07-22 05:00:00,0.0,1010.0
2021-07-22 06:00:00,0.0,1010.0
2021-07-22 07:00:00,0.0,1010.0
2021-07-22 08:00:00,0.0,1010.0
2021-07-22 09:00:00,0.0,1010.0
2021-07-22 10:00:00,0.0,1010.0
2021-07-22 11:00:00,4.107800076488071,1009.9315366653918
2021-07-22 12:00:00,0.0,1009.9315366653918
2021-07-22 13:00:00,0.0,1009.9315366653918
2021-07-22 14:00:00,0.0,1009.9315366653918
2021-07-22 15:00:00,0.0,1009.9315366653918
2021-07-22 16:00:00,1.0991715868955119,1009.9132171389437
2021-07-22 17:00:00,1.114423049810016,1009.8946434214467
2021-07-22 18:00:00,0.0,1009.8946434214467
2021-07-22 19:00:00,0.0,1009.8946434214467
2021-07-22 20:00:00,0.0,1009.8946434214467
2021-07-22 21:00:00,2.7808975924627353,1009.8482951282391
2021-07-22 22:00:00,1.4663197639674586,1009.8238564655063
2021-07-22 23:00:00,0.0,1009.8923198001144
2021-07-23 00:00:00,0.0,1009.8923198001144
2021-07-23 01:00:00,0.0,1009.8923198001144
2021-07-23 02:00:00,0.0,1009.8923198001144
2021-07-23 03:00:00,0.0,1009.8923198001144
2021-07-23 04:00:00,0.0,1009.9106393265627
2021-07-23 05:00:00,0.0,1009.9292130440595
2021-07-23 06:00:00,0.0,1009.9292130440595
2021-07-23 07:00:00,0.0,1009.9292130440595
2021-07-23 08:00:00,1.8265778800219428,1009.8987700793924
2021-07-23 09:00:00,0.0,1009.9451183726002
2021-07-23 10:00:00,0.0,1009.969557035333
2021-07-23 11:00:00,0.0,1009.969557035333
2021-07-23 12:00:00,0.0,1009.969557035333
2021-07-23 13:00:00,0.0,1009.969557035333
2021-07-23 14:00:00,0.0,1009.969557035333
2021-07-23 15:00:00,0.0,1009.969557035333
2021-07-23 16:00:00,1.403611870802529,1009.9461635041529
2021-07-23 17:00:00,0.0,1009.9461635041529
2021-07-23 18:00:00,0.0,1009.9461635041529
2021-07-23 19:00:00,0.0,1009.9461635041529
2021-07-23 20:00:00,0.0,1009.9766064688199
2021-07-23 21:00:00,0.0,1009.9766064688199
2021-07-23 22:00:00,0.0,1009.9766064688199
2021-07-23 23:00:00,0.0,1009.9766064688199
2021-07-24 00:00:00,0.0,1009.9766064688199
2021-07-24 01:00:00,0.0,1009.9766064688199
2021-07-24 02:00:00,1.7579893354008758,1009.9473066465632
2021-07-24 03:00:00,0.0,1009.9473066465632
2021-07-24 04:00:00,0.0,1009.9707001777433
2021-07-24 05:00:00,0.0,1009.9707001777433
2021-07-24 06:00:00,1.5799275595445423,1009.9443680517509
2021-07-24 07:00:00,0.0,1009.9443680517509
2021-07-24 08:00:00,1.2469703718275449,1009.9235852122205
2021-07-24 09:00:00,0.0,1009.9235852122205
2021-07-24 10:00:00,1.4272946777366697,1009.8997969675916
2021-07-24 11:00:00,0.0,1009.8997969675916
2021-07-24 12:00:00,1.1271967268590477,1009.8810103554772
2021-07-24 13:00:00,0.0,1009.8810103554772
2021-07-24 14:00:00,0.0,1009.9103101777339
2021-07-24 15:00:00,0.0,1009.9103101777339
2021-07-24 16:00:00,0.0,1009.9103101777339
2021-07-24 17:00:00,0.0,1009.9103101777339
2021-07-24 18:00:00,0.0,1009.9366423037263
2021-07-24 19:00:00,0.0,1009.9366423037263
2021-07-24 20:00:00,0.0,1009.9574251432567
2021-07-24 21:00:00,0.0,1009.9574251432567
2021-07-24 22:00:00,0.0,1009.9812133878856
2021-07-24 23:00:00,0.0,1009.9812133878856
2021-07-25 00:00:00,0.0,1010.0
2021-07-25 01:00:00,1.1334918558879075,1009.9811084690685
2021-07-25 02:00:00,0.0,1009.9811084690685
2021-07-25 03:00:00,0.0,1009.9811084690685
2021-07-25 04:00:00,2.710398107328489,1009.9359351672797
2021-07-25 05:00:00,0.0,1009.9359351672797
2021-07-25 06:00:00,0.0,1009.9359351672797
2021-07-25 07:00:00,0.0,1009.9359351672797
2021-07-25 08:00:00,0.0,1009.9359351672797
2021-07-25 09:00:00,0.0,1009.9359351672797
2021-07-25 10:00:00,0.0,1009.9359351672797
2021-07-25 11:00:00,0.0,1009.9359351672797
2021-07-25 12:00:00,1.25189692069694,1009.9150702186015
2021-07-25 13:00:00,0.0,1009.933961749533
2021-07-25 14:00:00,0.0,1009.933961749533
2021-07-25 15:00:00,0.0,1009.933961749533
2021-07-25 16:00:00,0.0,1009.9791350513217
2021-07-25 17:00:00,0.0,1009.9791350513217
2021-07-25 18:00:00,0.0,1009.9791350513217
2021-07-25 19:00:00,1.4083992968583194,1009.9556617297075
2021-07-25 20:00:00,0.0,1009.9556617297075
2021-07-25 21:00:00,1.9045603542515228,1009.9239190571366
2021-07-25 22:00:00,0.0,1009.9239190571366
2021-07-25 23:00:00,2.249584343844413,1009.8864259847392
2021-07-26 00:00:00,0.0,1009.9072909334175
2021-07-26 01:00:00,0.0,1009.9072909334175
2021-07-26 02:00:00,0.0,1009.9072909334175
2021-07-26 03:00:00,0.0,1009.9072909334175
2021-07-26 04:00:00,0.0,1009.9072909334175
2021-07-26 05:00:00,0.0,1009.9072909334175
2021-07-26 06:00:00,1.8323182894080934,1009.8767522952606
2021-07-26 07:00:00,0.0,1009.9002256168749
2021-07-26 08:00:00,0.0,1009.9002256168749
2021-07-26 09:00:00,0.0,1009.9319682894458
2021-07-26 10:00:00,0.0,1009.9319682894458
2021-07-26 11:00:00,0.0,1009.9694613618432
2021-07-26 12:00:00,0.0,1009.9694613618432
2021-07-26 13:00:00,0.0,1009.9694613618432
2021-07-26 14:00:00,1.2820252182814165,1009.9480942748719
2021-07-26 15:00:00,0.0,1009.9480942748719
2021-07-26 16:00:00,0.0,1009.9480942748719
2021-07-26 17:00:00,0.0,1009.9480942748719
2021-07-26 18:00:00,0.0,1009.9786329130286
2021-07-26 19:00:00,0.0,1009.9786329130286
2021-07-26 20:00:00,0.0,1009.9786329130286
2021-07-26 21:00:00,0.0,1009.9786329130286
2021-07-26 22:00:00,0.0,1009.9786329130286
2021-07-26 23:00:00,0.0,1009.9786329130286
2021-07-27 00:00:00,0.0,1009.9786329130286
2021-07-27 01:00:00,1.2723198511943532,1009.9574275821755
2021-07-27 02:00:00,0.0,1009.9787946691467
2021-07-27 03:00:00,1.3675975707164012,1009.9560013763015
2021-07-27 04:00:00,0.0,1009.9560013763015
2021-07-27 05:00:00,0.0,1009.9560013763015
2021-07-27 06:00:00,0.0,1009.9560013763015
2021-07-27 07:00:00,0.0,1009.9560013763015
2021-07-27 08:00:00,0.0,1009.9560013763015
2021-07-27 09:00:00,1.7819144575477934,1009.926302802009
2021-07-27 10:00:00,0.0,1009.926302802009
2021-07-27 11:00:00,0.0,1009.926302802009
2021-07-27 12:00:00,1.8314653663912503,1009.8957783792358
2021-07-27 13:00:00,0.0,1009.9169837100891
2021-07-27 14:00:00,0.0,1009.9169837100891
2021-07-27 15:00:00,1.0132841794457774,1009.9228889332769
2021-07-27 16:00:00,2.6113324695276106,1009.8793667254514
2021-07-27 17:00:00,0.0,1009.8793667254514
2021-07-27 18:00:00,0.0,1009.8793667254514
2021-07-27 19:00:00,0.0,1009.8793667254514
2021-07-27 20:00:00,0.0,1009.8793667254514
2021-07-27 21:00:00,0.0,1009.9090652997439
2021-07-27 22:00:00,0.0,1009.9090652997439
2021-07-27 23:00:00,1.214742950716238,1009.8888195838987
2021-07-28 00:00:00,0.0,1009.9193440066718
2021-07-28 01:00:00,0.0,1009.9193440066718
2021-07-28 02:00:00,0.0,1009.9193440066718
2021-07-28 03:00:00,0.0,1009.9362320763292
2021-07-28 04:00:00,1.3798541622019345,1009.9567567147847
2021-07-28 05:00:00,0.0,1009.9567567147847
2021-07-28 06:00:00,0.0,1009.9567567147847
2021-07-28 07:00:00,0.0,1009.9567567147847
2021-07-28 08:00:00,0.0,1009.9567567147847
2021-07-28 09:00:00,1.2812335528560794,1009.935402822237
2021-07-28 10:00:00,1.1668692126803277,1009.9159550020257
2021-07-28 11:00:00,0.0,1009.936200717871
2021-07-28 12:00:00,0.0,1009.936200717871
2021-07-28 13:00:00,0.0,1009.936200717871
2021-07-28 14:00:00,0.0,1009.936200717871
2021-07-28 15:00:00,0.0,1009.936200717871
2021-07-28 16:00:00,0.0,1009.9591982872411
2021-07-28 17:00:00,0.0,1009.9591982872411
2021-07-28 18:00:00,0.0,1009.9591982872411
2021-07-28 19:00:00,1.5665627296452573,1009.9330889084137
2021-07-28 20:00:00,0.0,1009.9330889084137
2021-07-28 21:00:00,0.0,1009.9544428009613
2021-07-28 22:00:00,0.0,1009.9738906211726
2021-07-28 23:00:00,0.0,1009.9738906211726
2021-07-29 00:00:00,0.0,1009.9738906211726
2021-07-29 01:00:00,0.0,1009.9738906211726
2021-07-29 02:00:00,0.0,1009.9738906211726
2021-07-29 03:00:00,0.0,1009.9738906211726
2021-07-29 04:00:00,0.0,1009.9738906211726
2021-07-29 05:00:00,0.0,1009.9738906211726
2021-07-29 06:00:00,6.611833450163866,1009.8636933970032
2021-07-29 07:00:00,0.0,1009.8898027758306
2021-07-29 08:00:00,1.5228814506961532,1009.864421418319
2021-07-29 09:00:00,0.0,1009.864421418319
2021-07-29 10:00:00,0.0,1009.864421418319
2021-07-29 11:00:00,0.0,1009.864421418319
2021-07-29 12:00:00,0.0,1009.864421418319
2021-07-29 13:00:00,0.0,1009.864421418319
2021-07-29 14:00:00,0.0,1009.864421418319
2021-07-29 15:00:00,0.0,1009.864421418319
2021-07-29 16:00:00,0.0,1009.864421418319
2021-07-29 17:00:00,0.0,1009.864421418319
2021-07-29 18:00:00,0.0,1009.9746186424884
2021-07-29 19:00:00,0.0,1009.9746186424884
2021-07-29 20:00:00,0.0,1010.0
2021-07-29 21:00:00,0.0,1010.0
2021-07-29 22:00:00,0.0,1010.0
2021-07-29 23:00:00,0.0,1010.0
2021-07-30 00:00:00,0.0,1010.0
2021-07-30 01:00:00,1.017951596082252,1009.9830341400653
2021-07-30 02:00:00,0.0,1009.9830341400653
2021-07-30 03:00:00,1.4672137274406736,1009.9585805779412
2021-07-30 04:00:00,0.0,1009.9585805779412
2021-07-30 05:00:00,0.0,1009.9585805779412
2021-07-30 06:00:00,0.0,1009.9585805779412
2021-07-30 07:00:00,0.0,1009.9585805779412
2021-07-30 08:00:00,0.0,1009.9585805779412
2021-07-30 09:00:00,0.0,1009.9585805779412
2021-07-30 10:00:00,1.3266243301260174,1009.9364701724392
2021-07-30 11:00:00,0.0,1009.9364701724392
2021-07-30 12:00:00,0.0,1009.9364701724392
2021-07-30 13:00:00,0.0,1009.9534360323739
2021-07-30 14:00:00,0.0,1009.9534360323739
2021-07-30 15:00:00,0.0,1009.9778895944979
2021-07-30 16:00:00,0.0,1009.9778895944979
2021-07-30 17:00:00,0.0,1009.9778895944979
2021-07-30 18:00:00,0.0,1009.9778895944979
2021-07-30 19:00:00,0.0,1009.9778895944979
2021-07-30 20:00:00,0.0,1009.9778895944979
2021-07-30 21:00:00,0.0,1009.9778895944979
2021-07-30 22:00:00,0.0,1010.0
2021-07-30 23:00:00,0.0,1010.0
2021-07-31 00:00:00,0.0,1010.0
2021-07-31 01:00:00,0.0,1010.0
2021-07-31 02:00:00,1.015206940874804,1009.9830798843187
2021-07-31 03:00:00,0.0,1009.9830798843187
2021-07-31 04:00:00,0.0,1009.9830798843187
2021-07-31 05:00:00,2.5069884255931285,1009.9412967438922
2021-07-31 06:00:00,6.170766945644305,1009.8384506281315
2021-07-31 07:00:00,0.0,1009.8384506281315
2021-07-31 08:00:00,1.1599030210952246,1009.8191189111133
2021-07-31 09:00:00,0.0,1009.8191189111133
2021-07-31 10:00:00,0.0,1009.8191189111133
2021-07-31 11:00:00,0.0,1009.8191189111133
2021-07-31 12:00:00,0.0,1009.8191189111133
2021-07-31 13:00:00,1.473826989270321,1009.7945551279587
2021-07-31 14:00:00,0.0,1009.81147524364
2021-07-31 15:00:00,1.7030893509171152,1009.7830904211247
2021-07-31 16:00:00,3.5062028232786586,1009.7246537074034
2021-07-31 17:00:00,0.0,1009.7664368478299
2021-07-31 18:00:00,0.0,1009.8692829635906
2021-07-31 19:00:00,0.0,1009.8692829635906
2021-07-31 20:00:00,0.0,1009.888614680609
2021-07-31 21:00:00,1.063990744586731,1009.8708815015325
2021-07-31 22:00:00,0.0,1009.8708815015325
2021-07-31 23:00:00,0.0,1009.8708815015325
2021-08-01 00:00:00,0.0,1009.8708815015325
2021-08-01 01:00:00,0.0,1009.895445284687
2021-08-01 02:00:00,0.0,1009.895445284687
2021-08-01 03:00:00,0.0,1009.9238301072022
2021-08-01 04:00:00,0.0,1009.9822668209235
2021-08-01 05:00:00,0.0,1009.9822668209235
2021-08-01 06:00:00,0.0,1009.9822668209235
2021-08-01 07:00:00,0.0,1009.9822668209235
2021-08-01 08:00:00,0.0,1009.9822668209235
2021-08-01 09:00:00,0.0,1010.0
2021-08-01 10:00:00,0.0,1010.0
2021-08-01 11:00:00,0.0,1010.0
2021-08-01 12:00:00,1.361995788264292,1009.9773000701956
2021-08-01 13:00:00,1.164227624018431,1009.957896276462
2021-08-01 14:00:00,0.0,1009.957896276462
2021-08-01 15:00:00,0.0,1009.957896276462
2021-08-01 16:00:00,0.0,1009.957896276462
2021-08-01 17:00:00,0.0,1009.957896276462
2021-08-01 18:00:00,0.0,1009.957896276462
2021-08-01 19:00:00,0.0,1009.957896276462
2021-08-01 20:00:00,0.0,1009.957896276462
2021-08-01 21:00:00,0.0,1009.957896276462
2021-08-01 22:00:00,0.0,1009.957896276462
2021-08-01 23:00:00,0.0,1009.957896276462
2021-08-02 00:00:00,2.7043709149706983,1009.9355233576836
2021-08-02 01:00:00,0.0,1009.9549271514171
2021-08-02 02:00:00,0.0,1009.9549271514171
2021-08-02 03:00:00,0.0,1009.9549271514171
2021-08-02 04:00:00,1.368171383386093,1009.9321242950274
2021-08-02 05:00:00,0.0,1009.9321242950274
2021-08-02 06:00:00,0.0,1009.9321242950274
2021-08-02 07:00:00,0.0,1009.9321242950274
2021-08-02 08:00:00,0.0,1009.9321242950274
2021-08-02 09:00:00,0.0,1009.9321242950274
2021-08-02 10:00:00,0.0,1009.9321242950274
2021-08-02 11:00:00,0.0,1009.9321242950274
2021-08-02 12:00:00,0.0,1009.9771971436103
2021-08-02 13:00:00,0.0,1009.9771971436103
2021-08-02 14:00:00,0.0,1009.9771971436103
2021-08-02 15:00:00,3.491362869793387,1009.919007762447
2021-08-02 16:00:00,0.0,1009.9418106188368
2021-08-02 17:00:00,0.0,1009.9418106188368
2021-08-02 18:00:00,0.0,1009.9418106188368
2021-08-02 19:00:00,1.1100471997672878,1009.923309832174
2021-08-02 20:00:00,0.0,1009.923309832174
2021-08-02 21:00:00,0.0,1009.923309832174
2021-08-02 22:00:00,0.0,1009.923309832174
2021-08-02 23:00:00,0.0,1009.923309832174
2021-08-03 00:00:00,0.0,1009.923309832174
2021-08-03 01:00:00,0.0,1009.923309832174
2021-08-03 02:00:00,1.6898342186443442,1009.8951459285299
2021-08-03 03:00:00,0.0,1009.9533353096931
2021-08-03 04:00:00,0.0,1009.9533353096931
2021-08-03 05:00:00,0.0,1009.9533353096931
2021-08-03 06:00:00,0.0,1009.9533353096931
2021-08-03 07:00:00,0.0,1009.9718360963559
2021-08-03 08:00:00,1.9335967150392572,1009.9396094844386
2021-08-03 09:00:00,0.0,1009.9396094844386
2021-08-03 10:00:00,0.0,1009.9396094844386
2021-08-03 11:00:00,0.0,1009.9396094844386
2021-08-03 12:00:00,0.0,1009.9396094844386
2021-08-03 13:00:00,1.250411408943929,1009.9187692942895
2021-08-03 14:00:00,0.0,1009.9469331979336
2021-08-03 15:00:00,0.0,1009.9469331979336
2021-08-03 16:00:00,1.7868812027775718,1009.917151844554
2021-08-03 17:00:00,0.0,1009.917151844554
2021-08-03 18:00:00,0.0,1009.917151844554
2021-08-03 19:00:00,0.0,1009.917151844554
2021-08-03 20:00:00,0.0,1009.9493784564713
2021-08-03 21:00:00,0.0,1009.9493784564713
2021-08-03 22:00:00,0.0,1009.9493784564713
2021-08-03 23:00:00,0.0,1009.9493784564713
2021-08-04 00:00:00,0.0,1009.9493784564713
2021-08-04 01:00:00,0.0,1009.9702186466204
2021-08-04 02:00:00,0.0,1009.9702186466204
2021-08-04 03:00:00,0.0,1009.9702186466204
2021-08-04 04:00:00,0.0,1010.0
2021-08-04 05:00:00,0.0,1010.0
2021-08-04 06:00:00,0.0,1010.0
2021-08-04 07:00:00,0.0,1010.0
2021-08-04 08:00:00,0.0,1010.0
2021-08-04 09:00:00,0.0,1010.0
2021-08-04 10:00:00,0.0,1010.0
2021-08-04 11:00:00,0.0,1010.0
2021-08-04 12:00:00,1.135434738217902,1009.9810760876964
2021-08-04 13:00:00,0.0,1009.9810760876964
2021-08-04 14:00:00,1.6915314316413976,1009.952883897169
2021-08-04 15:00:00,0.0,1009.952883897169
2021-08-04 16:00:00,0.0,1009.952883897169
2021-08-04 17:00:00,0.0,1009.952883897169
2021-08-04 18:00:00,2.9958549114719437,1009.9029529819778
2021-08-04 19:00:00,0.0,1009.9029529819778
2021-08-04 20:00:00,0.0,1009.9029529819778
2021-08-04 21:00:00,1.035394635575595,1009.8856964047183
2021-08-04 22:00:00,1.2647984762008755,1009.8646164301149
2021-08-04 23:00:00,0.0,1009.8646164301149
2021-08-05 00:00:00,0.0,1009.8835403424185
2021-08-05 01:00:00,0.0,1009.8835403424185
2021-08-05 02:00:00,0.0,1009.9117325329458
2021-08-05 03:00:00,0.0,1009.9117325329458
2021-08-05 04:00:00,0.0,1009.9117325329458
2021-08-05 05:00:00,0.0,1009.9117325329458
2021-08-05 06:00:00,0.0,1009.9616634481371
2021-08-05 07:00:00,0.0,1009.9616634481371
2021-08-05 08:00:00,0.0,1009.9616634481371
2021-08-05 09:00:00,0.0,1009.9789200253966
2021-08-05 10:00:00,0.0,1010.0
2021-08-05 11:00:00,0.0,1010.0
2021-08-05 12:00:00,0.0,1010.0
2021-08-05 13:00:00,0.0,1010.0
2021-08-05 14:00:00,0.0,1010.0
2021-08-05 15:00:00,0.0,1010.0
2021-08-05 16:00:00,0.0,1010.0
2021-08-05 17:00:00,0.0,1010.0
2021-08-05 18:00:00,3.5805987857906496,1009.9403233535702
2021-08-05 19:00:00,0.0,1009.9403233535702
2021-08-05 20:00:00,0.0,1009.9403233535702
2021-08-05 21:00:00,1.082123509024567,1009.9222879617531
2021-08-05 22:00:00,0.0,1009.9222879617531
2021-08-05 23:00:00,0.0,1009.9222879617531
2021-08-06 00:00:00,0.0,1009.9222879617531
2021-08-06 01:00:00,0.0,1009.9222879617531
2021-08-06 02:00:00,0.0,1009.9222879617531
2021-08-06 03:00:00,1.4695654907308464,1009.8977952035742
2021-08-06 04:00:00,0.0,1009.8977952035742
2021-08-06 05:00:00,0.0,1009.8977952035742
2021-08-06 06:00:00,0.0,1009.957471850004
2021-08-06 07:00:00,0.0,1009.957471850004
2021-08-06 08:00:00,0.0,1009.957471850004
2021-08-06 09:00:00,0.0,1009.9755072418211
2021-08-06 10:00:00,0.0,1009.9755072418211
2021-08-06 11:00:00,0.0,1009.9755072418211
2021-08-06 12:00:00,0.0,1009.9755072418211
2021-08-06 13:00:00,0.0,1009.9755072418211
2021-08-06 14:00:00,1.4972441503416705,1009.9505531726488
2021-08-06 15:00:00,0.0,1009.9750459308276
2021-08-06 16:00:00,0.0,1009.9750459308276
2021-08-06 17:00:00,0.0,1009.9750459308276
2021-08-06 18:00:00,0.0,1009.9750459308276
2021-08-06 19:00:00,2.540149943843965,1009.9327100984302
2021-08-06 20:00:00,0.0,1009.9327100984302
2021-08-06 21:00:00,0.0,1009.9327100984302
2021-08-06 22:00:00,0.0,1009.9327100984302
2021-08-06 23:00:00,0.0,1009.9327100984302
2021-08-07 00:00:00,0.0,1009.9327100984302
2021-08-07 01:00:00,0.0,1009.9327100984302
2021-08-07 02:00:00,0.0,1009.9576641676026
2021-08-07 03:00:00,0.0,1009.9576641676026
2021-08-07 04:00:00,0.0,1009.9576641676026
2021-08-07 05:00:00,0.0,1009.9576641676026
2021-08-07 06:00:00,0.0,1009.9576641676026
2021-08-07 07:00:00,0.0,1010.0
2021-08-07 08:00:00,0.0,1010.0
2021-08-07 09:00:00,0.0,1010.0
2021-08-07 10:00:00,0.0,1010.0
2021-08-07 11:00:00,0.0,1010.0
2021-08-07 12:00:00,0.0,1010.0
2021-08-07 13:00:00,0.0,1010.0
2021-08-07 14:00:00,0.0,1010.0
2021-08-07 15:00:00,0.0,1010.0
2021-08-07 16:00:00,1.207596907304075,1009.9798733848783
2021-08-07 17:00:00,0.0,1009.9798733848783
2021-08-07 18:00:00,0.0,1009.9798733848783
2021-08-07 19:00:00,1.6668901410408203,1009.9520918825276
2021-08-07 20:00:00,0.0,1009.9520918825276
2021-08-07 21:00:00,0.0,1009.9520918825276
2021-08-07 22:00:00,0.0,1009.9520918825276
2021-08-07 23:00:00,0.0,1009.9520918825276
2021-08-08 00:00:00,0.0,1009.9520918825276
2021-08-08 01:00:00,0.0,1009.9520918825276
2021-08-08 02:00:00,0.0,1009.9520918825276
2021-08-08 03:00:00,0.0,1009.9520918825276
2021-08-08 04:00:00,0.0,1009.9722184976494
2021-08-08 05:00:00,1.101822454176439,1009.9538547900797
2021-08-08 06:00:00,0.0,1009.9538547900797
2021-08-08 07:00:00,0.0,1009.9816362924304
2021-08-08 08:00:00,0.0,1009.9816362924304
2021-08-08 09:00:00,0.0,1009.9816362924304
2021-08-08 10:00:00,0.0,1009.9816362924304
2021-08-08 11:00:00,0.0,1009.9816362924304
2021-08-08 12:00:00,0.0,1009.9816362924304
2021-08-08 13:00:00,1.9734012630353783,1009.9487462713798
2021-08-08 14:00:00,0.0,1009.9487462713798
2021-08-08 15:00:00,1.0239584101275216,1009.9316802978777
2021-08-08 16:00:00,0.0,1009.9316802978777
2021-08-08 17:00:00,0.0,1009.9500440054472
2021-08-08 18:00:00,0.0,1009.9500440054472
2021-08-08 19:00:00,9.47537351069152,1009.7921211136024
2021-08-08 20:00:00,0.0,1009.7921211136024
2021-08-08 21:00:00,0.0,1009.7921211136024
2021-08-08 22:00:00,0.0,1009.7921211136024
2021-08-08 23:00:00,0.0,1009.7921211136024
2021-08-09 00:00:00,0.0,1009.7921211136024
2021-08-09 01:00:00,0.0,1009.825011134653
2021-08-09 02:00:00,0.0,1009.825011134653
2021-08-09 03:00:00,0.0,1009.8420771081552
2021-08-09 04:00:00,0.0,1009.8420771081552
2021-08-09 05:00:00,0.0,1009.8420771081552
2021-08-09 06:00:00,0.0,1009.8420771081552
2021-08-09 07:00:00,0.0,1010.0
2021-08-09 08:00:00,0.0,1010.0
2021-08-09 09:00:00,0.0,1010.0
2021-08-09 10:00:00,0.0,1010.0
2021-08-09 11:00:00,0.0,1010.0
2021-08-09 12:00:00,0.0,1010.0
2021-08-09 13:00:00,0.0,1010.0
2021-08-09 14:00:00,0.0,1010.0
2021-08-09 15:00:00,1.971083966414151,1009.9671486005598
2021-08-09 16:00:00,2.067531705260845,1009.9326897388054
2021-08-09 17:00:00,0.0,1009.9326897388054
2021-08-09 18:00:00,1.4317876430259115,1009.9088266114217
2021-08-09 19:00:00,0.0,1009.9088266114217
2021-08-09 20:00:00,0.0,1009.9088266114217
2021-08-09 21:00:00,0.0,1009.9088266114217
2021-08-09 22:00:00,0.0,1009.9088266114217
2021-08-09 23:00:00,0.0,1009.9088266114217
2021-08-10 00:00:00,1.2430313099671344,1009.8881094229222
2021-08-10 01:00:00,0.0,1009.8881094229222
2021-08-10 02:00:00,0.0,1009.8881094229222
2021-08-10 03:00:00,0.0,1009.9209608223624
2021-08-10 04:00:00,0.0,1009.9554196841168
2021-08-10 05:00:00,1.1530445488549153,1009.9362022749692
2021-08-10 06:00:00,0.0,1009.9600654023529
2021-08-10 07:00:00,2.433564397586398,1009.9195059957266
2021-08-10 08:00:00,0.0,1009.9195059957266
2021-08-10 09:00:00,0.0,1009.9195059957266
2021-08-10 10:00:00,0.0,1009.9195059957266
2021-08-10 11:00:00,1.163308860435826,1009.9001175147192
2021-08-10 12:00:00,0.0,1009.9208347032187
2021-08-10 13:00:00,0.0,1009.9208347032187
2021-08-10 14:00:00,0.0,1009.9208347032187
2021-08-10 15:00:00,0.0,1009.9208347032187
2021-08-10 16:00:00,0.0,1009.9208347032187
2021-08-10 17:00:00,0.0,1009.9400521123663
2021-08-10 18:00:00,3.1143342712368574,1009.888146541179
2021-08-10 19:00:00,0.0,1009.9287059478055
2021-08-10 20:00:00,0.0,1009.9287059478055
2021-08-10 21:00:00,0.0,1009.9287059478055
2021-08-10 22:00:00,1.1563432914087612,1009.9094335596153
2021-08-10 23:00:00,0.0,1009.9288220406225
2021-08-11 00:00:00,0.0,1009.9288220406225
2021-08-11 01:00:00,0.0,1009.9288220406225
2021-08-11 02:00:00,0.0,1009.9288220406225
2021-08-11 03:00:00,0.0,1009.9288220406225
2021-08-11 04:00:00,1.192195999739774,1009.9089521072935
2021-08-11 05:00:00,0.0,1009.9089521072935
2021-08-11 06:00:00,0.0,1009.9608576784808
2021-08-11 07:00:00,0.0,1009.9608576784808
2021-08-11 08:00:00,0.0,1009.9608576784808
2021-08-11 09:00:00,0.0,1009.9608576784808
2021-08-11 10:00:00,0.0,1009.980130066671
2021-08-11 11:00:00,0.0,1009.980130066671
2021-08-11 12:00:00,0.0,1009.980130066671
2021-08-11 13:00:00,0.0,1009.980130066671
2021-08-11 14:00:00,0.0,1009.980130066671
2021-08-11 15:00:00,0.0,1009.980130066671
2021-08-11 16:00:00,0.0,1010.0
2021-08-11 17:00:00,0.0,1010.0
2021-08-11 18:00:00,0.0,1010.0
2021-08-11 19:00:00,3.6738164810139278,1009.9387697253164
2021-08-11 20:00:00,0.0,1009.9387697253164
2021-08-11 21:00:00,0.0,1009.9387697253164
2021-08-11 22:00:00,0.0,1009.9387697253164
2021-08-11 23:00:00,0.0,1009.9387697253164
2021-08-12 00:00:00,0.0,1009.9387697253164
2021-08-12 01:00:00,0.0,1009.9387697253164
2021-08-12 02:00:00,0.0,1009.9387697253164
2021-08-12 03:00:00,0.0,1009.9387697253164
2021-08-12 04:00:00,0.0,1009.9387697253164
2021-08-12 05:00:00,0.0,1009.9387697253164
2021-08-12 06:00:00,0.0,1009.9387697253164
2021-08-12 07:00:00,0.0,1010.0
2021-08-12 08:00:00,0.0,1010.0
2021-08-12 09:00:00,0.0,1010.0
2021-08-12 10:00:00,0.0,1010.0
2021-08-12 11:00:00,0.0,1010.0
2021-08-12 12:00:00,0.0,1010.0
2021-08-12 13:00:00,0.0,1010.0
2021-08-12 14:00:00,0.0,1010.0
2021-08-12 15:00:00,0.0,1010.0
2021-08-12 16:00:00,0.0,1010.0
2021-08-12 17:00:00,0.0,1010.0
2021-08-12 18:00:00,0.0,1010.0
2021-08-12 19:00:00,0.0,1010.0
2021-08-12 20:00:00,0.0,1010.0
2021-08-12 21:00:00,0.0,1010.0
2021-08-12 22:00:00,0.0,1010.0
2021-08-12 23:00:00,0.0,1010.0
2021-08-13 00:00:00,0.0,1010.0
2021-08-13 01:00:00,0.0,1010.0
2021-08-13 02:00:00,0.0,1010.0
2021-08-13 03:00:00,2.0213934910978946,1009.9663101084817
2021-08-13 04:00:00,0.0,1009.9663101084817
2021-08-13 05:00:00,0.0,1009.9663101084817
2021-08-13 06:00:00,0.0,1009.9663101084817
2021-08-13 07:00:00,1.0305464817410526,1009.949134333786
2021-08-13 08:00:00,0.0,1009.949134333786
2021-08-13 09:00:00,1.06539038384085,1009.9313778273887
2021-08-13 10:00:00,0.0,1009.9313778273887
2021-08-13 11:00:00,0.0,1009.9313778273887
2021-08-13 12:00:00,0.0,1009.9313778273887
2021-08-13 13:00:00,0.0,1009.9313778273887
2021-08-13 14:00:00,0.0,1009.9313778273887
2021-08-13 15:00:00,0.0,1009.965067718907
2021-08-13 16:00:00,0.0,1009.965067718907
2021-08-13 17:00:00,0.0,1009.965067718907
2021-08-13 18:00:00,0.0,1009.965067718907
2021-08-13 19:00:00,5.244705561885303,1009.8948317342379
2021-08-13 20:00:00,0.0,1009.8948317342379
2021-08-13 21:00:00,0.0,1009.9125882406353
2021-08-13 22:00:00,0.0,1009.9125882406353
2021-08-13 23:00:00,0.0,1009.9125882406353
2021-08-14 00:00:00,0.0,1009.9125882406353
2021-08-14 01:00:00,0.0,1009.9125882406353
2021-08-14 02:00:00,0.0,1009.9125882406353
2021-08-14 03:00:00,0.0,1009.9125882406353
2021-08-14 04:00:00,0.0,1009.9125882406353
2021-08-14 05:00:00,0.0,1009.9125882406353
2021-08-14 06:00:00,0.0,1009.9125882406353
2021-08-14 07:00:00,0.0,1010.0
2021-08-14 08:00:00,0.0,1010.0
2021-08-14 09:00:00,0.0,1010.0
2021-08-14 10:00:00,0.0,1010.0
2021-08-14 11:00:00,0.0,1010.0
2021-08-14 12:00:00,2.1007535575128102,1009.9649874407081
2021-08-14 13:00:00,0.0,1009.9649874407081
2021-08-14 14:00:00,0.0,1009.9649874407081
2021-08-14 15:00:00,3.8096715425331276,1009.9014929149993
2021-08-14 16:00:00,0.0,1009.9014929149993
2021-08-14 17:00:00,1.4167000993114072,1009.8778812466774
2021-08-14 18:00:00,0.0,1009.8778812466774
2021-08-14 19:00:00,1.191755960586554,1009.8580186473342
2021-08-14 20:00:00,0.0,1009.8580186473342
2021-08-14 21:00:00,0.0,1009.8580186473342
2021-08-14 22:00:00,0.0,1009.8580186473342
2021-08-14 23:00:00,0.0,1009.8580186473342
2021-08-15 00:00:00,0.0,1009.8930312066261
2021-08-15 01:00:00,1.1543573223007506,1009.8737919179212
2021-08-15 02:00:00,0.0,1009.8737919179212
2021-08-15 03:00:00,0.0,1009.93728644363
2021-08-15 04:00:00,0.0,1009.93728644363
2021-08-15 05:00:00,0.0,1009.9608981119519
2021-08-15 06:00:00,0.0,1009.9608981119519
2021-08-15 07:00:00,0.0,1009.980760711295
2021-08-15 08:00:00,0.0,1009.980760711295
2021-08-15 09:00:00,0.0,1009.980760711295
2021-08-15 10:00:00,0.0,1009.980760711295
2021-08-15 11:00:00,0.0,1009.980760711295
2021-08-15 12:00:00,0.0,1009.980760711295
2021-08-15 13:00:00,1.092054093805805,1009.9817990984366
2021-08-15 14:00:00,0.0,1009.9817990984366
2021-08-15 15:00:00,0.0,1009.9817990984366
2021-08-15 16:00:00,0.0,1009.9817990984366
2021-08-15 17:00:00,0.0,1009.9817990984366
2021-08-15 18:00:00,0.0,1009.9817990984366
2021-08-15 19:00:00,0.0,1009.9817990984366
2021-08-15 20:00:00,0.0,1009.9817990984366
2021-08-15 21:00:00,0.0,1009.9817990984366
2021-08-15 22:00:00,0.0,1009.9817990984366
2021-08-15 23:00:00,0.0,1009.9817990984366
2021-08-16 00:00:00,0.0,1009.9817990984366
2021-08-16 01:00:00,0.0,1010.0
2021-08-16 02:00:00,0.0,1010.0
2021-08-16 03:00:00,0.0,1010.0
2021-08-16 04:00:00,0.0,1010.0
2021-08-16 05:00:00,0.0,1010.0
2021-08-16 06:00:00,0.0,1010.0
2021-08-16 07:00:00,0.0,1010.0
2021-08-16 08:00:00,0.0,1010.0
2021-08-16 09:00:00,0.0,1010.0
2021-08-16 10:00:00,0.0,1010.0
2021-08-16 11:00:00,0.0,1010.0
2021-08-16 12:00:00,0.0,1010.0
2021-08-16 13:00:00,0.0,1010.0
2021-08-16 14:00:00,0.0,1010.0
2021-08-16 15:00:00,0.0,1010.0
2021-08-16 16:00:00,0.0,1010.0
2021-08-16 17:00:00,0.0,1010.0
2021-08-16 18:00:00,0.0,1010.0
2021-08-16 19:00:00,0.0,1010.0
2021-08-16 20:00:00,0.0,1010.0
2021-08-16 21:00:00,0.0,1010.0
2021-08-16 22:00:00,0.0,1010.0
2021-08-16 23:00:00,0.0,1010.0
2021-08-17 00:00:00,0.0,1010.0
2021-08-17 01:00:00,0.0,1010.0
2021-08-17 02:00:00,1.929116976825529,1009.9678480503862
2021-08-17 03:00:00,0.0,1009.9678480503862
2021-08-17 04:00:00,0.0,1009.9678480503862
2021-08-17 05:00:00,1.612288195935684,1009.9409765804539
2021-08-17 06:00:00,0.0,1009.9409765804539
2021-08-17 07:00:00,0.0,1009.9409765804539
2021-08-17 08:00:00,0.0,1009.9409765804539
2021-08-17 09:00:00,0.0,1009.9409765804539
2021-08-17 10:00:00,0.0,1009.9409765804539
2021-08-17 11:00:00,0.0,1009.9409765804539
2021-08-17 12:00:00,3.924967351727208,1009.8755604579252
2021-08-17 13:00:00,0.0,1009.8755604579252
2021-08-17 14:00:00,1.5654380782607675,1009.8816217729013
2021-08-17 15:00:00,3.4166099333488535,1009.8246782740122
2021-08-17 16:00:00,0.0,1009.8246782740122
2021-08-17 17:00:00,0.0,1009.8515497439444
2021-08-17 18:00:00,0.0,1009.8515497439444
2021-08-17 19:00:00,0.0,1009.8515497439444
2021-08-17 20:00:00,0.0,1009.8515497439444
2021-08-17 21:00:00,0.0,1009.8515497439444
2021-08-17 22:00:00,2.158121308530718,1009.8155810554689
2021-08-17 23:00:00,0.0,1009.8155810554689
2021-08-18 00:00:00,0.0,1009.8809971779976
2021-08-18 01:00:00,0.0,1009.8809971779976
2021-08-18 02:00:00,2.633390982448727,1009.8631979629279
2021-08-18 03:00:00,0.0,1009.920141461817
2021-08-18 04:00:00,0.0,1009.920141461817
2021-08-18 05:00:00,1.270661545364269,1009.8989637693943
2021-08-18 06:00:00,0.0,1009.8989637693943
2021-08-18 07:00:00,0.0,1009.8989637693943
2021-08-18 08:00:00,0.0,1009.8989637693943
2021-08-18 09:00:00,2.1530215154691588,1009.8630800774698
2021-08-18 10:00:00,0.0,1009.8990487659453
2021-08-18 11:00:00,0.0,1009.8990487659453
2021-08-18 12:00:00,0.0,1009.8990487659453
2021-08-18 13:00:00,0.0,1009.8990487659453
2021-08-18 14:00:00,0.0,1009.9429386156528
2021-08-18 15:00:00,0.0,1009.9429386156528
2021-08-18 16:00:00,0.0,1009.9429386156528
2021-08-18 17:00:00,0.0,1009.9641163080755
2021-08-18 18:00:00,0.0,1009.9641163080755
2021-08-18 19:00:00,0.0,1009.9641163080755
2021-08-18 20:00:00,0.0,1009.9641163080755
2021-08-18 21:00:00,0.0,1010.0
2021-08-18 22:00:00,0.0,1010.0
2021-08-18 23:00:00,0.0,1010.0
2021-08-19 00:00:00,1.0011252524653913,1009.9833145791256
2021-08-19 01:00:00,0.0,1009.9833145791256
2021-08-19 02:00:00,0.0,1009.9833145791256
2021-08-19 03:00:00,0.0,1009.9833145791256
2021-08-19 04:00:00,0.0,1009.9833145791256
2021-08-19 05:00:00,0.0,1009.9833145791256
2021-08-19 06:00:00,0.0,1009.9833145791256
2021-08-19 07:00:00,1.1551653699210314,1009.9640618229603
2021-08-19 08:00:00,0.0,1009.9640618229603
2021-08-19 09:00:00,0.0,1009.9640618229603
2021-08-19 10:00:00,0.0,1009.9640618229603
2021-08-19 11:00:00,2.2330388730748414,1009.926844508409
2021-08-19 12:00:00,0.0,1009.9435299292834
2021-08-19 13:00:00,0.0,1009.9435299292834
2021-08-19 14:00:00,0.0,1009.9435299292834
2021-08-19 15:00:00,0.0,1009.9435299292834
2021-08-19 16:00:00,0.0,1009.9435299292834
2021-08-19 17:00:00,0.0,1009.9435299292834
2021-08-19 18:00:00,0.0,1009.9435299292834
2021-08-19 19:00:00,0.0,1009.9627826854487
2021-08-19 20:00:00,0.0,1009.9627826854487
2021-08-19 21:00:00,0.0,1009.9627826854487
2021-08-19 22:00:00,0.0,1009.9627826854487
2021-08-19 23:00:00,0.0,1010.0
2021-08-20 00:00:00,0.0,1010.0
2021-08-20 01:00:00,0.0,1010.0
2021-08-20 02:00:00,0.0,1010.0
2021-08-20 03:00:00,0.0,1010.0
2021-08-20 04:00:00,0.0,1010.0
2021-08-20 05:00:00,0.0,1010.0
2021-08-20 06:00:00,0.0,1010.0
2021-08-20 07:00:00,0.0,1010.0
2021-08-20 08:00:00,1.2295058959897274,1009.9795082350669
2021-08-20 09:00:00,0.0,1009.9795082350669
2021-08-20 10:00:00,0.0,1009.9795082350669
2021-08-20 11:00:00,0.0,1009.9795082350669
2021-08-20 12:00:00,0.0,1009.9795082350669
2021-08-20 13:00:00,0.0,1009.9795082350669
2021-08-20 14:00:00,0.0,1009.9795082350669
2021-08-20 15:00:00,0.0,1009.9795082350669
2021-08-20 16:00:00,0.0,1009.9795082350669
2021-08-20 17:00:00,0.0,1009.9795082350669
2021-08-20 18:00:00,0.0,1009.9795082350669
2021-08-20 19:00:00,1.18068003868374,1009.9598302344222
2021-08-20 20:00:00,0.0,1009.9803219993553
2021-08-20 21:00:00,0.0,1009.9803219993553
2021-08-20 22:00:00,0.0,1009.9803219993553
2021-08-20 23:00:00,0.0,1009.9803219993553
2021-08-21 00:00:00,0.0,1009.9803219993553
2021-08-21 01:00:00,0.0,1009.9803219993553
2021-08-21 02:00:00,0.0,1009.9803219993553
2021-08-21 03:00:00,0.0,1009.9803219993553
2021-08-21 04:00:00,0.0,1009.9803219993553
2021-08-21 05:00:00,0.0,1009.9803219993553
2021-08-21 06:00:00,0.0,1009.9803219993553
2021-08-21 07:00:00,0.0,1010.0
2021-08-21 08:00:00,0.0,1010.0
2021-08-21 09:00:00,0.0,1010.0
2021-08-21 10:00:00,0.0,1010.0
2021-08-21 11:00:00,4.082367494629505,1009.9319605417562
2021-08-21 12:00:00,0.0,1009.9319605417562
2021-08-21 13:00:00,0.0,1009.9319605417562
2021-08-21 14:00:00,0.0,1009.9319605417562
2021-08-21 15:00:00,0.0,1009.9319605417562
2021-08-21 16:00:00,0.0,1009.9319605417562
2021-08-21 17:00:00,0.0,1009.9319605417562
2021-08-21 18:00:00,0.0,1009.9319605417562
2021-08-21 19:00:00,1.3212881179817084,1009.9099390731232
2021-08-21 20:00:00,0.0,1009.9099390731232
2021-08-21 21:00:00,0.0,1009.9099390731232
2021-08-21 22:00:00,0.0,1009.9099390731232
2021-08-21 23:00:00,1.1673589304942333,1009.958522549192
2021-08-22 00:00:00,0.0,1009.958522549192
2021-08-22 01:00:00,0.0,1009.958522549192
2021-08-22 02:00:00,0.0,1009.958522549192
2021-08-22 03:00:00,0.0,1009.958522549192
2021-08-22 04:00:00,0.0,1009.958522549192
2021-08-22 05:00:00,0.0,1009.958522549192
2021-08-22 06:00:00,0.0,1009.958522549192
2021-08-22 07:00:00,0.0,1009.9805440178251
2021-08-22 08:00:00,0.0,1009.9805440178251
2021-08-22 09:00:00,0.0,1009.9805440178251
2021-08-22 10:00:00,0.0,1009.9805440178251
2021-08-22 11:00:00,0.0,1010.0
2021-08-22 12:00:00,0.0,1010.0
2021-08-22 13:00:00,0.0,1010.0
2021-08-22 14:00:00,0.0,1010.0
2021-08-22 15:00:00,0.0,1010.0
2021-08-22 16:00:00,0.0,1010.0
2021-08-22 17:00:00,0.0,1010.0
2021-08-22 18:00:00,0.0,1010.0
2021-08-22 19:00:00,0.0,1010.0
2021-08-22 20:00:00,0.0,1010.0
2021-08-22 21:00:00,0.0,1010.0
2021-08-22 22:00:00,0.0,1010.0
2021-08-22 23:00:00,0.0,1010.0
2021-08-23 00:00:00,0.0,1010.0
2021-08-23 01:00:00,0.0,1010.0
2021-08-23 02:00:00,0.0,1010.0
2021-08-23 03:00:00,0.0,1010.0
2021-08-23 04:00:00,0.0,1010.0
2021-08-23 05:00:00,0.0,1010.0
2021-08-23 06:00:00,0.0,1010.0
2021-08-23 07:00:00,0.0,1010.0
2021-08-23 08:00:00,0.0,1010.0
2021-08-23 09:00:00,0.0,1010.0
2021-08-23 10:00:00,0.0,1010.0
2021-08-23 11:00:00,0.0,1010.0
2021-08-23 12:00:00,0.0,1010.0
2021-08-23 13:00:00,0.0,1010.0
2021-08-23 14:00:00,0.0,1010.0
2021-08-23 15:00:00,0.0,1010.0
2021-08-23 16:00:00,0.0,1010.0
2021-08-23 17:00:00,1.287607988348566,1009.9785398668608
2021-08-23 18:00:00,0.0,1009.9785398668608
2021-08-23 19:00:00,0.0,1009.9785398668608
2021-08-23 20:00:00,0.0,1009.9785398668608
2021-08-23 21:00:00,0.0,1009.9785398668608
2021-08-23 22:00:00,0.0,1009.9785398668608
2021-08-23 23:00:00,0.0,1009.9785398668608
2021-08-24 00:00:00,0.0,1009.9785398668608
2021-08-24 01:00:00,0.0,1009.9785398668608
2021-08-24 02:00:00,0.0,1009.9785398668608
2021-08-24 03:00:00,0.0,1009.9785398668608
2021-08-24 04:00:00,0.0,1009.9785398668608
2021-08-24 05:00:00,0.0,1010.0
2021-08-24 06:00:00,0.0,1010.0
2021-08-24 07:00:00,0.0,1010.0
2021-08-24 08:00:00,0.0,1010.0
2021-08-24 09:00:00,0.0,1010.0
2021-08-24 10:00:00,0.0,1010.0
2021-08-24 11:00:00,0.0,1010.0
2021-08-24 12:00:00,0.0,1010.0
2021-08-24 13:00:00,0.0,1010.0
2021-08-24 14:00:00,0.0,1010.0
2021-08-24 15:00:00,0.0,1010.0
2021-08-24 16:00:00,0.0,1010.0
2021-08-24 17:00:00,0.0,1010.0
2021-08-24 18:00:00,1.0514812567915204,1009.9824753123868
2021-08-24 19:00:00,0.0,1009.9824753123868
2021-08-24 20:00:00,0.0,1009.9824753123868
2021-08-24 21:00:00,0.0,1009.9824753123868
2021-08-24 22:00:00,0.0,1009.9824753123868
2021-08-24 23:00:00,1.1793479995335425,1009.9628195123946
2021-08-25 00:00:00,0.0,1009.9628195123946
2021-08-25 01:00:00,0.0,1009.9628195123946
2021-08-25 02:00:00,0.0,1009.9628195123946
2021-08-25 03:00:00,0.0,1009.9628195123946
2021-08-25 04:00:00,2.0738965670063196,1009.9282545696111
2021-08-25 05:00:00,0.0,1009.9282545696111
2021-08-25 06:00:00,0.0,1009.9457792572243
2021-08-25 07:00:00,0.0,1009.9457792572243
2021-08-25 08:00:00,0.0,1009.9457792572243
2021-08-25 09:00:00,0.0,1009.9457792572243
2021-08-25 10:00:00,1.1945536058603627,1009.92587003046
2021-08-25 11:00:00,0.0,1009.9455258304522
2021-08-25 12:00:00,0.0,1009.9455258304522
2021-08-25 13:00:00,0.0,1009.9455258304522
2021-08-25 14:00:00,0.0,1009.9455258304522
2021-08-25 15:00:00,0.0,1009.9455258304522
2021-08-25 16:00:00,0.0,1009.9800907732357
2021-08-25 17:00:00,0.0,1009.9800907732357
2021-08-25 18:00:00,0.0,1009.9800907732357
2021-08-25 19:00:00,0.0,1009.9800907732357
2021-08-25 20:00:00,0.0,1009.9800907732357
2021-08-25 21:00:00,0.0,1009.9800907732357
2021-08-25 22:00:00,0.0,1010.0
2021-08-25 23:00:00,0.0,1010.0
2021-08-26 00:00:00,0.0,1010.0
2021-08-26 01:00:00,0.0,1010.0
2021-08-26 02:00:00,0.0,1010.0
2021-08-26 03:00:00,0.0,1010.0
2021-08-26 04:00:00,0.0,1010.0
2021-08-26 05:00:00,0.0,1010.0
2021-08-26 06:00:00,0.0,1010.0
2021-08-26 07:00:00,0.0,1010.0
2021-08-26 08:00:00,0.0,1010.0
2021-08-26 09:00:00,0.0,1010.0
2021-08-26 10:00:00,0.0,1010.0
2021-08-26 11:00:00,0.0,1010.0
2021-08-26 12:00:00,0.0,1010.0
2021-08-26 13:00:00,0.0,1010.0
2021-08-26 14:00:00,0.0,1010.0
2021-08-26 15:00:00,0.0,1010.0
2021-08-26 16:00:00,0.0,1010.0
2021-08-26 17:00:00,0.0,1010.0
2021-08-26 18:00:00,0.0,1010.0
2021-08-26 19:00:00,0.0,1010.0
2021-08-26 20:00:00,0.0,1010.0
2021-08-26 21:00:00,0.0,1010.0
2021-08-26 22:00:00,0.0,1010.0
2021-08-26 23:00:00,0.0,1010.0
2021-08-27 00:00:00,0.0,1010.0
2021-08-27 01:00:00,0.0,1010.0
2021-08-27 02:00:00,0.0,1010.0
2021-08-27 03:00:00,0.0,1010.0
2021-08-27 04:00:00,0.0,1010.0
2021-08-27 05:00:00,0.0,1010.0
2021-08-27 06:00:00,0.0,1010.0
2021-08-27 07:00:00,0.0,1010.0
2021-08-27 08:00:00,1.1239678212756141,1009.9812672029788
2021-08-27 09:00:00,0.0,1009.9812672029788
2021-08-27 10:00:00,0.0,1009.9812672029788
2021-08-27 11:00:00,0.0,1009.9812672029788
2021-08-27 12:00:00,0.0,1009.9812672029788
2021-08-27 13:00:00,0.0,1009.9812672029788
2021-08-27 14:00:00,0.0,1009.9812672029788
2021-08-27 15:00:00,1.0250731930243266,1009.9641826497617
2021-08-27 16:00:00,0.0,1009.9641826497617
2021-08-27 17:00:00,0.0,1009.9641826497617
2021-08-27 18:00:00,0.0,1009.9641826497617
2021-08-27 19:00:00,0.0,1009.9641826497617
2021-08-27 20:00:00,0.0,1009.982915446783
2021-08-27 21:00:00,0.0,1009.982915446783
2021-08-27 22:00:00,0.0,1009.982915446783
2021-08-27 23:00:00,0.0,1009.982915446783
2021-08-28 00:00:00,0.0,1009.982915446783
2021-08-28 01:00:00,0.0,1009.982915446783
2021-08-28 02:00:00,0.0,1009.982915446783
2021-08-28 03:00:00,0.0,1010.0
2021-08-28 04:00:00,0.0,1010.0
2021-08-28 05:00:00,1.2069045573226878,1009.9798849240447
2021-08-28 06:00:00,0.0,1009.9798849240447
2021-08-28 07:00:00,0.0,1009.9798849240447
2021-08-28 08:00:00,2.32331971052682,1009.9411629288692
2021-08-28 09:00:00,0.0,1009.9411629288692
2021-08-28 10:00:00,0.0,1009.9411629288692
2021-08-28 11:00:00,0.0,1009.9411629288692
2021-08-28 12:00:00,0.0,1009.9411629288692
2021-08-28 13:00:00,1.2941007712938104,1009.9195945826809
2021-08-28 14:00:00,2.8139447402644455,1009.8726955036765
2021-08-28 15:00:00,0.0,1009.8726955036765
2021-08-28 16:00:00,0.0,1009.8726955036765
2021-08-28 17:00:00,0.0,1009.8928105796319
2021-08-28 18:00:00,0.0,1009.8928105796319
2021-08-28 19:00:00,1.5094057329397876,1009.8676538174162
2021-08-28 20:00:00,0.0,1009.9063758125917
2021-08-28 21:00:00,0.0,1009.9063758125917
2021-08-28 22:00:00,0.0,1009.9063758125917
2021-08-28 23:00:00,0.0,1009.9063758125917
2021-08-29 00:00:00,0.0,1009.9063758125917
2021-08-29 01:00:00,0.0,1009.92794415878
2021-08-29 02:00:00,0.0,1009.9748432377843
2021-08-29 03:00:00,0.0,1009.9748432377843
2021-08-29 04:00:00,0.0,1009.9748432377843
2021-08-29 05:00:00,0.0,1009.9748432377843
2021-08-29 06:00:00,0.0,1009.9748432377843
2021-08-29 07:00:00,0.0,1010.0
2021-08-29 08:00:00,1.8498008859823063,1009.9691699852336
2021-08-29 09:00:00,0.0,1009.9691699852336
2021-08-29 10:00:00,0.0,1009.9691699852336
2021-08-29 11:00:00,0.0,1009.9691699852336
2021-08-29 12:00:00,0.0,1009.9691699852336
2021-08-29 13:00:00,0.0,1009.9691699852336
2021-08-29 14:00:00,0.0,1009.9691699852336
2021-08-29 15:00:00,0.0,1009.9691699852336
2021-08-29 16:00:00,0.0,1009.9691699852336
2021-08-29 17:00:00,0.0,1009.9691699852336
2021-08-29 18:00:00,0.0,1009.9691699852336
2021-08-29 19:00:00,0.0,1009.9691699852336
2021-08-29 20:00:00,0.0,1010.0
2021-08-29 21:00:00,0.0,1010.0
2021-08-29 22:00:00,0.0,1010.0
2021-08-29 23:00:00,0.0,1010.0
2021-08-30 00:00:00,0.0,1010.0
2021-08-30 01:00:00,0.0,1010.0
2021-08-30 02:00:00,1.2568008740462004,1009.9790533187659
2021-08-30 03:00:00,0.0,1009.9790533187659
2021-08-30 04:00:00,0.0,1009.9790533187659
2021-08-30 05:00:00,0.0,1009.9790533187659
2021-08-30 06:00:00,0.0,1009.9790533187659
2021-08-30 07:00:00,0.0,1009.9790533187659
2021-08-30 08:00:00,2.846157789166469,1009.9316173556131
2021-08-30 09:00:00,0.0,1009.9316173556131
2021-08-30 10:00:00,0.0,1009.9316173556131
2021-08-30 11:00:00,0.0,1009.9316173556131
2021-08-30 12:00:00,1.0282368094349037,1009.9144800754559
2021-08-30 13:00:00,0.0,1009.9144800754559
2021-08-30 14:00:00,0.0,1009.9354267566899
2021-08-30 15:00:00,0.0,1009.9354267566899
2021-08-30 16:00:00,0.0,1009.9354267566899
2021-08-30 17:00:00,3.330044595079972,1009.8799260134386
2021-08-30 18:00:00,0.0,1009.8799260134386
2021-08-30 19:00:00,0.0,1009.8799260134386
2021-08-30 20:00:00,1.1840593934370056,1009.9076276533675
2021-08-30 21:00:00,0.0,1009.9076276533675
2021-08-30 22:00:00,0.0,1009.9076276533675
2021-08-30 23:00:00,0.0,1009.9076276533675
2021-08-31 00:00:00,0.0,1009.9247649335247
2021-08-31 01:00:00,0.0,1009.9247649335247
2021-08-31 02:00:00,0.0,1009.9247649335247
2021-08-31 03:00:00,0.0,1009.9247649335247
2021-08-31 04:00:00,0.0,1009.9247649335247
2021-08-31 05:00:00,0.0,1009.9802656767761
2021-08-31 06:00:00,0.0,1009.9802656767761
2021-08-31 07:00:00,0.0,1009.9802656767761
2021-08-31 08:00:00,0.0,1010.0
2021-08-31 09:00:00,0.0,1010.0
2021-08-31 10:00:00,0.0,1010.0
2021-08-31 11:00:00,0.0,1010.0
2021-08-31 12:00:00,1.226066568418886,1009.979565557193
2021-08-31 13:00:00,0.0,1009.979565557193
2021-08-31 14:00:00,0.0,1009.979565557193
2021-08-31 15:00:00,0.0,1009.979565557193
2021-08-31 16:00:00,0.0,1009.979565557193
2021-08-31 17:00:00,0.0,1009.979565557193
2021-08-31 18:00:00,0.0,1009.979565557193
2021-08-31 19:00:00,1.8793473165719323,1009.9482431019168
2021-08-31 20:00:00,1.9499470302822246,1009.9157439847454
2021-08-31 21:00:00,0.0,1009.9157439847454
2021-08-31 22:00:00,0.0,1009.9157439847454
2021-08-31 23:00:00,1.5660855432819014,1009.8896425590241
2021-09-01 00:00:00,0.0,1009.910077001831
2021-09-01 01:00:00,0.0,1009.910077001831
2021-09-01 02:00:00,0.0,1009.910077001831
2021-09-01 03:00:00,0.0,1009.910077001831
2021-09-01 04:00:00,0.0,1009.910077001831
2021-09-01 05:00:00,0.0,1009.910077001831
2021-09-01 06:00:00,0.0,1009.910077001831
2021-09-01 07:00:00,0.0,1009.9413994571073
2021-09-01 08:00:00,0.0,1009.9738985742787
2021-09-01 09:00:00,0.0,1009.9738985742787
2021-09-01 10:00:00,0.0,1009.9738985742787
2021-09-01 11:00:00,0.0,1010.0
2021-09-01 12:00:00,0.0,1010.0
2021-09-01 13:00:00,0.0,1010.0
2021-09-01 14:00:00,0.0,1010.0
2021-09-01 15:00:00,0.0,1010.0
2021-09-01 16:00:00,0.0,1010.0
2021-09-01 17:00:00,0.0,1010.0
2021-09-01 18:00:00,0.0,1010.0
2021-09-01 19:00:00,0.0,1010.0
2021-09-01 20:00:00,0.0,1010.0
2021-09-01 21:00:00,0.0,1010.0
2021-09-01 22:00:00,0.0,1010.0
2021-09-01 23:00:00,0.0,1010.0
2021-09-02 00:00:00,0.0,1010.0
2021-09-02 01:00:00,0.0,1010.0
2021-09-02 02:00:00,0.0,1010.0
2021-09-02 03:00:00,0.0,1010.0
2021-09-02 04:00:00,0.0,1010.0
2021-09-02 05:00:00,0.0,1010.0
2021-09-02 06:00:00,0.0,1010.0
2021-09-02 07:00:00,0.0,1010.0
2021-09-02 08:00:00,1.2504505894146338,1009.9791591568431
2021-09-02 09:00:00,0.0,1009.9791591568431
2021-09-02 10:00:00,0.0,1009.9791591568431
2021-09-02 11:00:00,0.0,1009.9791591568431
2021-09-02 12:00:00,1.1132732777585646,1009.9606046022138
2021-09-02 13:00:00,0.0,1009.9606046022138
2021-09-02 14:00:00,0.0,1009.9606046022138
2021-09-02 15:00:00,0.0,1009.9606046022138
2021-09-02 16:00:00,0.0,1009.9606046022138
2021-09-02 17:00:00,0.0,1009.9606046022138
2021-09-02 18:00:00,0.0,1009.9606046022138
2021-09-02 19:00:00,1.483093016848437,1009.9358863852663
2021-09-02 20:00:00,0.0,1009.9567272284232
2021-09-02 21:00:00,0.0,1009.9567272284232
2021-09-02 22:00:00,0.0,1009.9567272284232
2021-09-02 23:00:00,0.0,1009.9567272284232
2021-09-03 00:00:00,0.0,1009.9752817830525
2021-09-03 01:00:00,0.0,1009.9752817830525
2021-09-03 02:00:00,0.0,1009.9752817830525
2021-09-03 03:00:00,0.0,1009.9752817830525
2021-09-03 04:00:00,1.0551507101584443,1009.9576959378833
2021-09-03 05:00:00,0.0,1009.9576959378833
2021-09-03 06:00:00,0.0,1009.9576959378833
2021-09-03 07:00:00,1.1733992420830774,1009.962857500796
2021-09-03 08:00:00,0.0,1009.962857500796
2021-09-03 09:00:00,0.0,1009.962857500796
2021-09-03 10:00:00,0.0,1009.962857500796
2021-09-03 11:00:00,0.0,1009.962857500796
2021-09-03 12:00:00,0.0,1009.962857500796
2021-09-03 13:00:00,0.0,1009.962857500796
2021-09-03 14:00:00,0.0,1009.962857500796
2021-09-03 15:00:00,0.0,1009.962857500796
2021-09-03 16:00:00,0.0,1009.9804433459652
2021-09-03 17:00:00,0.0,1009.9804433459652
2021-09-03 18:00:00,0.0,1009.9804433459652
2021-09-03 19:00:00,0.0,1010.0
2021-09-03 20:00:00,0.0,1010.0
2021-09-03 21:00:00,0.0,1010.0
2021-09-03 22:00:00,0.0,1010.0
2021-09-03 23:00:00,0.0,1010.0
2021-09-04 00:00:00,0.0,1010.0
2021-09-04 01:00:00,0.0,1010.0
2021-09-04 02:00:00,0.0,1010.0
2021-09-04 03:00:00,1.535392183076782,1009.9744101302821
2021-09-04 04:00:00,0.0,1009.9744101302821
2021-09-04 05:00:00,0.0,1009.9744101302821
2021-09-04 06:00:00,0.0,1009.9744101302821
2021-09-04 07:00:00,0.0,1009.9744101302821
2021-09-04 08:00:00,0.0,1009.9744101302821
2021-09-04 09:00:00,0.0,1009.9744101302821
2021-09-04 10:00:00,1.2677171661445685,1009.9532815108463
2021-09-04 11:00:00,1.0573578824654493,1009.9356588794719
2021-09-04 12:00:00,0.0,1009.9356588794719
2021-09-04 13:00:00,0.0,1009.9356588794719
2021-09-04 14:00:00,0.0,1009.9356588794719
2021-09-04 15:00:00,3.520698473964014,1009.9025704412904
2021-09-04 16:00:00,0.0,1009.9025704412904
2021-09-04 17:00:00,0.0,1009.9025704412904
2021-09-04 18:00:00,0.0,1009.9025704412904
2021-09-04 19:00:00,2.410108404606924,1009.8624019678804
2021-09-04 20:00:00,0.0,1009.8624019678804
2021-09-04 21:00:00,0.0,1009.8624019678804
2021-09-04 22:00:00,2.6452087676051077,1009.8394437745227
2021-09-04 23:00:00,0.0,1009.8570664058971
2021-09-05 00:00:00,0.0,1009.8570664058971
2021-09-05 01:00:00,1.1090991145995308,1009.8385814206538
2021-09-05 02:00:00,0.0,1009.8385814206538
2021-09-05 03:00:00,0.0,1009.8972597285532
2021-09-05 04:00:00,0.0,1009.8972597285532
2021-09-05 05:00:00,0.0,1009.8972597285532
2021-09-05 06:00:00,2.489096099264616,1009.8557747935654
2021-09-05 07:00:00,0.0,1009.8959432669756
2021-09-05 08:00:00,1.1066587289432799,1009.8774989548265
2021-09-05 09:00:00,0.0,1009.8774989548265
2021-09-05 10:00:00,1.2854055194359315,1009.900162342296
2021-09-05 11:00:00,0.0,1009.900162342296
2021-09-05 12:00:00,0.0,1009.900162342296
2021-09-05 13:00:00,0.0,1009.9186473275392
2021-09-05 14:00:00,0.0,1009.9186473275392
2021-09-05 15:00:00,0.0,1009.9186473275392
2021-09-05 16:00:00,0.0,1009.9186473275392
2021-09-05 17:00:00,2.4916606889898123,1009.8771196493894
2021-09-05 18:00:00,0.0,1009.9186045843771
2021-09-05 19:00:00,0.0,1009.9186045843771
2021-09-05 20:00:00,1.4852099060361748,1009.9122953980923
2021-09-05 21:00:00,0.0,1009.9122953980923
2021-09-05 22:00:00,0.0,1009.9337188234163
2021-09-05 23:00:00,0.0,1009.9337188234163
2021-09-06 00:00:00,0.0,1009.9337188234163
2021-09-06 01:00:00,0.0,1009.9337188234163
2021-09-06 02:00:00,0.0,1009.9337188234163
2021-09-06 03:00:00,0.0,1009.9337188234163
2021-09-06 04:00:00,0.0,1009.9337188234163
2021-09-06 05:00:00,0.0,1009.9752465015661
2021-09-06 06:00:00,0.0,1009.9752465015661
2021-09-06 07:00:00,0.0,1009.9752465015661
2021-09-06 08:00:00,0.0,1010.0
2021-09-06 09:00:00,0.0,1010.0
2021-09-06 10:00:00,0.0,1010.0
2021-09-06 11:00:00,0.0,1010.0
2021-09-06 12:00:00,0.0,1010.0
2021-09-06 13:00:00,1.0051805194763772,1009.9832469913421
2021-09-06 14:00:00,0.0,1009.9832469913421
2021-09-06 15:00:00,0.0,1009.9832469913421
2021-09-06 16:00:00,0.0,1009.9832469913421
2021-09-06 17:00:00,1.1359617107544038,1009.9643142961628
2021-09-06 18:00:00,0.0,1009.9643142961628
2021-09-06 19:00:00,0.0,1009.9643142961628
2021-09-06 20:00:00,0.0,1009.9643142961628
2021-09-06 21:00:00,0.0,1009.9643142961628
2021-09-06 22:00:00,0.0,1009.9643142961628
2021-09-06 23:00:00,0.0,1009.9643142961628
2021-09-07 00:00:00,0.0,1009.9643142961628
2021-09-07 01:00:00,0.0,1009.9810673048207
2021-09-07 02:00:00,0.0,1009.9810673048207
2021-09-07 03:00:00,0.0,1009.9810673048207
2021-09-07 04:00:00,1.0001432603002853,1009.9643982504824
2021-09-07 05:00:00,0.0,1009.9833309456617
2021-09-07 06:00:00,0.0,1009.9833309456617
2021-09-07 07:00:00,0.0,1009.9833309456617
2021-09-07 08:00:00,1.2413142167204185,1009.962642375383
2021-09-07 09:00:00,0.0,1009.962642375383
2021-09-07 10:00:00,0.0,1009.962642375383
2021-09-07 11:00:00,0.0,1009.962642375383
2021-09-07 12:00:00,0.0,1009.962642375383
2021-09-07 13:00:00,0.0,1009.962642375383
2021-09-07 14:00:00,0.0,1009.962642375383
2021-09-07 15:00:00,0.0,1009.962642375383
2021-09-07 16:00:00,0.0,1009.9793114297213
2021-09-07 17:00:00,0.0,1009.9793114297213
2021-09-07 18:00:00,0.0,1009.9793114297213
2021-09-07 19:00:00,0.0,1009.9793114297213
2021-09-07 20:00:00,0.0,1010.0
2021-09-07 21:00:00,0.0,1010.0
2021-09-07 22:00:00,0.0,1010.0
2021-09-07 23:00:00,2.2359640447069404,1009.9627339325882
2021-09-08 00:00:00,0.0,1009.9627339325882
2021-09-08 01:00:00,0.0,1009.9627339325882
2021-09-08 02:00:00,2.1666350591641086,1009.9266233482688
2021-09-08 03:00:00,0.0,1009.9266233482688
2021-09-08 04:00:00,1.9638903070715745,1009.893891843151
2021-09-08 05:00:00,0.0,1009.893891843151
2021-09-08 06:00:00,0.0,1009.893891843151
2021-09-08 07:00:00,0.0,1009.893891843151
2021-09-08 08:00:00,0.0,1009.893891843151
2021-09-08 09:00:00,0.0,1009.893891843151
2021-09-08 10:00:00,0.0,1009.893891843151
2021-09-08 11:00:00,0.0,1009.9311579105628
2021-09-08 12:00:00,1.2623087598490481,1009.9101194312319
2021-09-08 13:00:00,2.3106299466097395,1009.8716089321217
2021-09-08 14:00:00,0.0,1009.9077195164411
2021-09-08 15:00:00,2.0968831238439556,1009.8727714643771
2021-09-08 16:00:00,0.0,1009.9055029694949
2021-09-08 17:00:00,1.8525020069663736,1009.8746279360455
2021-09-08 18:00:00,0.0,1009.8746279360455
2021-09-08 19:00:00,0.0,1009.8746279360455
2021-09-08 20:00:00,0.0,1009.8746279360455
2021-09-08 21:00:00,0.0,1009.8746279360455
2021-09-08 22:00:00,0.0,1009.8746279360455
2021-09-08 23:00:00,0.0,1009.8746279360455
2021-09-09 00:00:00,0.0,1009.8956664153764
2021-09-09 01:00:00,0.0,1009.9341769144864
2021-09-09 02:00:00,0.0,1009.9341769144864
2021-09-09 03:00:00,0.0,1009.9691249665506
2021-09-09 04:00:00,1.1899912515325206,1009.949291779025
2021-09-09 05:00:00,0.0,1009.9801668124744
2021-09-09 06:00:00,0.0,1009.9801668124744
2021-09-09 07:00:00,0.0,1009.9801668124744
2021-09-09 08:00:00,0.0,1009.9801668124744
2021-09-09 09:00:00,0.0,1009.9801668124744
2021-09-09 10:00:00,1.519354850203043,1009.9548442316377
2021-09-09 11:00:00,0.0,1009.9548442316377
2021-09-09 12:00:00,1.1624858466185857,1009.9354694675275
2021-09-09 13:00:00,0.0,1009.9354694675275
2021-09-09 14:00:00,0.0,1009.9354694675275
2021-09-09 15:00:00,0.0,1009.9354694675275
2021-09-09 16:00:00,0.0,1009.955302655053
2021-09-09 17:00:00,0.0,1009.955302655053
2021-09-09 18:00:00,0.0,1009.955302655053
2021-09-09 19:00:00,0.0,1009.955302655053
2021-09-09 20:00:00,0.0,1009.955302655053
2021-09-09 21:00:00,0.0,1009.955302655053
2021-09-09 22:00:00,1.3436988163416825,1009.9582302556173
2021-09-09 23:00:00,0.0,1009.9582302556173
2021-09-10 00:00:00,0.0,1009.9776050197277
2021-09-10 01:00:00,0.0,1009.9776050197277
2021-09-10 02:00:00,0.0,1009.9776050197277
2021-09-10 03:00:00,0.0,1009.9776050197277
2021-09-10 04:00:00,0.0,1009.9776050197277
2021-09-10 05:00:00,0.0,1009.9776050197277
2021-09-10 06:00:00,0.0,1009.9776050197277
2021-09-10 07:00:00,0.0,1009.9776050197277
2021-09-10 08:00:00,0.0,1009.9776050197277
2021-09-10 09:00:00,0.0,1009.9776050197277
2021-09-10 10:00:00,0.0,1010.0
2021-09-10 11:00:00,0.0,1010.0
2021-09-10 12:00:00,0.0,1010.0
2021-09-10 13:00:00,0.0,1010.0
2021-09-10 14:00:00,0.0,1010.0
2021-09-10 15:00:00,0.0,1010.0
2021-09-10 16:00:00,0.0,1010.0
2021-09-10 17:00:00,0.0,1010.0
2021-09-10 18:00:00,0.0,1010.0
2021-09-10 19:00:00,0.0,1010.0
2021-09-10 20:00:00,0.0,1010.0
2021-09-10 21:00:00,0.0,1010.0
2021-09-10 22:00:00,0.0,1010.0
2021-09-10 23:00:00,0.0,1010.0
2021-09-11 00:00:00,0.0,1010.0
2021-09-11 01:00:00,1.1702895717709652,1009.9804951738038
2021-09-11 02:00:00,0.0,1009.9804951738038
2021-09-11 03:00:00,0.0,1009.9804951738038
2021-09-11 04:00:00,0.0,1009.9804951738038
2021-09-11 05:00:00,0.0,1009.9804951738038
2021-09-11 06:00:00,0.0,1009.9804951738038
2021-09-11 07:00:00,0.0,1009.9804951738038
2021-09-11 08:00:00,0.0,1009.9804951738038
2021-09-11 09:00:00,0.0,1009.9804951738038
2021-09-11 10:00:00,0.0,1009.9804951738038
2021-09-11 11:00:00,0.0,1009.9804951738038
2021-09-11 12:00:00,0.0,1009.9804951738038
2021-09-11 13:00:00,0.0,1010.0
2021-09-11 14:00:00,0.0,1010.0
2021-09-11 15:00:00,0.0,1010.0
2021-09-11 16:00:00,0.0,1010.0
2021-09-11 17:00:00,0.0,1010.0
2021-09-11 18:00:00,1.0450796612977475,1009.982582005645
2021-09-11 19:00:00,0.0,1009.982582005645
2021-09-11 20:00:00,0.0,1009.982582005645
2021-09-11 21:00:00,0.0,1009.982582005645
2021-09-11 22:00:00,0.0,1009.982582005645
2021-09-11 23:00:00,1.773586190809893,1009.9530222357982
2021-09-12 00:00:00,0.0,1009.9530222357982
2021-09-12 01:00:00,2.340432390292124,1009.9140150292933
2021-09-12 02:00:00,0.0,1009.9140150292933
2021-09-12 03:00:00,0.0,1009.9140150292933
2021-09-12 04:00:00,0.0,1009.9140150292933
2021-09-12 05:00:00,0.0,1009.9140150292933
2021-09-12 06:00:00,0.0,1009.9314330236483
2021-09-12 07:00:00,0.0,1009.9314330236483
2021-09-12 08:00:00,0.0,1009.9314330236483
2021-09-12 09:00:00,0.0,1009.9314330236483
2021-09-12 10:00:00,0.0,1009.9314330236483
2021-09-12 11:00:00,0.0,1009.9609927934952
2021-09-12 12:00:00,0.0,1009.9609927934952
2021-09-12 13:00:00,0.0,1010.0
2021-09-12 14:00:00,0.0,1010.0
2021-09-12 15:00:00,0.0,1010.0
2021-09-12 16:00:00,0.0,1010.0
2021-09-12 17:00:00,0.0,1010.0
2021-09-12 18:00:00,0.0,1010.0
2021-09-12 19:00:00,0.0,1010.0
2021-09-12 20:00:00,3.9949407048939687,1009.9334176549185
2021-09-12 21:00:00,0.0,1009.9334176549185
2021-09-12 22:00:00,0.0,1009.9334176549185
2021-09-12 23:00:00,3.873362461447564,1009.8688616138943
2021-09-13 00:00:00,0.0,1009.8688616138943
2021-09-13 01:00:00,0.0,1009.8688616138943
2021-09-13 02:00:00,0.0,1009.8688616138943
2021-09-13 03:00:00,0.0,1009.8688616138943
2021-09-13 04:00:00,0.0,1009.8688616138943
2021-09-13 05:00:00,0.0,1009.8688616138943
2021-09-13 06:00:00,0.0,1009.8688616138943
2021-09-13 07:00:00,0.0,1009.8688616138943
2021-09-13 08:00:00,0.0,1009.9354439589758
2021-09-13 09:00:00,0.0,1009.9354439589758
2021-09-13 10:00:00,0.0,1009.9354439589758
2021-09-13 11:00:00,0.0,1010.0
2021-09-13 12:00:00,0.0,1010.0
2021-09-13 13:00:00,0.0,1010.0
2021-09-13 14:00:00,0.0,1010.0
2021-09-13 15:00:00,0.0,1010.0
2021-09-13 16:00:00,0.0,1010.0
2021-09-13 17:00:00,1.3822252897330487,1009.9769629118377
2021-09-13 18:00:00,0.0,1009.9769629118377
2021-09-13 19:00:00,0.0,1009.9769629118377
2021-09-13 20:00:00,0.0,1009.9769629118377
2021-09-13 21:00:00,0.0,1009.9769629118377
2021-09-13 22:00:00,0.0,1009.9769629118377
2021-09-13 23:00:00,0.0,1009.9769629118377
2021-09-14 00:00:00,0.0,1009.9769629118377
2021-09-14 01:00:00,0.0,1009.9769629118377
2021-09-14 02:00:00,0.0,1009.9769629118377
2021-09-14 03:00:00,0.0,1009.9769629118377
2021-09-14 04:00:00,0.0,1009.9769629118377
2021-09-14 05:00:00,1.0025986294997846,1009.9832900228416
2021-09-14 06:00:00,0.0,1009.9832900228416
2021-09-14 07:00:00,0.0,1009.9832900228416
2021-09-14 08:00:00,1.105678191076867,1009.9648620529904
2021-09-14 09:00:00,0.0,1009.9648620529904
2021-09-14 10:00:00,0.0,1009.9648620529904
2021-09-14 11:00:00,0.0,1009.9648620529904
2021-09-14 12:00:00,0.0,1009.9648620529904
2021-09-14 13:00:00,0.0,1009.9648620529904
2021-09-14 14:00:00,0.0,1009.9648620529904
2021-09-14 15:00:00,1.6737967016547008,1009.9369654412961
2021-09-14 16:00:00,0.0,1009.9369654412961
2021-09-14 17:00:00,0.0,1009.9536754184545
2021-09-14 18:00:00,1.1388448809471408,1009.9346946704387
2021-09-14 19:00:00,0.0,1009.9346946704387
2021-09-14 20:00:00,0.0,1009.95312264029
2021-09-14 21:00:00,0.0,1009.95312264029
2021-09-14 22:00:00,0.0,1009.95312264029
2021-09-14 23:00:00,2.006914705543414,1009.9196740618643
2021-09-15 00:00:00,0.0,1009.9196740618643
2021-09-15 01:00:00,2.570963382118376,1009.8768246721622
2021-09-15 02:00:00,0.0,1009.8768246721622
2021-09-15 03:00:00,0.0,1009.9047212838565
2021-09-15 04:00:00,0.0,1009.9047212838565
2021-09-15 05:00:00,0.0,1009.9047212838565
2021-09-15 06:00:00,0.0,1009.9237020318723
2021-09-15 07:00:00,0.0,1009.9237020318723
2021-09-15 08:00:00,0.0,1009.9237020318723
2021-09-15 09:00:00,0.0,1009.9237020318723
2021-09-15 10:00:00,0.0,1009.9237020318723
2021-09-15 11:00:00,0.0,1009.9571506102981
2021-09-15 12:00:00,0.0,1009.9571506102981
2021-09-15 13:00:00,1.2191422686479432,1009.9796809621891
2021-09-15 14:00:00,0.0,1009.9796809621891
2021-09-15 15:00:00,0.0,1009.9796809621891
2021-09-15 16:00:00,0.0,1009.9796809621891
2021-09-15 17:00:00,1.607263371936198,1009.9528932393235
2021-09-15 18:00:00,0.0,1009.9528932393235
2021-09-15 19:00:00,0.0,1009.9528932393235
2021-09-15 20:00:00,0.0,1009.9528932393235
2021-09-15 21:00:00,0.0,1009.9528932393235
2021-09-15 22:00:00,0.0,1009.9528932393235
2021-09-15 23:00:00,0.0,1009.9528932393235
2021-09-16 00:00:00,0.0,1009.9528932393235
2021-09-16 01:00:00,0.0,1009.9732122771344
2021-09-16 02:00:00,0.0,1009.9732122771344
2021-09-16 03:00:00,0.0,1009.9732122771344
2021-09-16 04:00:00,0.0,1009.9732122771344
2021-09-16 05:00:00,0.0,1010.0
2021-09-16 06:00:00,1.7108376235044664,1009.9714860396083
2021-09-16 07:00:00,0.0,1009.9714860396083
2021-09-16 08:00:00,0.0,1009.9714860396083
2021-09-16 09:00:00,1.0839284159413682,1009.9534205660092
2021-09-16 10:00:00,0.0,1009.9534205660092
2021-09-16 11:00:00,1.0069583511946716,1009.9366379268226
2021-09-16 12:00:00,2.52581798272925,1009.8945409604438
2021-09-16 13:00:00,0.0,1009.8945409604438
2021-09-16 14:00:00,0.0,1009.8945409604438
2021-09-16 15:00:00,1.2926626672610428,1009.8729965826561
2021-09-16 16:00:00,0.0,1009.8729965826561
2021-09-16 17:00:00,0.0,1009.8729965826561
2021-09-16 18:00:00,0.0,1009.901510543048
2021-09-16 19:00:00,0.0,1009.901510543048
2021-09-16 20:00:00,1.173323856037698,1009.8819551454473
2021-09-16 21:00:00,0.0,1009.9000206190462
2021-09-16 22:00:00,0.0,1009.9000206190462
2021-09-16 23:00:00,0.0,1009.9168032582329
2021-09-17 00:00:00,0.0,1009.9589002246117
2021-09-17 01:00:00,0.0,1009.9589002246117
2021-09-17 02:00:00,0.0,1009.9589002246117
2021-09-17 03:00:00,0.0,1009.9804446023994
2021-09-17 04:00:00,0.0,1009.9804446023994
2021-09-17 05:00:00,0.0,1009.9804446023994
2021-09-17 06:00:00,0.0,1009.9804446023994
2021-09-17 07:00:00,0.0,1009.9804446023994
2021-09-17 08:00:00,0.0,1010.0
2021-09-17 09:00:00,0.0,1010.0
2021-09-17 10:00:00,0.0,1010.0
2021-09-17 11:00:00,0.0,1010.0
2021-09-17 12:00:00,0.0,1010.0
2021-09-17 13:00:00,1.4031488388491016,1009.9766141860192
2021-09-17 14:00:00,0.0,1009.9766141860192
2021-09-17 15:00:00,1.0414169932805564,1009.9592572361312
2021-09-17 16:00:00,1.2359025326849058,1009.9386588605864
2021-09-17 17:00:00,0.0,1009.9386588605864
2021-09-17 18:00:00,0.0,1009.9386588605864
2021-09-17 19:00:00,0.0,1009.9386588605864
2021-09-17 20:00:00,0.0,1009.9386588605864
2021-09-17 21:00:00,0.0,1009.9386588605864
2021-09-17 22:00:00,0.0,1009.9386588605864
2021-09-17 23:00:00,0.0,1009.9386588605864
2021-09-18 00:00:00,0.0,1009.9386588605864
2021-09-18 01:00:00,2.639404503012911,1009.9180545995171
2021-09-18 02:00:00,0.0,1009.9180545995171
2021-09-18 03:00:00,0.0,1009.935411549405
2021-09-18 04:00:00,0.0,1009.9560099249497
2021-09-18 05:00:00,1.0505269886404949,1009.9385011418058
2021-09-18 06:00:00,0.0,1009.9385011418058
2021-09-18 07:00:00,1.2623184763353041,1009.9174625005335
2021-09-18 08:00:00,0.0,1009.9174625005335
2021-09-18 09:00:00,0.0,1009.9174625005335
2021-09-18 10:00:00,0.0,1009.9174625005335
2021-09-18 11:00:00,0.0,1009.9174625005335
2021-09-18 12:00:00,0.0,1009.9174625005335
2021-09-18 13:00:00,0.0,1009.9614525755837
2021-09-18 14:00:00,0.0,1009.9614525755837
2021-09-18 15:00:00,0.0,1009.9614525755837
2021-09-18 16:00:00,0.0,1009.9614525755837
2021-09-18 17:00:00,0.0,1009.9789613587277
2021-09-18 18:00:00,0.0,1009.9789613587277
2021-09-18 19:00:00,0.0,1010.0
2021-09-18 20:00:00,0.0,1010.0
2021-09-18 21:00:00,0.0,1010.0
2021-09-18 22:00:00,0.0,1010.0
2021-09-18 23:00:00,0.0,1010.0
2021-09-19 00:00:00,0.0,1010.0
2021-09-19 01:00:00,0.0,1010.0
2021-09-19 02:00:00,0.0,1010.0
2021-09-19 03:00:00,0.0,1010.0
2021-09-19 04:00:00,0.0,1010.0
2021-09-19 05:00:00,0.0,1010.0
2021-09-19 06:00:00,0.0,1010.0
2021-09-19 07:00:00,0.0,1010.0
2021-09-19 08:00:00,0.0,1010.0
2021-09-19 09:00:00,0.0,1010.0
2021-09-19 10:00:00,0.0,1010.0
2021-09-19 11:00:00,0.0,1010.0
2021-09-19 12:00:00,0.0,1010.0
2021-09-19 13:00:00,0.0,1010.0
2021-09-19 14:00:00,0.0,1010.0
2021-09-19 15:00:00,0.0,1010.0
2021-09-19 16:00:00,0.0,1010.0
2021-09-19 17:00:00,1.3018999223376118,1009.9783016679611
2021-09-19 18:00:00,0.0,1009.9783016679611
2021-09-19 19:00:00,0.0,1009.9783016679611
2021-09-19 20:00:00,0.0,1009.9783016679611
2021-09-19 21:00:00,0.0,1009.9783016679611
2021-09-19 22:00:00,0.0,1009.9783016679611
2021-09-19 23:00:00,0.0,1009.9783016679611
2021-09-20 00:00:00,0.0,1009.9783016679611
2021-09-20 01:00:00,0.0,1009.9783016679611
2021-09-20 02:00:00,0.0,1009.9783016679611
2021-09-20 03:00:00,0.0,1009.9783016679611
2021-09-20 04:00:00,0.0,1009.9783016679611
2021-09-20 05:00:00,0.0,1010.0
2021-09-20 06:00:00,0.0,1010.0
2021-09-20 07:00:00,0.0,1010.0
2021-09-20 08:00:00,0.0,1010.0
2021-09-20 09:00:00,0.0,1010.0
2021-09-20 10:00:00,0.0,1010.0
2021-09-20 11:00:00,1.0887877102734511,1009.9818535381621
2021-09-20 12:00:00,0.0,1009.9818535381621
2021-09-20 13:00:00,0.0,1009.9818535381621
2021-09-20 14:00:00,2.3722023568875477,1009.942316832214
2021-09-20 15:00:00,1.2924542845599003,1009.9207759274714
2021-09-20 16:00:00,0.0,1009.9207759274714
2021-09-20 17:00:00,0.0,1009.9207759274714
2021-09-20 18:00:00,0.0,1009.9207759274714
2021-09-20 19:00:00,0.0,1009.9207759274714
2021-09-20 20:00:00,1.638995400071237,1009.8934593374702
2021-09-20 21:00:00,0.0,1009.8934593374702
2021-09-20 22:00:00,0.0,1009.8934593374702
2021-09-20 23:00:00,0.0,1009.9116057993081
2021-09-21 00:00:00,0.0,1009.9116057993081
2021-09-21 01:00:00,0.0,1009.9116057993081
2021-09-21 02:00:00,1.3024831760968882,1009.9294344523212
2021-09-21 03:00:00,0.0,1009.9509753570638
2021-09-21 04:00:00,5.361060687522723,1009.8616243456052
2021-09-21 05:00:00,0.0,1009.8616243456052
2021-09-21 06:00:00,0.0,1009.8616243456052
2021-09-21 07:00:00,0.0,1009.8616243456052
2021-09-21 08:00:00,0.0,1009.8889409356063
2021-09-21 09:00:00,0.0,1009.8889409356063
2021-09-21 10:00:00,0.0,1009.8889409356063
2021-09-21 11:00:00,1.1484126205955563,1009.8698007252631
2021-09-21 12:00:00,0.0,1009.8698007252631
2021-09-21 13:00:00,0.0,1009.8698007252631
2021-09-21 14:00:00,1.2097884780022263,1009.871345636898
2021-09-21 15:00:00,0.0,1009.871345636898
2021-09-21 16:00:00,0.0,1009.9606966483567
2021-09-21 17:00:00,2.453761513393478,1009.9198006231335
2021-09-21 18:00:00,0.0,1009.9198006231335
2021-09-21 19:00:00,0.0,1009.9198006231335
2021-09-21 20:00:00,2.1368674038596174,1009.8841861664025
2021-09-21 21:00:00,1.3307357504819293,1009.8620072372278
2021-09-21 22:00:00,0.0,1009.8620072372278
2021-09-21 23:00:00,0.0,1009.881147447571
2021-09-22 00:00:00,0.0,1009.881147447571
2021-09-22 01:00:00,0.0,1009.881147447571
2021-09-22 02:00:00,0.0,1009.9013105888711
2021-09-22 03:00:00,1.093921846858898,1009.8830785580901
2021-09-22 04:00:00,0.0,1009.8830785580901
2021-09-22 05:00:00,0.0,1009.9239745833133
2021-09-22 06:00:00,0.0,1009.9239745833133
2021-09-22 07:00:00,0.0,1009.9239745833133
2021-09-22 08:00:00,0.0,1009.9595890400443
2021-09-22 09:00:00,0.0,1009.981767969219
2021-09-22 10:00:00,0.0,1009.981767969219
2021-09-22 11:00:00,0.0,1009.981767969219
2021-09-22 12:00:00,0.0,1009.981767969219
2021-09-22 13:00:00,0.0,1009.981767969219
2021-09-22 14:00:00,0.0,1009.981767969219
2021-09-22 15:00:00,0.0,1010.0
2021-09-22 16:00:00,0.0,1010.0
2021-09-22 17:00:00,0.0,1010.0
2021-09-22 18:00:00,0.0,1010.0
2021-09-22 19:00:00,0.0,1010.0
2021-09-22 20:00:00,0.0,1010.0
2021-09-22 21:00:00,3.4404878016440197,1009.9426585366392
2021-09-22 22:00:00,0.0,1009.9426585366392
2021-09-22 23:00:00,0.0,1009.9426585366392
2021-09-23 00:00:00,0.0,1009.9426585366392
2021-09-23 01:00:00,0.0,1009.9426585366392
2021-09-23 02:00:00,0.0,1009.9426585366392
2021-09-23 03:00:00,0.0,1009.9426585366392
2021-09-23 04:00:00,0.0,1009.9426585366392
2021-09-23 05:00:00,0.0,1009.9426585366392
2021-09-23 06:00:00,0.0,1009.9426585366392
2021-09-23 07:00:00,0.0,1009.9426585366392
2021-09-23 08:00:00,0.0,1009.9426585366392
2021-09-23 09:00:00,0.0,1010.0
2021-09-23 10:00:00,0.0,1010.0
2021-09-23 11:00:00,0.0,1010.0
2021-09-23 12:00:00,0.0,1010.0
2021-09-23 13:00:00,0.0,1010.0
2021-09-23 14:00:00,0.0,1010.0
2021-09-23 15:00:00,0.0,1010.0
2021-09-23 16:00:00,0.0,1010.0
2021-09-23 17:00:00,0.0,1010.0
2021-09-23 18:00:00,3.2445374785993444,1009.9459243753566
2021-09-23 19:00:00,0.0,1009.9459243753566
2021-09-23 20:00:00,0.0,1009.9459243753566
2021-09-23 21:00:00,1.0793441509337023,1009.9279353061745
2021-09-23 22:00:00,0.0,1009.9279353061745
2021-09-23 23:00:00,0.0,1009.9279353061745
2021-09-24 00:00:00,0.0,1009.9279353061745
2021-09-24 01:00:00,0.0,1009.9279353061745
2021-09-24 02:00:00,0.0,1009.9279353061745
2021-09-24 03:00:00,0.0,1009.9279353061745
2021-09-24 04:00:00,1.5263644251382016,1009.9024958990888
2021-09-24 05:00:00,0.0,1009.9024958990888
2021-09-24 06:00:00,0.0,1009.9565715237321
2021-09-24 07:00:00,0.0,1009.9565715237321
2021-09-24 08:00:00,2.469758646565806,1009.9154088796228
2021-09-24 09:00:00,0.0,1009.9333979488049
2021-09-24 10:00:00,0.0,1009.9333979488049
2021-09-24 11:00:00,0.0,1009.9333979488049
2021-09-24 12:00:00,0.0,1009.9333979488049
2021-09-24 13:00:00,0.0,1009.9333979488049
2021-09-24 14:00:00,0.0,1009.9333979488049
2021-09-24 15:00:00,0.0,1009.9333979488049
2021-09-24 16:00:00,0.0,1009.9588373558905
2021-09-24 17:00:00,0.0,1009.9588373558905
2021-09-24 18:00:00,0.0,1009.9588373558905
2021-09-24 19:00:00,0.0,1009.9588373558905
2021-09-24 20:00:00,0.0,1010.0
2021-09-24 21:00:00,0.0,1010.0
2021-09-24 22:00:00,0.0,1010.0
2021-09-24 23:00:00,0.0,1010.0
2021-09-25 00:00:00,0.0,1010.0
2021-09-25 01:00:00,0.0,1010.0
2021-09-25 02:00:00,0.0,1010.0
2021-09-25 03:00:00,0.0,1010.0
2021-09-25 04:00:00,0.0,1010.0
2021-09-25 05:00:00,0.0,1010.0
2021-09-25 06:00:00,0.0,1010.0
2021-09-25 07:00:00,0.0,1010.0
2021-09-25 08:00:00,0.0,1010.0
2021-09-25 09:00:00,0.0,1010.0
2021-09-25 10:00:00,0.0,1010.0
2021-09-25 11:00:00,0.0,1010.0
2021-09-25 12:00:00,0.0,1010.0
2021-09-25 13:00:00,0.0,1010.0
2021-09-25 14:00:00,0.0,1010.0
2021-09-25 15:00:00,0.0,1010.0
2021-09-25 16:00:00,0.0,1010.0
2021-09-25 17:00:00,0.0,1010.0
2021-09-25 18:00:00,0.0,1010.0
2021-09-25 19:00:00,0.0,1010.0
2021-09-25 20:00:00,0.0,1010.0
2021-09-25 21:00:00,0.0,1010.0
2021-09-25 22:00:00,0.0,1010.0
2021-09-25 23:00:00,0.0,1010.0
2021-09-26 00:00:00,0.0,1010.0
2021-09-26 01:00:00,0.0,1010.0
2021-09-26 02:00:00,0.0,1010.0
2021-09-26 03:00:00,0.0,1010.0
2021-09-26 04:00:00,0.0,1010.0
2021-09-26 05:00:00,0.0,1010.0
2021-09-26 06:00:00,0.0,1010.0
2021-09-26 07:00:00,0.0,1010.0
2021-09-26 08:00:00,0.0,1010.0
2021-09-26 09:00:00,0.0,1010.0
2021-09-26 10:00:00,0.0,1010.0
2021-09-26 11:00:00,0.0,1010.0
2021-09-26 12:00:00,0.0,1010.0
2021-09-26 13:00:00,1.4719558278139306,1009.9754674028698
2021-09-26 14:00:00,0.0,1009.9754674028698
2021-09-26 15:00:00,0.0,1009.9754674028698
2021-09-26 16:00:00,1.180000930758451,1009.9558007206905
2021-09-26 17:00:00,1.424605171936416,1009.9320573011582
2021-09-26 18:00:00,0.0,1009.9320573011582
2021-09-26 19:00:00,0.0,1009.9320573011582
2021-09-26 20:00:00,0.0,1009.9320573011582
2021-09-26 21:00:00,1.694427668635746,1009.9038168400142
2021-09-26 22:00:00,0.0,1009.9038168400142
2021-09-26 23:00:00,0.0,1009.9038168400142
2021-09-27 00:00:00,0.0,1009.9038168400142
2021-09-27 01:00:00,0.0,1009.9283494371444
2021-09-27 02:00:00,0.0,1009.9283494371444
2021-09-27 03:00:00,10.86657511380357,1009.7472398519144
2021-09-27 04:00:00,0.0,1009.7669065340938
2021-09-27 05:00:00,0.0,1009.790649953626
2021-09-27 06:00:00,0.0,1009.790649953626
2021-09-27 07:00:00,1.0495500943452956,1009.7731574520536
2021-09-27 08:00:00,1.6593287121651197,1009.7455019735175
2021-09-27 09:00:00,0.0,1009.7737424346615
2021-09-27 10:00:00,0.0,1009.7737424346615
2021-09-27 11:00:00,0.0,1009.7737424346615
2021-09-27 12:00:00,0.0,1009.7737424346615
2021-09-27 13:00:00,0.0,1009.7737424346615
2021-09-27 14:00:00,0.0,1009.7737424346615
2021-09-27 15:00:00,1.2909125737174696,1009.9333368103295
2021-09-27 16:00:00,0.0,1009.9333368103295
2021-09-27 17:00:00,0.0,1009.9333368103295
2021-09-27 18:00:00,0.0,1009.9333368103295
2021-09-27 19:00:00,0.0,1009.950829311902
2021-09-27 20:00:00,0.0,1009.9784847904381
2021-09-27 21:00:00,0.0,1009.9784847904381
2021-09-27 22:00:00,0.0,1009.9784847904381
2021-09-27 23:00:00,0.0,1009.9784847904381
2021-09-28 00:00:00,0.0,1009.9784847904381
2021-09-28 01:00:00,1.348743985453921,1009.9560057240138
2021-09-28 02:00:00,0.0,1009.9560057240138
2021-09-28 03:00:00,0.0,1009.9775209335758
2021-09-28 04:00:00,0.0,1009.9775209335758
2021-09-28 05:00:00,0.0,1009.9775209335758
2021-09-28 06:00:00,0.0,1009.9775209335758
2021-09-28 07:00:00,0.0,1009.9775209335758
2021-09-28 08:00:00,0.0,1009.9775209335758
2021-09-28 09:00:00,0.0,1009.9775209335758
2021-09-28 10:00:00,0.0,1009.9775209335758
2021-09-28 11:00:00,0.0,1009.9775209335758
2021-09-28 12:00:00,0.0,1009.9775209335758
2021-09-28 13:00:00,0.0,1010.0
2021-09-28 14:00:00,0.0,1010.0
2021-09-28 15:00:00,0.0,1010.0
2021-09-28 16:00:00,0.0,1010.0
2021-09-28 17:00:00,0.0,1010.0
2021-09-28 18:00:00,0.0,1010.0
2021-09-28 19:00:00,0.0,1010.0
2021-09-28 20:00:00,0.0,1010.0
2021-09-28 21:00:00,0.0,1010.0
2021-09-28 22:00:00,1.2566839662450393,1009.9790552672292
2021-09-28 23:00:00,0.0,1009.9790552672292
2021-09-29 00:00:00,0.0,1009.9790552672292
2021-09-29 01:00:00,0.0,1009.9790552672292
2021-09-29 02:00:00,0.0,1009.9790552672292
2021-09-29 03:00:00,0.0,1009.9790552672292
2021-09-29 04:00:00,0.0,1009.9790552672292
2021-09-29 05:00:00,0.0,1009.9790552672292
2021-09-29 06:00:00,0.0,1009.9790552672292
2021-09-29 07:00:00,0.0,1009.9790552672292
2021-09-29 08:00:00,1.4523140230852265,1009.9548500335112
2021-09-29 09:00:00,0.0,1009.9548500335112
2021-09-29 10:00:00,0.0,1009.9757947662819
2021-09-29 11:00:00,0.0,1009.9757947662819
2021-09-29 12:00:00,0.0,1009.9757947662819
2021-09-29 13:00:00,0.0,1009.9757947662819
2021-09-29 14:00:00,0.0,1009.9757947662819
2021-09-29 15:00:00,0.0,1009.9757947662819
2021-09-29 16:00:00,0.0,1009.9757947662819
2021-09-29 17:00:00,0.0,1009.9757947662819
2021-09-29 18:00:00,0.0,1009.9757947662819
2021-09-29 19:00:00,0.0,1009.9757947662819
2021-09-29 20:00:00,0.0,1010.0
2021-09-29 21:00:00,0.0,1010.0
2021-09-29 22:00:00,0.0,1010.0
2021-09-29 23:00:00,1.2259741739106298,1009.9795670971015
2021-09-30 00:00:00,0.0,1009.9795670971015
2021-09-30 01:00:00,1.383611579903436,1009.9565069041031
2021-09-30 02:00:00,1.928573526639724,1009.9243640119925
2021-09-30 03:00:00,0.0,1009.9243640119925
2021-09-30 04:00:00,0.0,1009.9243640119925
2021-09-30 05:00:00,1.1727754212551855,1009.9048177549715
2021-09-30 06:00:00,0.0,1009.9048177549715
2021-09-30 07:00:00,0.0,1009.9048177549715
2021-09-30 08:00:00,0.0,1009.9048177549715
2021-09-30 09:00:00,0.0,1009.9048177549715
2021-09-30 10:00:00,0.0,1009.9048177549715
2021-09-30 11:00:00,0.0,1009.92525065787
2021-09-30 12:00:00,0.0,1009.92525065787
2021-09-30 13:00:00,0.0,1009.9483108508684
2021-09-30 14:00:00,0.0,1009.9804537429791
2021-09-30 15:00:00,0.0,1009.9804537429791
2021-09-30 16:00:00,0.0,1009.9804537429791
2021-09-30 17:00:00,0.0,1010.0
2021-09-30 18:00:00,0.0,1010.0
2021-09-30 19:00:00,0.0,1010.0
2021-09-30 20:00:00,0.0,1010.0
2021-09-30 21:00:00,0.0,1010.0
2021-09-30 22:00:00,1.5128427781887637,1009.9747859536968
2021-09-30 23:00:00,0.0,1009.9747859536968
2021-10-01 00:00:00,0.0,1009.9747859536968
2021-10-01 01:00:00,0.0,1009.9747859536968
2021-10-01 02:00:00,0.0,1009.9747859536968
2021-10-01 03:00:00,0.0,1009.9747859536968
2021-10-01 04:00:00,0.0,1009.9747859536968
2021-10-01 05:00:00,0.0,1009.9747859536968
2021-10-01 06:00:00,0.0,1009.9747859536968
2021-10-01 07:00:00,1.153132959596626,1009.955567071037
2021-10-01 08:00:00,0.0,1009.955567071037
2021-10-01 09:00:00,1.2680666689029332,1009.9344326265552
2021-10-01 10:00:00,0.0,1009.9596466728583
2021-10-01 11:00:00,0.0,1009.9596466728583
2021-10-01 12:00:00,0.0,1009.9596466728583
2021-10-01 13:00:00,0.0,1009.9596466728583
2021-10-01 14:00:00,0.0,1009.9596466728583
2021-10-01 15:00:00,1.1325026019522495,1009.9407716294925
2021-10-01 16:00:00,0.0,1009.9407716294925
2021-10-01 17:00:00,0.0,1009.9407716294925
2021-10-01 18:00:00,0.0,1009.9407716294925
2021-10-01 19:00:00,0.0,1009.9599905121524
2021-10-01 20:00:00,0.0,1009.9599905121524
2021-10-01 21:00:00,0.0,1009.9811249566342
2021-10-01 22:00:00,0.0,1009.9811249566342
2021-10-01 23:00:00,0.0,1009.9811249566342
2021-10-02 00:00:00,0.0,1009.9811249566342
2021-10-02 01:00:00,0.0,1009.9811249566342
2021-10-02 02:00:00,0.0,1009.9811249566342
2021-10-02 03:00:00,0.0,1010.0
2021-10-02 04:00:00,0.0,1010.0
2021-10-02 05:00:00,0.0,1010.0
2021-10-02 06:00:00,0.0,1010.0
2021-10-02 07:00:00,0.0,1010.0
2021-10-02 08:00:00,0.0,1010.0
2021-10-02 09:00:00,0.0,1010.0
2021-10-02 10:00:00,2.42022116844356,1009.959662980526
2021-10-02 11:00:00,0.0,1009.959662980526
2021-10-02 12:00:00,0.0,1009.959662980526
2021-10-02 13:00:00,0.0,1009.959662980526
2021-10-02 14:00:00,0.0,1009.959662980526
2021-10-02 15:00:00,0.0,1009.959662980526
2021-10-02 16:00:00,0.0,1009.959662980526
2021-10-02 17:00:00,0.0,1009.959662980526
2021-10-02 18:00:00,0.0,1009.959662980526
2021-10-02 19:00:00,0.0,1009.959662980526
2021-10-02 20:00:00,0.0,1009.959662980526
2021-10-02 21:00:00,0.0,1009.959662980526
2021-10-02 22:00:00,0.0,1010.0
2021-10-02 23:00:00,0.0,1010.0
2021-10-03 00:00:00,0.0,1010.0
2021-10-03 01:00:00,1.3462005551862757,1009.9775633240803
2021-10-03 02:00:00,0.0,1009.9775633240803
2021-10-03 03:00:00,0.0,1009.9775633240803
2021-10-03 04:00:00,1.0703518596753532,1009.959724126419
2021-10-03 05:00:00,0.0,1009.959724126419
2021-10-03 06:00:00,0.0,1009.959724126419
2021-10-03 07:00:00,1.3417690582415216,1009.9373613087816
2021-10-03 08:00:00,0.0,1009.9373613087816
2021-10-03 09:00:00,0.0,1009.9373613087816
2021-10-03 10:00:00,0.0,1009.9373613087816
2021-10-03 11:00:00,0.0,1009.9373613087816
2021-10-03 12:00:00,1.5103549553774331,1009.912188726192
2021-10-03 13:00:00,0.0,1009.9346254021118
2021-10-03 14:00:00,0.0,1009.9346254021118
2021-10-03 15:00:00,0.0,1009.9346254021118
2021-10-03 16:00:00,0.0,1009.9524645997731
2021-10-03 17:00:00,0.0,1009.9524645997731
2021-10-03 18:00:00,0.0,1009.9524645997731
2021-10-03 19:00:00,0.0,1009.9748274174103
2021-10-03 20:00:00,0.0,1009.9748274174103
2021-10-03 21:00:00,0.0,1009.9748274174103
2021-10-03 22:00:00,1.8630851031321867,1009.9437759990249
2021-10-03 23:00:00,0.0,1009.9437759990249
2021-10-04 00:00:00,0.0,1009.9689485816144
2021-10-04 01:00:00,0.0,1009.9689485816144
2021-10-04 02:00:00,0.0,1009.9689485816144
2021-10-04 03:00:00,0.0,1009.9689485816144
2021-10-04 04:00:00,0.0,1009.9689485816144
2021-10-04 05:00:00,0.0,1009.9689485816144
2021-10-04 06:00:00,0.0,1009.9689485816144
2021-10-04 07:00:00,1.0057394863220823,1009.9521862568424
2021-10-04 08:00:00,0.0,1009.9521862568424
2021-10-04 09:00:00,0.0,1009.9521862568424
2021-10-04 10:00:00,0.0,1009.983237675228
2021-10-04 11:00:00,0.0,1009.983237675228
2021-10-04 12:00:00,0.0,1009.983237675228
2021-10-04 13:00:00,0.0,1009.983237675228
2021-10-04 14:00:00,1.0751864270766092,1009.9653179014433
2021-10-04 15:00:00,0.0,1009.9653179014433
2021-10-04 16:00:00,0.0,1009.9653179014433
2021-10-04 17:00:00,0.0,1009.9653179014433
2021-10-04 18:00:00,0.0,1009.9653179014433
2021-10-04 19:00:00,0.0,1009.9820802262154
2021-10-04 20:00:00,0.0,1009.9820802262154
2021-10-04 21:00:00,0.0,1009.9820802262154
2021-10-04 22:00:00,0.0,1009.9820802262154
2021-10-04 23:00:00,0.0,1009.9820802262154
2021-10-05 00:00:00,0.0,1009.9820802262154
2021-10-05 01:00:00,0.0,1009.9820802262154
2021-10-05 02:00:00,0.0,1010.0
2021-10-05 03:00:00,0.0,1010.0
2021-10-05 04:00:00,0.0,1010.0
2021-10-05 05:00:00,0.0,1010.0
2021-10-05 06:00:00,1.2347133851889165,1009.9794214435802
2021-10-05 07:00:00,0.0,1009.9794214435802
2021-10-05 08:00:00,0.0,1009.9794214435802
2021-10-05 09:00:00,0.0,1009.9794214435802
2021-10-05 10:00:00,0.0,1009.9794214435802
2021-10-05 11:00:00,0.0,1009.9794214435802
2021-10-05 12:00:00,0.0,1009.9794214435802
2021-10-05 13:00:00,0.0,1009.9794214435802
2021-10-05 14:00:00,0.0,1009.9794214435802
2021-10-05 15:00:00,1.462755715207242,1009.95504218166
2021-10-05 16:00:00,1.1030899358785922,1009.9366573493954
2021-10-05 17:00:00,0.0,1009.9366573493954
2021-10-05 18:00:00,1.2934826587963228,1009.935677861502
2021-10-05 19:00:00,0.0,1009.935677861502
2021-10-05 20:00:00,0.0,1009.935677861502
2021-10-05 21:00:00,0.0,1009.935677861502
2021-10-05 22:00:00,0.0,1009.935677861502
2021-10-05 23:00:00,0.0,1009.935677861502
2021-10-06 00:00:00,0.0,1009.935677861502
2021-10-06 01:00:00,0.0,1009.935677861502
2021-10-06 02:00:00,0.0,1009.935677861502
2021-10-06 03:00:00,0.0,1009.9600571234221
2021-10-06 04:00:00,1.1076590634702783,1009.9599809712955
2021-10-06 05:00:00,0.0,1009.9599809712955
2021-10-06 06:00:00,0.0,1009.9815390156089
2021-10-06 07:00:00,1.092959256801319,1009.9633230279954
2021-10-06 08:00:00,0.0,1009.9633230279954
2021-10-06 09:00:00,0.0,1009.9633230279954
2021-10-06 10:00:00,0.0,1009.9633230279954
2021-10-06 11:00:00,0.0,1009.9633230279954
2021-10-06 12:00:00,0.0,1009.9633230279954
2021-10-06 13:00:00,0.0,1009.9633230279954
2021-10-06 14:00:00,0.0,1009.9633230279954
2021-10-06 15:00:00,0.0,1009.9633230279954
2021-10-06 16:00:00,0.0,1009.9817840123867
2021-10-06 17:00:00,1.3286355171194288,1009.9596400871013
2021-10-06 18:00:00,0.0,1009.9596400871013
2021-10-06 19:00:00,0.0,1009.9778560747146
2021-10-06 20:00:00,1.738377153654771,1009.9488831221538
2021-10-06 21:00:00,0.0,1009.9488831221538
2021-10-06 22:00:00,0.0,1009.9488831221538
2021-10-06 23:00:00,0.0,1009.9488831221538
2021-10-07 00:00:00,0.0,1009.9488831221538
2021-10-07 01:00:00,1.4606567455180213,1009.9245388430618
2021-10-07 02:00:00,0.0,1009.9245388430618
2021-10-07 03:00:00,0.0,1009.9245388430618
2021-10-07 04:00:00,0.0,1009.9245388430618
2021-10-07 05:00:00,0.0,1009.9466827683472
2021-10-07 06:00:00,1.5243028006196822,1009.9212777216701
2021-10-07 07:00:00,0.0,1009.9212777216701
2021-10-07 08:00:00,0.0,1009.950250674231
2021-10-07 09:00:00,1.0091150751828781,1009.9334320896446
2021-10-07 10:00:00,1.1034994895990171,1009.9150404314847
2021-10-07 11:00:00,0.0,1009.9150404314847
2021-10-07 12:00:00,0.0,1009.9150404314847
2021-10-07 13:00:00,0.0,1009.9393847105766
2021-10-07 14:00:00,0.0,1009.9393847105766
2021-10-07 15:00:00,0.0,1009.9393847105766
2021-10-07 16:00:00,0.0,1009.9393847105766
2021-10-07 17:00:00,0.0,1009.9393847105766
2021-10-07 18:00:00,0.0,1009.9647897572536
2021-10-07 19:00:00,0.0,1009.9647897572536
2021-10-07 20:00:00,0.0,1009.9647897572536
2021-10-07 21:00:00,0.0,1009.98160834184
2021-10-07 22:00:00,0.0,1010.0
2021-10-07 23:00:00,0.0,1010.0
2021-10-08 00:00:00,0.0,1010.0
2021-10-08 01:00:00,0.0,1010.0
2021-10-08 02:00:00,2.213674636506007,1009.9631054227249
2021-10-08 03:00:00,0.0,1009.9631054227249
2021-10-08 04:00:00,0.0,1009.9631054227249
2021-10-08 05:00:00,0.0,1009.9631054227249
2021-10-08 06:00:00,0.0,1009.9631054227249
2021-10-08 07:00:00,0.0,1009.9631054227249
2021-10-08 08:00:00,0.0,1009.9631054227249
2021-10-08 09:00:00,1.040224197174664,1009.945768352772
2021-10-08 10:00:00,0.0,1009.945768352772
2021-10-08 11:00:00,0.0,1009.945768352772
2021-10-08 12:00:00,0.0,1009.945768352772
2021-10-08 13:00:00,0.0,1009.945768352772
2021-10-08 14:00:00,0.0,1009.9826629300471
2021-10-08 15:00:00,0.0,1009.9826629300471
2021-10-08 16:00:00,0.0,1009.9826629300471
2021-10-08 17:00:00,0.0,1009.9826629300471
2021-10-08 18:00:00,0.0,1009.9826629300471
2021-10-08 19:00:00,0.0,1009.9826629300471
2021-10-08 20:00:00,0.0,1009.9826629300471
2021-10-08 21:00:00,0.0,1010.0
2021-10-08 22:00:00,0.0,1010.0
2021-10-08 23:00:00,2.0773878158855172,1009.9653768697352
2021-10-09 00:00:00,0.0,1009.9653768697352
2021-10-09 01:00:00,0.0,1009.9653768697352
2021-10-09 02:00:00,0.0,1009.9653768697352
2021-10-09 03:00:00,0.0,1009.9653768697352
2021-10-09 04:00:00,0.0,1009.9653768697352
2021-10-09 05:00:00,2.4623578111319624,1009.924337572883
2021-10-09 06:00:00,0.0,1009.924337572883
2021-10-09 07:00:00,0.0,1009.924337572883
2021-10-09 08:00:00,0.0,1009.924337572883
2021-10-09 09:00:00,0.0,1009.924337572883
2021-10-09 10:00:00,0.0,1009.924337572883
2021-10-09 11:00:00,0.0,1009.9589607031478
2021-10-09 12:00:00,0.0,1009.9589607031478
2021-10-09 13:00:00,0.0,1009.9589607031478
2021-10-09 14:00:00,2.2904121294343884,1009.9207871676572
2021-10-09 15:00:00,0.0,1009.9207871676572
2021-10-09 16:00:00,0.0,1009.9207871676572
2021-10-09 17:00:00,0.0,1009.9618264645094
2021-10-09 18:00:00,0.0,1009.9618264645094
2021-10-09 19:00:00,1.8727279273917357,1009.9306143323862
2021-10-09 20:00:00,0.0,1009.9306143323862
2021-10-09 21:00:00,0.0,1009.9306143323862
2021-10-09 22:00:00,1.2151087526337254,1009.9103625198424
2021-10-09 23:00:00,0.0,1009.9103625198424
2021-10-10 00:00:00,0.0,1009.9103625198424
2021-10-10 01:00:00,0.0,1009.9103625198424
2021-10-10 02:00:00,0.0,1009.948536055333
2021-10-10 03:00:00,0.0,1009.948536055333
2021-10-10 04:00:00,0.0,1009.948536055333
2021-10-10 05:00:00,0.0,1009.948536055333
2021-10-10 06:00:00,0.0,1009.948536055333
2021-10-10 07:00:00,0.0,1009.9797481874562
2021-10-10 08:00:00,0.0,1009.9797481874562
2021-10-10 09:00:00,0.0,1009.9797481874562
2021-10-10 10:00:00,0.0,1010.0
2021-10-10 11:00:00,0.0,1010.0
2021-10-10 12:00:00,0.0,1010.0
2021-10-10 13:00:00,0.0,1010.0
2021-10-10 14:00:00,1.0935248125695622,1009.9817745864572
2021-10-10 15:00:00,0.0,1009.9817745864572
2021-10-10 16:00:00,0.0,1009.9817745864572
2021-10-10 17:00:00,0.0,1009.9817745864572
2021-10-10 18:00:00,0.0,1009.9817745864572
2021-10-10 19:00:00,0.0,1009.9817745864572
2021-10-10 20:00:00,0.0,1009.9817745864572
2021-10-10 21:00:00,0.0,1009.9817745864572
2021-10-10 22:00:00,1.4992561908889752,1009.9567869832757
2021-10-10 23:00:00,0.0,1009.9567869832757
2021-10-11 00:00:00,0.0,1009.9567869832757
2021-10-11 01:00:00,1.086881439964499,1009.9386722926096
2021-10-11 02:00:00,0.0,1009.9568977061524
2021-10-11 03:00:00,0.0,1009.9568977061524
2021-10-11 04:00:00,0.0,1009.9568977061524
2021-10-11 05:00:00,0.0,1009.9568977061524
2021-10-11 06:00:00,0.0,1009.9568977061524
2021-10-11 07:00:00,0.0,1009.9568977061524
2021-10-11 08:00:00,0.0,1009.9568977061524
2021-10-11 09:00:00,0.0,1009.9568977061524
2021-10-11 10:00:00,1.5422986915138854,1009.956180331142
2021-10-11 11:00:00,0.0,1009.956180331142
2021-10-11 12:00:00,0.0,1009.956180331142
2021-10-11 13:00:00,0.0,1009.9742950218081
2021-10-11 14:00:00,0.0,1009.9742950218081
2021-10-11 15:00:00,0.0,1009.9742950218081
2021-10-11 16:00:00,0.0,1009.9742950218081
2021-10-11 17:00:00,0.0,1009.9742950218081
2021-10-11 18:00:00,0.0,1009.9742950218081
2021-10-11 19:00:00,0.0,1009.9742950218081
2021-10-11 20:00:00,0.0,1009.9742950218081
2021-10-11 21:00:00,0.0,1009.9742950218081
2021-10-11 22:00:00,0.0,1010.0
2021-10-11 23:00:00,0.0,1010.0
2021-10-12 00:00:00,0.0,1010.0
2021-10-12 01:00:00,0.0,1010.0
2021-10-12 02:00:00,0.0,1010.0
2021-10-12 03:00:00,1.2625588314167309,1009.9789573528097
2021-10-12 04:00:00,0.0,1009.9789573528097
2021-10-12 05:00:00,2.4596116230509963,1009.9379638257589
2021-10-12 06:00:00,0.0,1009.9379638257589
2021-10-12 07:00:00,0.0,1009.9379638257589
2021-10-12 08:00:00,0.0,1009.9379638257589
2021-10-12 09:00:00,0.0,1009.9379638257589
2021-10-12 10:00:00,0.0,1009.9379638257589
2021-10-12 11:00:00,0.0,1009.9379638257589
2021-10-12 12:00:00,0.0,1009.9379638257589
2021-10-12 13:00:00,0.0,1009.9379638257589
2021-10-12 14:00:00,0.0,1009.9379638257589
2021-10-12 15:00:00,1.4864863882806367,1009.9342316998111
2021-10-12 16:00:00,0.0,1009.9342316998111
2021-10-12 17:00:00,0.0,1009.975225226862
2021-10-12 18:00:00,0.0,1009.975225226862
2021-10-12 19:00:00,1.4373483077041906,1009.9512694217336
2021-10-12 20:00:00,1.0786108233165708,1009.9332925746783
2021-10-12 21:00:00,1.1973924345534068,1009.9133360341024
2021-10-12 22:00:00,0.0,1009.9133360341024
2021-10-12 23:00:00,0.0,1009.9133360341024
2021-10-13 00:00:00,1.181282807083699,1009.8936479873176
2021-10-13 01:00:00,0.0,1009.8936479873176
2021-10-13 02:00:00,0.0,1009.8936479873176
2021-10-13 03:00:00,0.0,1009.9184227604557
2021-10-13 04:00:00,0.0,1009.9184227604557
2021-10-13 05:00:00,0.0,1009.9184227604557
2021-10-13 06:00:00,0.0,1009.9184227604557
2021-10-13 07:00:00,0.0,1009.9423785655841
2021-10-13 08:00:00,0.0,1009.9603554126394
2021-10-13 09:00:00,0.0,1009.9803119532153
2021-10-13 10:00:00,0.0,1009.9803119532153
2021-10-13 11:00:00,0.0,1009.9803119532153
2021-10-13 12:00:00,0.0,1010.0
2021-10-13 13:00:00,0.0,1010.0
2021-10-13 14:00:00,0.0,1010.0
2021-10-13 15:00:00,0.0,1010.0
2021-10-13 16:00:00,0.0,1010.0
2021-10-13 17:00:00,0.0,1010.0
2021-10-13 18:00:00,0.0,1010.0
2021-10-13 19:00:00,0.0,1010.0
2021-10-13 20:00:00,1.423020326205033,1009.9762829945632
2021-10-13 21:00:00,0.0,1009.9762829945632
2021-10-13 22:00:00,1.3443002874667727,1009.9538779897721
2021-10-13 23:00:00,0.0,1009.9538779897721
2021-10-14 00:00:00,0.0,1009.9538779897721
2021-10-14 01:00:00,0.0,1009.9538779897721
2021-10-14 02:00:00,1.5815154222440575,1009.9275193994014
2021-10-14 03:00:00,0.0,1009.9275193994014
2021-10-14 04:00:00,0.0,1009.9275193994014
2021-10-14 05:00:00,0.0,1009.9275193994014
2021-10-14 06:00:00,0.0,1009.9275193994014
2021-10-14 07:00:00,1.063945785873281,1009.9097869696368
2021-10-14 08:00:00,0.0,1009.9335039750736
2021-10-14 09:00:00,0.0,1009.9335039750736
2021-10-14 10:00:00,0.0,1009.9559089798647
2021-10-14 11:00:00,0.0,1009.9559089798647
2021-10-14 12:00:00,0.0,1009.9559089798647
2021-10-14 13:00:00,0.0,1009.9559089798647
2021-10-14 14:00:00,0.0,1009.9822675702354
2021-10-14 15:00:00,0.0,1009.9822675702354
2021-10-14 16:00:00,0.0,1009.9822675702354
2021-10-14 17:00:00,0.0,1009.9822675702354
2021-10-14 18:00:00,0.0,1009.9822675702354
2021-10-14 19:00:00,0.0,1010.0
2021-10-14 20:00:00,0.0,1010.0
2021-10-14 21:00:00,0.0,1010.0
2021-10-14 22:00:00,0.0,1010.0
2021-10-14 23:00:00,0.0,1010.0
2021-10-15 00:00:00,0.0,1010.0
2021-10-15 01:00:00,0.0,1010.0
2021-10-15 02:00:00,0.0,1010.0
2021-10-15 03:00:00,0.0,1010.0
2021-10-15 04:00:00,0.0,1010.0
2021-10-15 05:00:00,0.0,1010.0
2021-10-15 06:00:00,0.0,1010.0
2021-10-15 07:00:00,0.0,1010.0
2021-10-15 08:00:00,5.466985597583604,1009.9088835733736
2021-10-15 09:00:00,5.125934882974969,1009.8234513253241
2021-10-15 10:00:00,0.0,1009.8234513253241
2021-10-15 11:00:00,0.0,1009.8234513253241
2021-10-15 12:00:00,0.0,1009.8234513253241
2021-10-15 13:00:00,0.0,1009.8234513253241
2021-10-15 14:00:00,0.0,1009.8234513253241
2021-10-15 15:00:00,0.0,1009.8234513253241
2021-10-15 16:00:00,0.0,1009.8234513253241
2021-10-15 17:00:00,2.2313321836293696,1009.7862624555969
2021-10-15 18:00:00,0.0,1009.7862624555969
2021-10-15 19:00:00,1.4084468578534528,1009.7627883412993
2021-10-15 20:00:00,0.0,1009.8539047679257
2021-10-15 21:00:00,0.0,1009.9393370159753
2021-10-15 22:00:00,0.0,1009.9393370159753
2021-10-15 23:00:00,0.0,1009.9393370159753
2021-10-16 00:00:00,0.0,1009.9393370159753
2021-10-16 01:00:00,0.0,1009.9393370159753
2021-10-16 02:00:00,0.0,1009.9393370159753
2021-10-16 03:00:00,0.0,1009.9393370159753
2021-10-16 04:00:00,0.0,1009.9393370159753
2021-10-16 05:00:00,0.0,1009.9765258857025
2021-10-16 06:00:00,0.0,1009.9765258857025
2021-10-16 07:00:00,0.0,1010.0
2021-10-16 08:00:00,0.0,1010.0
2021-10-16 09:00:00,0.0,1010.0
2021-10-16 10:00:00,0.0,1010.0
2021-10-16 11:00:00,0.0,1010.0
2021-10-16 12:00:00,4.9197333442637445,1009.9180044442622
2021-10-16 13:00:00,0.0,1009.9180044442622
2021-10-16 14:00:00,0.0,1009.9180044442622
2021-10-16 15:00:00,0.0,1009.9180044442622
2021-10-16 16:00:00,0.0,1009.9180044442622
2021-10-16 17:00:00,1.1296477075271607,1009.8991769824702
2021-10-16 18:00:00,0.0,1009.8991769824702
2021-10-16 19:00:00,0.0,1009.8991769824702
2021-10-16 20:00:00,1.0965894977108324,1009.8809004908417
2021-10-16 21:00:00,0.0,1009.8809004908417
2021-10-16 22:00:00,0.0,1009.8809004908417
2021-10-16 23:00:00,0.0,1009.8809004908417
2021-10-17 00:00:00,0.0,1009.9628960465793
2021-10-17 01:00:00,0.0,1009.9628960465793
2021-10-17 02:00:00,1.0897372118497808,1009.9447337597152
2021-10-17 03:00:00,0.0,1009.9447337597152
2021-10-17 04:00:00,0.0,1009.9447337597152
2021-10-17 05:00:00,0.0,1009.9635612215073
2021-10-17 06:00:00,0.0,1009.9635612215073
2021-10-17 07:00:00,0.0,1009.9635612215073
2021-10-17 08:00:00,0.0,1009.9818377131359
2021-10-17 09:00:00,0.0,1009.9818377131359
2021-10-17 10:00:00,0.0,1009.9818377131359
2021-10-17 11:00:00,0.0,1009.9818377131359
2021-10-17 12:00:00,0.0,1009.9818377131359
2021-10-17 13:00:00,0.0,1009.9818377131359
2021-10-17 14:00:00,0.0,1010.0
2021-10-17 15:00:00,0.0,1010.0
2021-10-17 16:00:00,0.0,1010.0
2021-10-17 17:00:00,0.0,1010.0
2021-10-17 18:00:00,0.0,1010.0
2021-10-17 19:00:00,0.0,1010.0
2021-10-17 20:00:00,1.2083429806643347,1009.9798609503223
2021-10-17 21:00:00,0.0,1009.9798609503223
2021-10-17 22:00:00,0.0,1009.9798609503223
2021-10-17 23:00:00,0.0,1009.9798609503223
2021-10-18 00:00:00,0.0,1009.9798609503223
2021-10-18 01:00:00,0.0,1009.9798609503223
2021-10-18 02:00:00,2.1851535023067976,1009.9434417252838
2021-10-18 03:00:00,0.0,1009.9434417252838
2021-10-18 04:00:00,0.0,1009.9434417252838
2021-10-18 05:00:00,1.4185681421980307,1009.9197989229139
2021-10-18 06:00:00,0.0,1009.9197989229139
2021-10-18 07:00:00,0.0,1009.9197989229139
2021-10-18 08:00:00,0.0,1009.9399379725916
2021-10-18 09:00:00,0.0,1009.9399379725916
2021-10-18 10:00:00,0.0,1009.9399379725916
2021-10-18 11:00:00,0.0,1009.9399379725916
2021-10-18 12:00:00,0.0,1009.9399379725916
2021-10-18 13:00:00,0.0,1009.9399379725916
2021-10-18 14:00:00,0.0,1009.97635719763
2021-10-18 15:00:00,0.0,1009.97635719763
2021-10-18 16:00:00,0.0,1009.97635719763
2021-10-18 17:00:00,1.0499464419719162,1009.9825008926338
2021-10-18 18:00:00,0.0,1009.9825008926338
2021-10-18 19:00:00,1.4045135901126713,1009.9590923327986
2021-10-18 20:00:00,0.0,1009.9590923327986
2021-10-18 21:00:00,0.0,1009.9590923327986
2021-10-18 22:00:00,0.0,1009.9590923327986
2021-10-18 23:00:00,0.0,1009.9590923327986
2021-10-19 00:00:00,0.0,1009.9590923327986
2021-10-19 01:00:00,0.0,1009.9590923327986
2021-10-19 02:00:00,2.9902755695148393,1009.90925440664
2021-10-19 03:00:00,0.0,1009.90925440664
2021-10-19 04:00:00,0.0,1009.90925440664
2021-10-19 05:00:00,0.0,1009.9267535140062
2021-10-19 06:00:00,0.0,1009.9267535140062
2021-10-19 07:00:00,0.0,1009.9501620738414
2021-10-19 08:00:00,0.0,1009.9501620738414
2021-10-19 09:00:00,0.0,1009.9501620738414
2021-10-19 10:00:00,0.0,1009.9501620738414
2021-10-19 11:00:00,0.0,1009.9501620738414
2021-10-19 12:00:00,0.0,1009.9501620738414
2021-10-19 13:00:00,0.0,1009.9501620738414
2021-10-19 14:00:00,0.0,1010.0
2021-10-19 15:00:00,0.0,1010.0
2021-10-19 16:00:00,0.0,1010.0
2021-10-19 17:00:00,0.0,1010.0
2021-10-19 18:00:00,0.0,1010.0
2021-10-19 19:00:00,1.850492354556709,1009.9691584607574
2021-10-19 20:00:00,0.0,1009.9691584607574
2021-10-19 21:00:00,0.0,1009.9691584607574
2021-10-19 22:00:00,2.1466910980572713,1009.9333802757898
2021-10-19 23:00:00,1.519590802773915,1009.9080537624102
2021-10-20 00:00:00,1.0959869239570819,1009.8897873136776
2021-10-20 01:00:00,3.207149290099748,1009.8363348255092
2021-10-20 02:00:00,1.6301760065324755,1009.8091652254004
2021-10-20 03:00:00,0.0,1009.8091652254004
2021-10-20 04:00:00,0.0,1009.8091652254004
2021-10-20 05:00:00,0.0,1009.8091652254004
2021-10-20 06:00:00,0.0,1009.8091652254004
2021-10-20 07:00:00,0.0,1009.840006764643
2021-10-20 08:00:00,0.0,1009.840006764643
2021-10-20 09:00:00,0.0,1009.840006764643
2021-10-20 10:00:00,1.4604224058245174,1009.8514445761803
2021-10-20 11:00:00,0.0,1009.8767710895597
2021-10-20 12:00:00,0.0,1009.8950375382924
2021-10-20 13:00:00,0.0,1009.9484900264607
2021-10-20 14:00:00,0.0,1009.9756596265696
2021-10-20 15:00:00,0.0,1009.9756596265696
2021-10-20 16:00:00,1.184588683790325,1009.9559164818397
2021-10-20 17:00:00,0.0,1009.9559164818397
2021-10-20 18:00:00,0.0,1009.9559164818397
2021-10-20 19:00:00,0.0,1009.9559164818397
2021-10-20 20:00:00,0.0,1009.9559164818397
2021-10-20 21:00:00,0.0,1009.9559164818397
2021-10-20 22:00:00,0.0,1009.9802568552701
2021-10-20 23:00:00,0.0,1009.9802568552701
2021-10-21 00:00:00,0.0,1009.9802568552701
2021-10-21 01:00:00,1.3875302282736062,1009.9571313514656
2021-10-21 02:00:00,0.0,1009.9571313514656
2021-10-21 03:00:00,0.0,1009.9571313514656
2021-10-21 04:00:00,0.0,1009.9768744961955
2021-10-21 05:00:00,0.0,1009.9768744961955
2021-10-21 06:00:00,0.0,1009.9768744961955
2021-10-21 07:00:00,0.0,1009.9768744961955
2021-10-21 08:00:00,0.0,1009.9768744961955
2021-10-21 09:00:00,0.0,1009.9768744961955
2021-10-21 10:00:00,4.992513639814294,1009.8936659355319
2021-10-21 11:00:00,1.1163920194425119,1009.8750594018745
2021-10-21 12:00:00,0.0,1009.8750594018745
2021-10-21 13:00:00,0.0,1009.898184905679
2021-10-21 14:00:00,1.0552153494008385,1009.8805979831891
2021-10-21 15:00:00,0.0,1009.8805979831891
2021-10-21 16:00:00,0.0,1009.8805979831891
2021-10-21 17:00:00,1.5194476091435551,1009.85527385637
2021-10-21 18:00:00,0.0,1009.85527385637
2021-10-21 19:00:00,0.0,1009.85527385637
2021-10-21 20:00:00,0.0,1009.85527385637
2021-10-21 21:00:00,0.0,1009.85527385637
2021-10-21 22:00:00,0.0,1009.9384824170336
2021-10-21 23:00:00,0.0,1009.957088950691
2021-10-22 00:00:00,0.0,1009.957088950691
2021-10-22 01:00:00,0.0,1009.957088950691
2021-10-22 02:00:00,0.0,1009.9746758731809
2021-10-22 03:00:00,0.0,1009.9746758731809
2021-10-22 04:00:00,0.0,1009.9746758731809
2021-10-22 05:00:00,0.0,1010.0
2021-10-22 06:00:00,0.0,1010.0
2021-10-22 07:00:00,0.0,1010.0
2021-10-22 08:00:00,1.5876327683151614,1009.9735394538615
2021-10-22 09:00:00,2.1581265600869335,1009.93757067786
2021-10-22 10:00:00,0.0,1009.93757067786
2021-10-22 11:00:00,0.0,1009.93757067786
2021-10-22 12:00:00,0.0,1009.93757067786
2021-10-22 13:00:00,0.0,1009.93757067786
2021-10-22 14:00:00,0.0,1009.93757067786
2021-10-22 15:00:00,0.0,1009.93757067786
2021-10-22 16:00:00,0.0,1009.93757067786
2021-10-22 17:00:00,0.0,1009.93757067786
2021-10-22 18:00:00,0.0,1009.93757067786
2021-10-22 19:00:00,0.0,1009.93757067786
2021-10-22 20:00:00,0.0,1009.9640312239985
2021-10-22 21:00:00,2.095600937378789,1009.9650733177103
2021-10-22 22:00:00,0.0,1009.9650733177103
2021-10-22 23:00:00,0.0,1009.9650733177103
2021-10-23 00:00:00,0.0,1009.9650733177103
2021-10-23 01:00:00,0.0,1009.9650733177103
2021-10-23 02:00:00,0.0,1009.9650733177103
2021-10-23 03:00:00,0.0,1009.9650733177103
2021-10-23 04:00:00,0.0,1009.9650733177103
2021-10-23 05:00:00,1.42109531797708,1009.9413883957441
2021-10-23 06:00:00,0.0,1009.9413883957441
2021-10-23 07:00:00,0.0,1009.9413883957441
2021-10-23 08:00:00,0.0,1009.9413883957441
2021-10-23 09:00:00,0.0,1009.9763150780337
2021-10-23 10:00:00,0.0,1009.9763150780337
2021-10-23 11:00:00,1.682788828721299,1009.948268597555
2021-10-23 12:00:00,0.0,1009.948268597555
2021-10-23 13:00:00,0.0,1009.948268597555
2021-10-23 14:00:00,0.0,1009.948268597555
2021-10-23 15:00:00,0.0,1009.948268597555
2021-10-23 16:00:00,0.0,1009.948268597555
2021-10-23 17:00:00,0.0,1009.9719535195213
2021-10-23 18:00:00,0.0,1009.9719535195213
2021-10-23 19:00:00,0.0,1009.9719535195213
2021-10-23 20:00:00,0.0,1009.9719535195213
2021-10-23 21:00:00,0.0,1009.9719535195213
2021-10-23 22:00:00,0.0,1009.9719535195213
2021-10-23 23:00:00,0.0,1010.0
2021-10-24 00:00:00,1.2510996805391126,1009.9791483386576
2021-10-24 01:00:00,0.0,1009.9791483386576
2021-10-24 02:00:00,0.0,1009.9791483386576
2021-10-24 03:00:00,0.0,1009.9791483386576
2021-10-24 04:00:00,0.0,1009.9791483386576
2021-10-24 05:00:00,0.0,1009.9791483386576
2021-10-24 06:00:00,0.0,1009.9791483386576
2021-10-24 07:00:00,0.0,1009.9791483386576
2021-10-24 08:00:00,0.0,1009.9791483386576
2021-10-24 09:00:00,0.0,1009.9791483386576
2021-10-24 10:00:00,0.0,1009.9791483386576
2021-10-24 11:00:00,0.0,1009.9791483386576
2021-10-24 12:00:00,1.1632298233307465,1009.9806128362778
2021-10-24 13:00:00,0.0,1009.9806128362778
2021-10-24 14:00:00,0.0,1009.9806128362778
2021-10-24 15:00:00,0.0,1009.9806128362778
2021-10-24 16:00:00,0.0,1009.9806128362778
2021-10-24 17:00:00,0.0,1009.9806128362778
2021-10-24 18:00:00,0.0,1009.9806128362778
2021-10-24 19:00:00,0.0,1009.9806128362778
2021-10-24 20:00:00,0.0,1009.9806128362778
2021-10-24 21:00:00,0.0,1009.9806128362778
2021-10-24 22:00:00,0.0,1009.9806128362778
2021-10-24 23:00:00,1.2799799940311303,1009.9592798363773
2021-10-25 00:00:00,1.3621195450535657,1009.9559650076819
2021-10-25 01:00:00,1.3774725567569512,1009.933007131736
2021-10-25 02:00:00,4.092208647866287,1009.8648036542716
2021-10-25 03:00:00,0.0,1009.8648036542716
2021-10-25 04:00:00,0.0,1009.8648036542716
2021-10-25 05:00:00,0.0,1009.8648036542716
2021-10-25 06:00:00,0.0,1009.8648036542716
2021-10-25 07:00:00,0.0,1009.8648036542716
2021-10-25 08:00:00,0.0,1009.8648036542716
2021-10-25 09:00:00,0.0,1009.8648036542716
2021-10-25 10:00:00,0.0,1009.8648036542716
2021-10-25 11:00:00,0.0,1009.8861366541721
2021-10-25 12:00:00,0.0,1009.9088386465896
2021-10-25 13:00:00,0.0,1009.9317965225356
2021-10-25 14:00:00,0.0,1010.0
2021-10-25 15:00:00,0.0,1010.0
2021-10-25 16:00:00,1.565015798851443,1009.9739164033525
2021-10-25 17:00:00,0.0,1009.9739164033525
2021-10-25 18:00:00,0.0,1009.9739164033525
2021-10-25 19:00:00,0.0,1009.9739164033525
2021-10-25 20:00:00,0.0,1009.9739164033525
2021-10-25 21:00:00,1.047422324444756,1009.9564593646118
2021-10-25 22:00:00,0.0,1009.9564593646118
2021-10-25 23:00:00,0.0,1009.9564593646118
2021-10-26 00:00:00,0.0,1009.9564593646118
2021-10-26 01:00:00,0.0,1009.9564593646118
2021-10-26 02:00:00,0.0,1009.9564593646118
2021-10-26 03:00:00,0.0,1009.9564593646118
2021-10-26 04:00:00,0.0,1009.9825429612592
2021-10-26 05:00:00,0.0,1009.9825429612592
2021-10-26 06:00:00,0.0,1009.9825429612592
2021-10-26 07:00:00,0.0,1009.9825429612592
2021-10-26 08:00:00,0.0,1009.9825429612592
2021-10-26 09:00:00,0.0,1010.0
2021-10-26 10:00:00,0.0,1010.0
2021-10-26 11:00:00,0.0,1010.0
2021-10-26 12:00:00,0.0,1010.0
2021-10-26 13:00:00,0.0,1010.0
2021-10-26 14:00:00,0.0,1010.0
2021-10-26 15:00:00,0.0,1010.0
2021-10-26 16:00:00,1.4191891259491545,1009.9763468479008
2021-10-26 17:00:00,1.0668397330275878,1009.9585661856837
2021-10-26 18:00:00,0.0,1009.9585661856837
2021-10-26 19:00:00,0.0,1009.9585661856837
2021-10-26 20:00:00,0.0,1009.9585661856837
2021-10-26 21:00:00,0.0,1009.9585661856837
2021-10-26 22:00:00,0.0,1009.9585661856837
2021-10-26 23:00:00,0.0,1009.9585661856837
2021-10-27 00:00:00,0.0,1009.9585661856837
2021-10-27 01:00:00,0.0,1009.9585661856837
2021-10-27 02:00:00,0.0,1009.9585661856837
2021-10-27 03:00:00,0.0,1009.9585661856837
2021-10-27 04:00:00,0.0,1009.9822193377829
2021-10-27 05:00:00,0.0,1010.0
2021-10-27 06:00:00,0.0,1010.0
2021-10-27 07:00:00,1.9077424099611129,1009.9682042931673
2021-10-27 08:00:00,0.0,1009.9682042931673
2021-10-27 09:00:00,0.0,1009.9682042931673
2021-10-27 10:00:00,1.5093933357843898,1009.943047737571
2021-10-27 11:00:00,0.0,1009.943047737571
2021-10-27 12:00:00,2.7364612296937505,1009.8974400504094
2021-10-27 13:00:00,0.0,1009.8974400504094
2021-10-27 14:00:00,0.0,1009.8974400504094
2021-10-27 15:00:00,1.120546201620484,1009.8787642803824
2021-10-27 16:00:00,0.0,1009.8787642803824
2021-10-27 17:00:00,0.0,1009.8787642803824
2021-10-27 18:00:00,1.4894071176384291,1009.8539408284217
2021-10-27 19:00:00,0.0,1009.8857365352544
2021-10-27 20:00:00,0.0,1009.8857365352544
2021-10-27 21:00:00,0.0,1009.8857365352544
2021-10-27 22:00:00,0.0,1009.9108930908508
2021-10-27 23:00:00,0.0,1009.9108930908508
2021-10-28 00:00:00,0.0,1009.9565007780124
2021-10-28 01:00:00,0.0,1009.9565007780124
2021-10-28 02:00:00,0.0,1009.9565007780124
2021-10-28 03:00:00,0.0,1009.9751765480394
2021-10-28 04:00:00,0.0,1009.9751765480394
2021-10-28 05:00:00,0.0,1009.9751765480394
2021-10-28 06:00:00,0.0,1010.0
2021-10-28 07:00:00,0.0,1010.0
2021-10-28 08:00:00,0.0,1010.0
2021-10-28 09:00:00,2.1527021883508004,1009.9641216301942
2021-10-28 10:00:00,0.0,1009.9641216301942
2021-10-28 11:00:00,0.0,1009.9641216301942
2021-10-28 12:00:00,0.0,1009.9641216301942
2021-10-28 13:00:00,0.0,1009.9641216301942
2021-10-28 14:00:00,0.0,1009.9641216301942
2021-10-28 15:00:00,0.0,1009.9641216301942
2021-10-28 16:00:00,0.0,1009.9641216301942
2021-10-28 17:00:00,0.0,1009.9641216301942
2021-10-28 18:00:00,1.1067914371536927,1009.9456751062415
2021-10-28 19:00:00,0.0,1009.9456751062415
2021-10-28 20:00:00,0.0,1009.9456751062415
2021-10-28 21:00:00,0.0,1009.9815534760475
2021-10-28 22:00:00,0.0,1009.9815534760475
2021-10-28 23:00:00,0.0,1009.9815534760475
2021-10-29 00:00:00,0.0,1009.9815534760475
2021-10-29 01:00:00,0.0,1009.9815534760475
2021-10-29 02:00:00,0.0,1009.9815534760475
2021-10-29 03:00:00,0.0,1009.9815534760475
2021-10-29 04:00:00,0.0,1009.9815534760475
2021-10-29 05:00:00,0.0,1009.9815534760475
2021-10-29 06:00:00,0.0,1010.0
2021-10-29 07:00:00,0.0,1010.0
2021-10-29 08:00:00,0.0,1010.0
2021-10-29 09:00:00,0.0,1010.0
2021-10-29 10:00:00,4.801497943164341,1009.9199750342806
2021-10-29 11:00:00,0.0,1009.9199750342806
2021-10-29 12:00:00,0.0,1009.9199750342806
2021-10-29 13:00:00,0.0,1009.9199750342806
2021-10-29 14:00:00,0.0,1009.9199750342806
2021-10-29 15:00:00,0.0,1009.9199750342806
2021-10-29 16:00:00,0.0,1009.9199750342806
2021-10-29 17:00:00,0.0,1009.9199750342806
2021-10-29 18:00:00,0.0,1009.9199750342806
2021-10-29 19:00:00,0.0,1009.9199750342806
2021-10-29 20:00:00,1.1463889650078856,1009.9008685515305
2021-10-29 21:00:00,0.0,1009.9008685515305
2021-10-29 22:00:00,0.0,1009.9808935172499
2021-10-29 23:00:00,0.0,1009.9808935172499
2021-10-30 00:00:00,2.4303316379477957,1009.9403879899508
2021-10-30 01:00:00,1.0418467680531003,1009.9230238771498
2021-10-30 02:00:00,0.0,1009.9230238771498
2021-10-30 03:00:00,0.0,1009.9230238771498
2021-10-30 04:00:00,0.0,1009.9230238771498
2021-10-30 05:00:00,0.0,1009.9230238771498
2021-10-30 06:00:00,0.0,1009.9230238771498
2021-10-30 07:00:00,0.0,1009.9230238771498
2021-10-30 08:00:00,0.0,1009.9421303599
2021-10-30 09:00:00,0.0,1009.9421303599
2021-10-30 10:00:00,0.0,1009.9421303599
2021-10-30 11:00:00,0.0,1009.9421303599
2021-10-30 12:00:00,0.0,1009.9826358871991
2021-10-30 13:00:00,0.0,1010.0
2021-10-30 14:00:00,0.0,1010.0
2021-10-30 15:00:00,0.0,1010.0
2021-10-30 16:00:00,0.0,1010.0
2021-10-30 17:00:00,0.0,1010.0
2021-10-30 18:00:00,1.122835074997004,1009.9812860820833
2021-10-30 19:00:00,1.0300265974692082,1009.9641189721256
2021-10-30 20:00:00,0.0,1009.9641189721256
2021-10-30 21:00:00,1.3544617551869473,1009.9415446095392
2021-10-30 22:00:00,0.0,1009.9415446095392
2021-10-30 23:00:00,0.0,1009.9415446095392
2021-10-31 00:00:00,0.0,1009.9415446095392
2021-10-31 01:00:00,0.0,1009.9415446095392
2021-10-31 02:00:00,0.0,1009.9415446095392
2021-10-31 03:00:00,0.0,1009.9415446095392
2021-10-31 04:00:00,0.0,1009.9415446095392
2021-10-31 05:00:00,0.0,1009.9415446095392
2021-10-31 06:00:00,0.0,1009.9602585274557
2021-10-31 07:00:00,0.0,1009.9774256374136
2021-10-31 08:00:00,0.0,1009.9774256374136
2021-10-31 09:00:00,0.0,1010.0
2021-10-31 10:00:00,0.0,1010.0
2021-10-31 11:00:00,0.0,1010.0
2021-10-31 12:00:00,0.0,1010.0
2021-10-31 13:00:00,0.0,1010.0
2021-10-31 14:00:00,2.91865985147537,1009.9513556691421
2021-10-31 15:00:00,0.0,1009.9513556691421
2021-10-31 16:00:00,0.0,1009.9513556691421
2021-10-31 17:00:00,0.0,1009.9513556691421
2021-10-31 18:00:00,1.6045931201365145,1009.9246124504731
2021-10-31 19:00:00,0.0,1009.9246124504731
2021-10-31 20:00:00,2.213032721292099,1009.8877285717849
2021-10-31 21:00:00,0.0,1009.8877285717849
2021-10-31 22:00:00,0.0,1009.8877285717849
2021-10-31 23:00:00,0.0,1009.8877285717849
2021-11-01 00:00:00,0.0,1009.8877285717849
2021-11-01 01:00:00,0.0,1009.8877285717849
2021-11-01 02:00:00,0.0,1009.9363729026428
2021-11-01 03:00:00,0.0,1009.9363729026428
2021-11-01 04:00:00,0.0,1009.9363729026428
2021-11-01 05:00:00,1.0022487285240027,1009.9196687571674
2021-11-01 06:00:00,0.0,1009.9464119758364
2021-11-01 07:00:00,0.0,1009.9464119758364
2021-11-01 08:00:00,0.0,1009.9832958545246
2021-11-01 09:00:00,1.6308501846706727,1009.9561150181135
2021-11-01 10:00:00,0.0,1009.9561150181135
2021-11-01 11:00:00,0.0,1009.9561150181135
2021-11-01 12:00:00,0.0,1009.9561150181135
2021-11-01 13:00:00,0.0,1009.9561150181135
2021-11-01 14:00:00,0.0,1009.9561150181135
2021-11-01 15:00:00,0.0,1009.9561150181135
2021-11-01 16:00:00,0.0,1009.9561150181135
2021-11-01 17:00:00,0.0,1009.9728191635888
2021-11-01 18:00:00,0.0,1009.9728191635888
2021-11-01 19:00:00,2.9111805856397055,1009.9242994871615
2021-11-01 20:00:00,0.0,1009.9242994871615
2021-11-01 21:00:00,0.0,1009.9514803235727
2021-11-01 22:00:00,0.0,1009.9514803235727
2021-11-01 23:00:00,0.0,1009.9514803235727
2021-11-02 00:00:00,0.0,1009.9514803235727
2021-11-02 01:00:00,0.0,1009.9514803235727
2021-11-02 02:00:00,1.660553153221243,1009.9238044376857
2021-11-02 03:00:00,0.0,1009.9238044376857
2021-11-02 04:00:00,2.308598874467047,1009.8853277897779
2021-11-02 05:00:00,0.0,1009.8853277897779
2021-11-02 06:00:00,0.0,1009.8853277897779
2021-11-02 07:00:00,0.0,1009.9338474662052
2021-11-02 08:00:00,0.0,1009.9338474662052
2021-11-02 09:00:00,0.0,1009.9338474662052
2021-11-02 10:00:00,1.110890436275088,1009.9153326256006
2021-11-02 11:00:00,0.0,1009.9153326256006
2021-11-02 12:00:00,1.2186956230737827,1009.8950210318827
2021-11-02 13:00:00,0.0,1009.8950210318827
2021-11-02 14:00:00,0.0,1009.9226969177697
2021-11-02 15:00:00,1.0155527802115856,1009.9057710380995
2021-11-02 16:00:00,0.0,1009.9442476860073
2021-11-02 17:00:00,0.0,1009.9442476860073
2021-11-02 18:00:00,0.0,1009.9442476860073
2021-11-02 19:00:00,0.0,1009.9442476860073
2021-11-02 20:00:00,0.0,1009.9442476860073
2021-11-02 21:00:00,1.4709298858900826,1009.9197321879092
2021-11-02 22:00:00,0.0,1009.9382470285137
2021-11-02 23:00:00,0.0,1009.9382470285137
2021-11-03 00:00:00,0.0,1009.9585586222316
2021-11-03 01:00:00,0.0,1009.9585586222316
2021-11-03 02:00:00,0.0,1009.9585586222316
2021-11-03 03:00:00,0.0,1009.9754845019019
2021-11-03 04:00:00,0.0,1009.9754845019019
2021-11-03 05:00:00,0.0,1009.9754845019019
2021-11-03 06:00:00,0.0,1009.9754845019019
2021-11-03 07:00:00,0.0,1009.9754845019019
2021-11-03 08:00:00,0.0,1009.9754845019019
2021-11-03 09:00:00,0.0,1010.0
2021-11-03 10:00:00,0.0,1010.0
2021-11-03 11:00:00,0.0,1010.0
2021-11-03 12:00:00,1.1817317475343376,1009.9803044708744
2021-11-03 13:00:00,0.0,1009.9803044708744
2021-11-03 14:00:00,0.0,1009.9803044708744
2021-11-03 15:00:00,0.0,1009.9803044708744
2021-11-03 16:00:00,0.0,1009.9803044708744
2021-11-03 17:00:00,0.0,1009.9803044708744
2021-11-03 18:00:00,0.0,1009.9803044708744
2021-11-03 19:00:00,0.0,1009.9803044708744
2021-11-03 20:00:00,0.0,1009.9803044708744
2021-11-03 21:00:00,3.1703766162835842,1009.927464860603
2021-11-03 22:00:00,0.0,1009.927464860603
2021-11-03 23:00:00,0.0,1009.927464860603
2021-11-04 00:00:00,0.0,1009.9471603897287
2021-11-04 01:00:00,0.0,1009.9471603897287
2021-11-04 02:00:00,0.0,1009.9471603897287
2021-11-04 03:00:00,0.0,1009.9471603897287
2021-11-04 04:00:00,0.0,1009.9471603897287
2021-11-04 05:00:00,0.0,1009.9471603897287
2021-11-04 06:00:00,1.419883554964021,1009.9234956638126
2021-11-04 07:00:00,1.3636676501762328,1009.9007678696429
2021-11-04 08:00:00,0.0,1009.9007678696429
2021-11-04 09:00:00,2.439063348695324,1009.9129564241027
2021-11-04 10:00:00,0.0,1009.9129564241027
2021-11-04 11:00:00,0.0,1009.9129564241027
2021-11-04 12:00:00,0.0,1009.9129564241027
2021-11-04 13:00:00,0.0,1009.9129564241027
2021-11-04 14:00:00,0.0,1009.9129564241027
2021-11-04 15:00:00,0.0,1009.9129564241027
2021-11-04 16:00:00,0.0,1009.9129564241027
2021-11-04 17:00:00,2.27586382568541,1009.8750253603413
2021-11-04 18:00:00,0.0,1009.8986900862574
2021-11-04 19:00:00,0.0,1009.921417880427
2021-11-04 20:00:00,0.0,1009.921417880427
2021-11-04 21:00:00,0.0,1009.9620689362386
2021-11-04 22:00:00,0.0,1009.9620689362386
2021-11-04 23:00:00,0.0,1009.9620689362386
2021-11-05 00:00:00,0.0,1009.9620689362386
2021-11-05 01:00:00,0.0,1009.9620689362386
2021-11-05 02:00:00,1.156793850418067,1009.9427890387316
2021-11-05 03:00:00,0.0,1009.9427890387316
2021-11-05 04:00:00,1.632937497754793,1009.915573413769
2021-11-05 05:00:00,0.0,1009.9535044775305
2021-11-05 06:00:00,0.0,1009.9535044775305
2021-11-05 07:00:00,0.0,1009.9535044775305
2021-11-05 08:00:00,1.0180417860252007,1009.93653711443
2021-11-05 09:00:00,0.0,1009.93653711443
2021-11-05 10:00:00,0.0,1009.93653711443
2021-11-05 11:00:00,0.0,1009.93653711443
2021-11-05 12:00:00,0.0,1009.93653711443
2021-11-05 13:00:00,0.0,1009.93653711443
2021-11-05 14:00:00,0.0,1009.955817011937
2021-11-05 15:00:00,0.0,1009.955817011937
2021-11-05 16:00:00,0.0,1009.9830326368996
2021-11-05 17:00:00,0.0,1009.9830326368996
2021-11-05 18:00:00,1.2320176678931665,1009.9624990091014
2021-11-05 19:00:00,1.082096343749884,1009.9444640700389
2021-11-05 20:00:00,0.0,1009.9614314331393
2021-11-05 21:00:00,0.0,1009.9614314331393
2021-11-05 22:00:00,0.0,1009.9614314331393
2021-11-05 23:00:00,0.0,1009.9614314331393
2021-11-06 00:00:00,0.0,1009.9614314331393
2021-11-06 01:00:00,0.0,1009.9614314331393
2021-11-06 02:00:00,0.0,1009.9614314331393
2021-11-06 03:00:00,1.3821329871644719,1009.9383958833532
2021-11-06 04:00:00,0.0,1009.9383958833532
2021-11-06 05:00:00,0.0,1009.9383958833532
2021-11-06 06:00:00,0.0,1009.9589295111514
2021-11-06 07:00:00,1.5501910315507508,1009.9511279330214
2021-11-06 08:00:00,0.0,1009.9511279330214
2021-11-06 09:00:00,0.0,1009.9511279330214
2021-11-06 10:00:00,0.0,1009.9511279330214
2021-11-06 11:00:00,0.0,1009.9511279330214
2021-11-06 12:00:00,1.917143831949224,1009.9191755358222
2021-11-06 13:00:00,0.0,1009.9191755358222
2021-11-06 14:00:00,0.0,1009.9191755358222
2021-11-06 15:00:00,0.0,1009.9422110856083
2021-11-06 16:00:00,0.0,1009.9422110856083
2021-11-06 17:00:00,0.0,1009.9422110856083
2021-11-06 18:00:00,0.0,1009.9422110856083
2021-11-06 19:00:00,0.0,1009.9680476028009
2021-11-06 20:00:00,0.0,1009.9680476028009
2021-11-06 21:00:00,0.0,1009.9680476028009
2021-11-06 22:00:00,0.0,1009.9680476028009
2021-11-06 23:00:00,0.0,1009.9680476028009
2021-11-07 00:00:00,1.5160532250384815,1009.9747324462494
2021-11-07 01:00:00,0.0,1009.9747324462494
2021-11-07 02:00:00,0.0,1009.9747324462494
2021-11-07 03:00:00,0.0,1009.9747324462494
2021-11-07 04:00:00,1.4930817442644289,1009.9498477505116
2021-11-07 05:00:00,0.0,1009.9498477505116
2021-11-07 06:00:00,0.0,1009.9498477505116
2021-11-07 07:00:00,0.0,1009.9498477505116
2021-11-07 08:00:00,1.477668142126615,1009.9252199481429
2021-11-07 09:00:00,0.0,1009.9252199481429
2021-11-07 10:00:00,0.0,1009.9252199481429
2021-11-07 11:00:00,0.0,1009.9252199481429
2021-11-07 12:00:00,1.8793087187795683,1009.9191656899138
2021-11-07 13:00:00,1.0113994656949843,1009.9023090321523
2021-11-07 14:00:00,0.0,1009.9023090321523
2021-11-07 15:00:00,0.0,1009.9023090321523
2021-11-07 16:00:00,0.0,1009.92719372789
2021-11-07 17:00:00,0.0,1009.92719372789
2021-11-07 18:00:00,0.0,1009.92719372789
2021-11-07 19:00:00,1.3026627324389692,1009.9054826823493
2021-11-07 20:00:00,0.0,1009.930110484718
2021-11-07 21:00:00,0.0,1009.930110484718
2021-11-07 22:00:00,0.0,1009.930110484718
2021-11-07 23:00:00,0.0,1009.930110484718
2021-11-08 00:00:00,0.0,1009.9614322966978
2021-11-08 01:00:00,0.0,1009.9782889544593
2021-11-08 02:00:00,0.0,1009.9782889544593
2021-11-08 03:00:00,0.0,1009.9782889544593
2021-11-08 04:00:00,0.0,1009.9782889544593
2021-11-08 05:00:00,0.0,1009.9782889544593
2021-11-08 06:00:00,0.0,1009.9782889544593
2021-11-08 07:00:00,0.0,1010.0
2021-11-08 08:00:00,0.0,1010.0
2021-11-08 09:00:00,0.0,1010.0
2021-11-08 10:00:00,1.0389530197447723,1009.9826841163376
2021-11-08 11:00:00,0.0,1009.9826841163376
2021-11-08 12:00:00,0.0,1009.9826841163376
2021-11-08 13:00:00,0.0,1009.9826841163376
2021-11-08 14:00:00,0.0,1009.9826841163376
2021-11-08 15:00:00,0.0,1009.9826841163376
2021-11-08 16:00:00,0.0,1009.9826841163376
2021-11-08 17:00:00,0.0,1009.9826841163376
2021-11-08 18:00:00,0.0,1009.9826841163376
2021-11-08 19:00:00,1.2055862664667938,1009.9625910118965
2021-11-08 20:00:00,0.0,1009.9625910118965
2021-11-08 21:00:00,0.0,1009.9625910118965
2021-11-08 22:00:00,0.0,1009.9799068955589
2021-11-08 23:00:00,0.0,1009.9799068955589
2021-11-09 00:00:00,0.0,1009.9799068955589
2021-11-09 01:00:00,0.0,1009.9799068955589
2021-11-09 02:00:00,0.0,1009.9799068955589
2021-11-09 03:00:00,0.0,1009.9799068955589
2021-11-09 04:00:00,0.0,1009.9799068955589
2021-11-09 05:00:00,0.0,1009.9799068955589
2021-11-09 06:00:00,0.0,1009.9799068955589
2021-11-09 07:00:00,0.0,1010.0
2021-11-09 08:00:00,0.0,1010.0
2021-11-09 09:00:00,0.0,1010.0
2021-11-09 10:00:00,0.0,1010.0
2021-11-09 11:00:00,0.0,1010.0
2021-11-09 12:00:00,0.0,1010.0
2021-11-09 13:00:00,0.0,1010.0
2021-11-09 14:00:00,0.0,1010.0
2021-11-09 15:00:00,0.0,1010.0
2021-11-09 16:00:00,0.0,1010.0
2021-11-09 17:00:00,0.0,1010.0
2021-11-09 18:00:00,0.0,1010.0
2021-11-09 19:00:00,0.0,1010.0
2021-11-09 20:00:00,0.0,1010.0
2021-11-09 21:00:00,0.0,1010.0
2021-11-09 22:00:00,0.0,1010.0
2021-11-09 23:00:00,0.0,1010.0
2021-11-10 00:00:00,0.0,1010.0
2021-11-10 01:00:00,1.1510354880402187,1009.9808160751993
2021-11-10 02:00:00,0.0,1009.9808160751993
2021-11-10 03:00:00,1.9513795951485888,1009.9482930819469
2021-11-10 04:00:00,0.0,1009.9482930819469
2021-11-10 05:00:00,0.0,1009.9482930819469
2021-11-10 06:00:00,0.0,1009.9482930819469
2021-11-10 07:00:00,0.0,1009.9482930819469
2021-11-10 08:00:00,0.0,1009.9482930819469
2021-11-10 09:00:00,0.0,1009.9482930819469
2021-11-10 10:00:00,1.328631097201023,1009.9261492303268
2021-11-10 11:00:00,0.0,1009.9261492303268
2021-11-10 12:00:00,0.0,1009.9261492303268
2021-11-10 13:00:00,1.8076153245996496,1009.9152062330509
2021-11-10 14:00:00,0.0,1009.9152062330509
2021-11-10 15:00:00,0.0,1009.9477292263033
2021-11-10 16:00:00,0.0,1009.9477292263033
2021-11-10 17:00:00,1.4264768128145993,1009.9239546127565
2021-11-10 18:00:00,1.4478769159021065,1009.8998233308247
2021-11-10 19:00:00,0.0,1009.8998233308247
2021-11-10 20:00:00,0.0,1009.8998233308247
2021-11-10 21:00:00,0.0,1009.8998233308247
2021-11-10 22:00:00,0.0,1009.9219671824447
2021-11-10 23:00:00,0.0,1009.9219671824447
2021-11-11 00:00:00,0.0,1009.9219671824447
2021-11-11 01:00:00,0.0,1009.9520941045214
2021-11-11 02:00:00,0.0,1009.9520941045214
2021-11-11 03:00:00,0.0,1009.9520941045214
2021-11-11 04:00:00,0.0,1009.9520941045214
2021-11-11 05:00:00,0.0,1009.9758687180683
2021-11-11 06:00:00,0.0,1010.0
2021-11-11 07:00:00,0.0,1010.0
2021-11-11 08:00:00,0.0,1010.0
2021-11-11 09:00:00,0.0,1010.0
2021-11-11 10:00:00,2.8437282948820766,1009.9526045284186
2021-11-11 11:00:00,0.0,1009.9526045284186
2021-11-11 12:00:00,0.0,1009.9526045284186
2021-11-11 13:00:00,0.0,1009.9526045284186
2021-11-11 14:00:00,0.0,1009.9526045284186
2021-11-11 15:00:00,0.0,1009.9526045284186
2021-11-11 16:00:00,0.0,1009.9526045284186
2021-11-11 17:00:00,1.1377758884413547,1009.9336415969447
2021-11-11 18:00:00,0.0,1009.9336415969447
2021-11-11 19:00:00,0.0,1009.9336415969447
2021-11-11 20:00:00,1.6509394319607598,1009.9061259397453
2021-11-11 21:00:00,1.848811679312393,1009.8753124117567
2021-11-11 22:00:00,0.0,1009.9227078833381
2021-11-11 23:00:00,0.0,1009.9227078833381
2021-11-12 00:00:00,1.6505670297391029,1009.8951984328424
2021-11-12 01:00:00,0.0,1009.8951984328424
2021-11-12 02:00:00,0.0,1009.8951984328424
2021-11-12 03:00:00,0.0,1009.8951984328424
2021-11-12 04:00:00,0.0,1009.8951984328424
2021-11-12 05:00:00,0.0,1009.9141613643164
2021-11-12 06:00:00,0.0,1009.9141613643164
2021-11-12 07:00:00,1.7410111356735274,1009.8851445120553
2021-11-12 08:00:00,0.0,1009.9126601692545
2021-11-12 09:00:00,0.0,1009.9434736972431
2021-11-12 10:00:00,0.0,1009.9434736972431
2021-11-12 11:00:00,0.0,1009.9434736972431
2021-11-12 12:00:00,0.0,1009.9709831477388
2021-11-12 13:00:00,0.0,1009.9709831477388
2021-11-12 14:00:00,0.0,1009.9709831477388
2021-11-12 15:00:00,0.0,1009.9709831477388
2021-11-12 16:00:00,0.0,1009.9709831477388
2021-11-12 17:00:00,0.0,1009.9709831477388
2021-11-12 18:00:00,0.0,1009.9709831477388
2021-11-12 19:00:00,0.0,1010.0
2021-11-12 20:00:00,0.0,1010.0
2021-11-12 21:00:00,0.0,1010.0
2021-11-12 22:00:00,0.0,1010.0
2021-11-12 23:00:00,0.0,1010.0
2021-11-13 00:00:00,0.0,1010.0
2021-11-13 01:00:00,0.0,1010.0
2021-11-13 02:00:00,3.595162550516167,1009.9400806241581
2021-11-13 03:00:00,1.2904982014388282,1009.9185723208008
2021-11-13 04:00:00,0.0,1009.9185723208008
2021-11-13 05:00:00,0.0,1009.9185723208008
2021-11-13 06:00:00,0.0,1009.9185723208008
2021-11-13 07:00:00,0.0,1009.9185723208008
2021-11-13 08:00:00,3.091823279823436,1009.8670419328037
2021-11-13 09:00:00,0.0,1009.8670419328037
2021-11-13 10:00:00,0.0,1009.8670419328037
2021-11-13 11:00:00,0.0,1009.8670419328037
2021-11-13 12:00:00,0.0,1009.8670419328037
2021-11-13 13:00:00,1.0563731297409622,1009.8494357139747
2021-11-13 14:00:00,0.0,1009.9093550898166
2021-11-13 15:00:00,1.1452519023362804,1009.9117758614683
2021-11-13 16:00:00,1.5220052650479219,1009.8864091070509
2021-11-13 17:00:00,0.0,1009.8864091070509
2021-11-13 18:00:00,0.0,1009.8864091070509
2021-11-13 19:00:00,1.3216468200147644,1009.8643816600506
2021-11-13 20:00:00,0.0,1009.9159120480476
2021-11-13 21:00:00,0.0,1009.9159120480476
2021-11-13 22:00:00,0.0,1009.9159120480476
2021-11-13 23:00:00,0.0,1009.9159120480476
2021-11-14 00:00:00,0.0,1009.9159120480476
2021-11-14 01:00:00,0.0,1009.9335182668767
2021-11-14 02:00:00,0.0,1009.9335182668767
2021-11-14 03:00:00,0.0,1009.9526057985823
2021-11-14 04:00:00,0.0,1009.9779725529997
2021-11-14 05:00:00,0.0,1009.9779725529997
2021-11-14 06:00:00,1.5187469308248853,1009.9526601041526
2021-11-14 07:00:00,0.0,1009.9746875511529
2021-11-14 08:00:00,0.0,1009.9746875511529
2021-11-14 09:00:00,0.0,1009.9746875511529
2021-11-14 10:00:00,0.0,1009.9746875511529
2021-11-14 11:00:00,0.0,1009.9746875511529
2021-11-14 12:00:00,0.0,1009.9746875511529
2021-11-14 13:00:00,0.0,1009.9746875511529
2021-11-14 14:00:00,0.0,1009.9746875511529
2021-11-14 15:00:00,0.0,1009.9746875511529
2021-11-14 16:00:00,0.0,1009.9746875511529
2021-11-14 17:00:00,0.0,1009.9746875511529
2021-11-14 18:00:00,0.0,1010.0
2021-11-14 19:00:00,0.0,1010.0
2021-11-14 20:00:00,1.6468058653865456,1009.9725532355769
2021-11-14 21:00:00,0.0,1009.9725532355769
2021-11-14 22:00:00,0.0,1009.9725532355769
2021-11-14 23:00:00,0.0,1009.9725532355769
2021-11-15 00:00:00,0.0,1009.9725532355769
2021-11-15 01:00:00,0.0,1009.9725532355769
2021-11-15 02:00:00,0.0,1009.9725532355769
2021-11-15 03:00:00,0.0,1009.9725532355769
2021-11-15 04:00:00,0.0,1009.9725532355769
2021-11-15 05:00:00,0.0,1009.9725532355769
2021-11-15 06:00:00,0.0,1009.9725532355769
2021-11-15 07:00:00,0.0,1009.9725532355769
2021-11-15 08:00:00,0.0,1010.0
2021-11-15 09:00:00,0.0,1010.0
2021-11-15 10:00:00,0.0,1010.0
2021-11-15 11:00:00,0.0,1010.0
2021-11-15 12:00:00,0.0,1010.0
2021-11-15 13:00:00,1.1805012503862073,1009.9803249791603
2021-11-15 14:00:00,0.0,1009.9803249791603
2021-11-15 15:00:00,0.0,1009.9803249791603
2021-11-15 16:00:00,0.0,1009.9803249791603
2021-11-15 17:00:00,0.0,1009.9803249791603
2021-11-15 18:00:00,0.0,1009.9803249791603
2021-11-15 19:00:00,0.0,1009.9803249791603
2021-11-15 20:00:00,0.0,1009.9803249791603
2021-11-15 21:00:00,0.0,1009.9803249791603
2021-11-15 22:00:00,0.0,1009.9803249791603
2021-11-15 23:00:00,0.0,1009.9803249791603
2021-11-16 00:00:00,0.0,1009.9803249791603
2021-11-16 01:00:00,1.0840212409254075,1009.9819329793179
2021-11-16 02:00:00,0.0,1009.9819329793179
2021-11-16 03:00:00,0.0,1009.9819329793179
2021-11-16 04:00:00,0.0,1009.9819329793179
2021-11-16 05:00:00,0.0,1009.9819329793179
2021-11-16 06:00:00,0.0,1009.9819329793179
2021-11-16 07:00:00,0.0,1009.9819329793179
2021-11-16 08:00:00,0.0,1009.9819329793179
2021-11-16 09:00:00,0.0,1009.9819329793179
2021-11-16 10:00:00,1.2522391424383494,1009.961062326944
2021-11-16 11:00:00,0.0,1009.961062326944
2021-11-16 12:00:00,0.0,1009.961062326944
2021-11-16 13:00:00,0.0,1009.979129347626
2021-11-16 14:00:00,0.0,1009.979129347626
2021-11-16 15:00:00,0.0,1009.979129347626
2021-11-16 16:00:00,1.0163620625458263,1009.962189979917
2021-11-16 17:00:00,0.0,1009.962189979917
2021-11-16 18:00:00,0.0,1009.962189979917
2021-11-16 19:00:00,0.0,1009.962189979917
2021-11-16 20:00:00,0.0,1009.962189979917
2021-11-16 21:00:00,0.0,1009.962189979917
2021-11-16 22:00:00,0.0,1009.9830606322909
2021-11-16 23:00:00,0.0,1009.9830606322909
2021-11-17 00:00:00,1.9218915136193537,1009.951029107064
2021-11-17 01:00:00,0.0,1009.951029107064
2021-11-17 02:00:00,0.0,1009.951029107064
2021-11-17 03:00:00,0.0,1009.951029107064
2021-11-17 04:00:00,0.0,1009.967968474773
2021-11-17 05:00:00,0.0,1009.967968474773
2021-11-17 06:00:00,2.031230681790631,1009.9341146300765
2021-11-17 07:00:00,0.0,1009.9341146300765
2021-11-17 08:00:00,0.0,1009.9341146300765
2021-11-17 09:00:00,0.0,1009.9341146300765
2021-11-17 10:00:00,1.1642046810970368,1009.9147112187248
2021-11-17 11:00:00,0.0,1009.9147112187248
2021-11-17 12:00:00,1.3943871491139523,1009.9235029581333
2021-11-17 13:00:00,0.0,1009.9235029581333
2021-11-17 14:00:00,0.0,1009.9235029581333
2021-11-17 15:00:00,3.799268276712308,1009.8601818201881
2021-11-17 16:00:00,0.0,1009.8601818201881
2021-11-17 17:00:00,2.9270596987472723,1009.8113974918756
2021-11-17 18:00:00,0.0,1009.8452513365721
2021-11-17 19:00:00,4.946453103827957,1009.7628104515084
2021-11-17 20:00:00,0.0,1009.7628104515084
2021-11-17 21:00:00,0.0,1009.7628104515084
2021-11-17 22:00:00,0.0,1009.78221386286
2021-11-17 23:00:00,0.0,1009.78221386286
2021-11-18 00:00:00,0.0,1009.8054536486785
2021-11-18 01:00:00,1.366605923315241,1009.7826768832899
2021-11-18 02:00:00,2.8705844957326656,1009.734833808361
2021-11-18 03:00:00,0.0,1009.7981549463062
2021-11-18 04:00:00,0.0,1009.7981549463062
2021-11-18 05:00:00,0.0,1009.8469392746188
2021-11-18 06:00:00,0.0,1009.8469392746188
2021-11-18 07:00:00,0.0,1009.9293801596825
2021-11-18 08:00:00,0.0,1009.9293801596825
2021-11-18 09:00:00,0.0,1009.9293801596825
2021-11-18 10:00:00,0.0,1009.9293801596825
2021-11-18 11:00:00,0.0,1009.9293801596825
2021-11-18 12:00:00,0.0,1009.9293801596825
2021-11-18 13:00:00,0.0,1009.9521569250711
2021-11-18 14:00:00,0.0,1010.0
2021-11-18 15:00:00,0.0,1010.0
2021-11-18 16:00:00,0.0,1010.0
2021-11-18 17:00:00,0.0,1010.0
2021-11-18 18:00:00,0.0,1010.0
2021-11-18 19:00:00,0.0,1010.0
2021-11-18 20:00:00,0.0,1010.0
2021-11-18 21:00:00,0.0,1010.0
2021-11-18 22:00:00,0.0,1010.0
2021-11-18 23:00:00,0.0,1010.0
2021-11-19 00:00:00,0.0,1010.0
2021-11-19 01:00:00,0.0,1010.0
2021-11-19 02:00:00,1.5930764578326526,1009.9734487257028
2021-11-19 03:00:00,0.0,1009.9734487257028
2021-11-19 04:00:00,0.0,1009.9734487257028
2021-11-19 05:00:00,0.0,1009.9734487257028
2021-11-19 06:00:00,0.0,1009.9734487257028
2021-11-19 07:00:00,0.0,1009.9734487257028
2021-11-19 08:00:00,0.0,1009.9734487257028
2021-11-19 09:00:00,0.0,1009.9734487257028
2021-11-19 10:00:00,1.2687339687957229,1009.9523031595562
2021-11-19 11:00:00,0.0,1009.9523031595562
2021-11-19 12:00:00,0.0,1009.9523031595562
2021-11-19 13:00:00,0.0,1009.9523031595562
2021-11-19 14:00:00,0.0,1009.9788544338534
2021-11-19 15:00:00,0.0,1009.9788544338534
2021-11-19 16:00:00,0.0,1009.9788544338534
2021-11-19 17:00:00,0.0,1009.9788544338534
2021-11-19 18:00:00,0.0,1009.9788544338534
2021-11-19 19:00:00,0.0,1009.9788544338534
2021-11-19 20:00:00,0.0,1009.9788544338534
2021-11-19 21:00:00,0.0,1009.9788544338534
2021-11-19 22:00:00,0.0,1010.0
2021-11-19 23:00:00,0.0,1010.0
2021-11-20 00:00:00,0.0,1010.0
2021-11-20 01:00:00,0.0,1010.0
2021-11-20 02:00:00,0.0,1010.0
2021-11-20 03:00:00,0.0,1010.0
2021-11-20 04:00:00,0.0,1010.0
2021-11-20 05:00:00,0.0,1010.0
2021-11-20 06:00:00,0.0,1010.0
2021-11-20 07:00:00,0.0,1010.0
2021-11-20 08:00:00,0.0,1010.0
2021-11-20 09:00:00,0.0,1010.0
2021-11-20 10:00:00,1.0818163302435537,1009.9819697278293
2021-11-20 11:00:00,0.0,1009.9819697278293
2021-11-20 12:00:00,0.0,1009.9819697278293
2021-11-20 13:00:00,0.0,1009.9819697278293
2021-11-20 14:00:00,0.0,1009.9819697278293
2021-11-20 15:00:00,0.0,1009.9819697278293
2021-11-20 16:00:00,0.0,1009.9819697278293
2021-11-20 17:00:00,0.0,1009.9819697278293
2021-11-20 18:00:00,0.0,1009.9819697278293
2021-11-20 19:00:00,0.0,1009.9819697278293
2021-11-20 20:00:00,0.0,1009.9819697278293
2021-11-20 21:00:00,0.0,1009.9819697278293
2021-11-20 22:00:00,0.0,1010.0
2021-11-20 23:00:00,0.0,1010.0
2021-11-21 00:00:00,1.131213045921577,1009.9811464492346
2021-11-21 01:00:00,0.0,1009.9811464492346
2021-11-21 02:00:00,0.0,1009.9811464492346
2021-11-21 03:00:00,1.075170774408746,1009.9632269363278
2021-11-21 04:00:00,0.0,1009.9632269363278
2021-11-21 05:00:00,0.0,1009.9632269363278
2021-11-21 06:00:00,0.0,1009.9632269363278
2021-11-21 07:00:00,0.0,1009.9632269363278
2021-11-21 08:00:00,1.8308839200098772,1009.9327122043277
2021-11-21 09:00:00,1.2034720477343557,1009.9126543368654
2021-11-21 10:00:00,0.0,1009.9126543368654
2021-11-21 11:00:00,0.0,1009.9126543368654
2021-11-21 12:00:00,0.0,1009.9315078876308
2021-11-21 13:00:00,0.0,1009.9315078876308
2021-11-21 14:00:00,1.0263890687407358,1009.9144014031518
2021-11-21 15:00:00,0.0,1009.9323209160585
2021-11-21 16:00:00,0.0,1009.9323209160585
2021-11-21 17:00:00,1.4988476687599417,1009.9073401215793
2021-11-21 18:00:00,1.9691879896418496,1009.8745203217519
2021-11-21 19:00:00,0.0,1009.8745203217519
2021-11-21 20:00:00,0.0,1009.905035053752
2021-11-21 21:00:00,0.0,1009.9250929212143
2021-11-21 22:00:00,0.0,1009.9250929212143
2021-11-21 23:00:00,0.0,1009.9250929212143
2021-11-22 00:00:00,0.0,1009.9250929212143
2021-11-22 01:00:00,0.0,1009.9250929212143
2021-11-22 02:00:00,0.0,1009.9421994056933
2021-11-22 03:00:00,0.0,1009.9421994056933
2021-11-22 04:00:00,0.0,1009.9421994056933
2021-11-22 05:00:00,3.4706533480966293,1009.9093359777044
2021-11-22 06:00:00,0.0,1009.9421557775318
2021-11-22 07:00:00,0.0,1009.9421557775318
2021-11-22 08:00:00,0.0,1009.9421557775318
2021-11-22 09:00:00,0.0,1009.9421557775318
2021-11-22 10:00:00,0.0,1009.9421557775318
2021-11-22 11:00:00,0.0,1009.9421557775318
2021-11-22 12:00:00,0.0,1009.9421557775318
2021-11-22 13:00:00,1.0314878920808312,1009.9249643126637
2021-11-22 14:00:00,0.0,1009.9249643126637
2021-11-22 15:00:00,0.0,1009.9249643126637
2021-11-22 16:00:00,0.0,1009.9249643126637
2021-11-22 17:00:00,0.0,1009.982808535132
2021-11-22 18:00:00,0.0,1009.982808535132
2021-11-22 19:00:00,0.0,1009.982808535132
2021-11-22 20:00:00,1.7895045368094582,1009.9529834595185
2021-11-22 21:00:00,0.0,1009.9529834595185
2021-11-22 22:00:00,1.3663286001123391,1009.9302113161833
2021-11-22 23:00:00,0.0,1009.9302113161833
2021-11-23 00:00:00,1.4637161689151923,1009.9058160467014
2021-11-23 01:00:00,0.0,1009.9230075115694
2021-11-23 02:00:00,0.0,1009.9230075115694
2021-11-23 03:00:00,0.0,1009.9230075115694
2021-11-23 04:00:00,0.0,1009.9230075115694
2021-11-23 05:00:00,0.0,1009.9230075115694
2021-11-23 06:00:00,0.0,1009.9230075115694
2021-11-23 07:00:00,0.0,1009.9230075115694
2021-11-23 08:00:00,1.0718567093967608,1009.9349683086929
2021-11-23 09:00:00,0.0,1009.9349683086929
2021-11-23 10:00:00,0.0,1009.9577404520281
2021-11-23 11:00:00,0.0,1009.9577404520281
2021-11-23 12:00:00,0.0,1009.9821357215101
2021-11-23 13:00:00,0.0,1009.9821357215101
2021-11-23 14:00:00,0.0,1009.9821357215101
2021-11-23 15:00:00,0.0,1009.9821357215101
2021-11-23 16:00:00,1.0219316275391552,1009.9651035277177
2021-11-23 17:00:00,0.0,1009.9651035277177
2021-11-23 18:00:00,0.0,1009.9651035277177
2021-11-23 19:00:00,0.0,1009.9651035277177
2021-11-23 20:00:00,0.0,1009.9829678062076
2021-11-23 21:00:00,0.0,1009.9829678062076
2021-11-23 22:00:00,0.0,1009.9829678062076
2021-11-23 23:00:00,1.2139827129399645,1009.962734760992
2021-11-24 00:00:00,0.0,1009.962734760992
2021-11-24 01:00:00,0.0,1009.962734760992
2021-11-24 02:00:00,0.0,1009.962734760992
2021-11-24 03:00:00,0.0,1009.962734760992
2021-11-24 04:00:00,0.0,1009.9797669547843
2021-11-24 05:00:00,0.0,1009.9797669547843
2021-11-24 06:00:00,0.0,1009.9797669547843
2021-11-24 07:00:00,0.0,1009.9797669547843
2021-11-24 08:00:00,0.0,1009.9797669547843
2021-11-24 09:00:00,0.0,1009.9797669547843
2021-11-24 10:00:00,0.0,1009.9797669547843
2021-11-24 11:00:00,0.0,1010.0
2021-11-24 12:00:00,0.0,1010.0
2021-11-24 13:00:00,0.0,1010.0
2021-11-24 14:00:00,1.180755425141443,1009.9803207429143
2021-11-24 15:00:00,0.0,1009.9803207429143
2021-11-24 16:00:00,0.0,1009.9803207429143
2021-11-24 17:00:00,1.4017024548765935,1009.956959035333
2021-11-24 18:00:00,0.0,1009.956959035333
2021-11-24 19:00:00,0.0,1009.956959035333
2021-11-24 20:00:00,0.0,1009.956959035333
2021-11-24 21:00:00,0.0,1009.956959035333
2021-11-24 22:00:00,0.0,1009.956959035333
2021-11-24 23:00:00,2.4950646753695587,1009.9153746240769
2021-11-25 00:00:00,0.0,1009.9153746240769
2021-11-25 01:00:00,0.0,1009.9153746240769
2021-11-25 02:00:00,0.0,1009.9350538811626
2021-11-25 03:00:00,0.0,1009.9350538811626
2021-11-25 04:00:00,0.0,1009.9350538811626
2021-11-25 05:00:00,0.0,1009.9584155887438
2021-11-25 06:00:00,0.0,1009.9584155887438
2021-11-25 07:00:00,0.0,1009.9584155887438
2021-11-25 08:00:00,1.1003709660713432,1009.9400760726427
2021-11-25 09:00:00,0.0,1009.9400760726427
2021-11-25 10:00:00,0.0,1009.9400760726427
2021-11-25 11:00:00,0.0,1009.9816604838988
2021-11-25 12:00:00,0.0,1009.9816604838988
2021-11-25 13:00:00,2.092180466415379,1009.9467908094585
2021-11-25 14:00:00,0.0,1009.9467908094585
2021-11-25 15:00:00,0.0,1009.9467908094585
2021-11-25 16:00:00,0.0,1009.9467908094585
2021-11-25 17:00:00,0.0,1009.9467908094585
2021-11-25 18:00:00,0.0,1009.9467908094585
2021-11-25 19:00:00,0.0,1009.9467908094585
2021-11-25 20:00:00,0.0,1009.9651303255597
2021-11-25 21:00:00,1.117135619479099,1009.9465113985684
2021-11-25 22:00:00,0.0,1009.9465113985684
2021-11-25 23:00:00,0.0,1009.9465113985684
2021-11-26 00:00:00,0.0,1009.9465113985684
2021-11-26 01:00:00,1.3776768300143192,1009.9584197925085
2021-11-26 02:00:00,0.0,1009.9584197925085
2021-11-26 03:00:00,0.0,1009.9584197925085
2021-11-26 04:00:00,0.0,1009.9584197925085
2021-11-26 05:00:00,0.0,1009.9584197925085
2021-11-26 06:00:00,0.0,1009.9584197925085
2021-11-26 07:00:00,0.0,1009.9584197925085
2021-11-26 08:00:00,0.0,1009.9584197925085
2021-11-26 09:00:00,1.053638475010671,1009.9594780782496
2021-11-26 10:00:00,0.0,1009.9594780782496
2021-11-26 11:00:00,1.4660053613869808,1009.9350446555598
2021-11-26 12:00:00,0.0,1009.9350446555598
2021-11-26 13:00:00,0.0,1009.9580059360601
2021-11-26 14:00:00,0.0,1009.9580059360601
2021-11-26 15:00:00,0.0,1009.9580059360601
2021-11-26 16:00:00,0.0,1009.9580059360601
2021-11-26 17:00:00,0.0,1009.9580059360601
2021-11-26 18:00:00,0.0,1009.9580059360601
2021-11-26 19:00:00,0.0,1009.9580059360601
2021-11-26 20:00:00,0.0,1009.9580059360601
2021-11-26 21:00:00,0.0,1009.9755665773102
2021-11-26 22:00:00,0.0,1009.9755665773102
2021-11-26 23:00:00,0.0,1010.0
2021-11-27 00:00:00,0.0,1010.0
2021-11-27 01:00:00,1.0611509267131942,1009.9823141512214
2021-11-27 02:00:00,0.0,1009.9823141512214
2021-11-27 03:00:00,0.0,1009.9823141512214
2021-11-27 04:00:00,0.0,1009.9823141512214
2021-11-27 05:00:00,0.0,1009.9823141512214
2021-11-27 06:00:00,0.0,1009.9823141512214
2021-11-27 07:00:00,0.0,1009.9823141512214
2021-11-27 08:00:00,0.0,1009.9823141512214
2021-11-27 09:00:00,0.0,1009.9823141512214
2021-11-27 10:00:00,0.0,1009.9823141512214
2021-11-27 11:00:00,0.0,1009.9823141512214
2021-11-27 12:00:00,0.0,1009.9823141512214
2021-11-27 13:00:00,0.0,1010.0
2021-11-27 14:00:00,0.0,1010.0
2021-11-27 15:00:00,0.0,1010.0
2021-11-27 16:00:00,0.0,1010.0
2021-11-27 17:00:00,0.0,1010.0
2021-11-27 18:00:00,0.0,1010.0
2021-11-27 19:00:00,0.0,1010.0
2021-11-27 20:00:00,0.0,1010.0
2021-11-27 21:00:00,0.0,1010.0
2021-11-27 22:00:00,0.0,1010.0
2021-11-27 23:00:00,0.0,1010.0
2021-11-28 00:00:00,0.0,1010.0
2021-11-28 01:00:00,0.0,1010.0
2021-11-28 02:00:00,0.0,1010.0
2021-11-28 03:00:00,2.558639950614988,1009.9573560008231
2021-11-28 04:00:00,0.0,1009.9573560008231
2021-11-28 05:00:00,0.0,1009.9573560008231
2021-11-28 06:00:00,0.0,1009.9573560008231
2021-11-28 07:00:00,0.0,1009.9573560008231
2021-11-28 08:00:00,0.0,1009.9573560008231
2021-11-28 09:00:00,0.0,1009.9573560008231
2021-11-28 10:00:00,0.0,1009.9573560008231
2021-11-28 11:00:00,0.0,1009.9573560008231
2021-11-28 12:00:00,0.0,1009.9573560008231
2021-11-28 13:00:00,0.0,1009.9573560008231
2021-11-28 14:00:00,0.0,1009.9573560008231
2021-11-28 15:00:00,0.0,1010.0
2021-11-28 16:00:00,0.0,1010.0
2021-11-28 17:00:00,0.0,1010.0
2021-11-28 18:00:00,0.0,1010.0
2021-11-28 19:00:00,0.0,1010.0
2021-11-28 20:00:00,0.0,1010.0
2021-11-28 21:00:00,0.0,1010.0
2021-11-28 22:00:00,0.0,1010.0
2021-11-28 23:00:00,0.0,1010.0
2021-11-29 00:00:00,1.302272290326361,1009.9782954618279
2021-11-29 01:00:00,0.0,1009.9782954618279
2021-11-29 02:00:00,0.0,1009.9782954618279
2021-11-29 03:00:00,0.0,1009.9782954618279
2021-11-29 04:00:00,0.0,1009.9782954618279
2021-11-29 05:00:00,0.0,1009.9782954618279
2021-11-29 06:00:00,0.0,1009.9782954618279
2021-11-29 07:00:00,1.1637691634498486,1009.9588993091037
2021-11-29 08:00:00,0.0,1009.9588993091037
2021-11-29 09:00:00,1.7543137811508793,1009.9296607460846
2021-11-29 10:00:00,0.0,1009.9296607460846
2021-11-29 11:00:00,0.0,1009.9296607460846
2021-11-29 12:00:00,0.0,1009.9513652842567
2021-11-29 13:00:00,0.0,1009.9513652842567
2021-11-29 14:00:00,1.0969005323823917,1009.933083608717
2021-11-29 15:00:00,0.0,1009.933083608717
2021-11-29 16:00:00,0.0,1009.933083608717
2021-11-29 17:00:00,1.1426697537572004,1009.914039112821
2021-11-29 18:00:00,0.0,1009.914039112821
2021-11-29 19:00:00,0.0,1009.9334352655452
2021-11-29 20:00:00,0.0,1009.9334352655452
2021-11-29 21:00:00,0.0,1009.9626738285643
2021-11-29 22:00:00,0.0,1009.9626738285643
2021-11-29 23:00:00,0.0,1009.9626738285643
2021-11-30 00:00:00,0.0,1009.9626738285643
2021-11-30 01:00:00,0.0,1009.9626738285643
2021-11-30 02:00:00,0.0,1009.980955504104
2021-11-30 03:00:00,0.0,1009.980955504104
2021-11-30 04:00:00,0.0,1009.980955504104
2021-11-30 05:00:00,0.0,1010.0
2021-11-30 06:00:00,0.0,1010.0
2021-11-30 07:00:00,0.0,1010.0
2021-11-30 08:00:00,0.0,1010.0
2021-11-30 09:00:00,0.0,1010.0
2021-11-30 10:00:00,0.0,1010.0
2021-11-30 11:00:00,0.0,1010.0
2021-11-30 12:00:00,0.0,1010.0
2021-11-30 13:00:00,0.0,1010.0
2021-11-30 14:00:00,0.0,1010.0
2021-11-30 15:00:00,0.0,1010.0
2021-11-30 16:00:00,0.0,1010.0
2021-11-30 17:00:00,0.0,1010.0
2021-11-30 18:00:00,0.0,1010.0
2021-11-30 19:00:00,0.0,1010.0
2021-11-30 20:00:00,0.0,1010.0
2021-11-30 21:00:00,0.0,1010.0
2021-11-30 22:00:00,0.0,1010.0
2021-11-30 23:00:00,0.0,1010.0
2021-12-01 00:00:00,0.0,1010.0
2021-12-01 01:00:00,0.0,1010.0
2021-12-01 02:00:00,0.0,1010.0
2021-12-01 03:00:00,1.171894662222977,1009.9804684222963
2021-12-01 04:00:00,0.0,1009.9804684222963
2021-12-01 05:00:00,0.0,1009.9804684222963
2021-12-01 06:00:00,0.0,1009.9804684222963
2021-12-01 07:00:00,0.0,1009.9804684222963
2021-12-01 08:00:00,0.0,1009.9804684222963
2021-12-01 09:00:00,0.0,1009.9804684222963
2021-12-01 10:00:00,0.0,1009.9804684222963
2021-12-01 11:00:00,0.0,1009.9804684222963
2021-12-01 12:00:00,1.4533411132357053,1009.9562460704091
2021-12-01 13:00:00,0.0,1009.9562460704091
2021-12-01 14:00:00,0.0,1009.9562460704091
2021-12-01 15:00:00,0.0,1009.9757776481127
2021-12-01 16:00:00,0.0,1009.9757776481127
2021-12-01 17:00:00,0.0,1009.9757776481127
2021-12-01 18:00:00,0.0,1009.9757776481127
2021-12-01 19:00:00,0.0,1009.9757776481127
2021-12-01 20:00:00,0.0,1009.9757776481127
2021-12-01 21:00:00,0.0,1009.9757776481127
2021-12-01 22:00:00,0.0,1009.9757776481127
2021-12-01 23:00:00,0.0,1009.9757776481127
2021-12-02 00:00:00,4.2713939116332655,1009.9288101014728
2021-12-02 01:00:00,0.0,1009.9288101014728
2021-12-02 02:00:00,0.0,1009.9288101014728
2021-12-02 03:00:00,0.0,1009.9288101014728
2021-12-02 04:00:00,0.0,1009.9288101014728
2021-12-02 05:00:00,0.0,1009.9288101014728
2021-12-02 06:00:00,1.2023538176181314,1009.9087708711792
2021-12-02 07:00:00,0.0,1009.9087708711792
2021-12-02 08:00:00,0.0,1009.9087708711792
2021-12-02 09:00:00,0.0,1009.9087708711792
2021-12-02 10:00:00,0.0,1009.9087708711792
2021-12-02 11:00:00,0.0,1009.9087708711792
2021-12-02 12:00:00,1.716493379086752,1009.9513525467216
2021-12-02 13:00:00,0.0,1009.9513525467216
2021-12-02 14:00:00,0.0,1009.9513525467216
2021-12-02 15:00:00,0.0,1009.9513525467216
2021-12-02 16:00:00,0.0,1009.9513525467216
2021-12-02 17:00:00,0.0,1009.9513525467216
2021-12-02 18:00:00,0.0,1009.9713917770152
2021-12-02 19:00:00,0.0,1009.9713917770152
2021-12-02 20:00:00,0.0,1009.9713917770152
2021-12-02 21:00:00,0.0,1009.9713917770152
2021-12-02 22:00:00,0.0,1009.9713917770152
2021-12-02 23:00:00,0.0,1009.9713917770152
2021-12-03 00:00:00,0.0,1010.0
2021-12-03 01:00:00,0.0,1010.0
2021-12-03 02:00:00,0.0,1010.0
2021-12-03 03:00:00,0.0,1010.0
2021-12-03 04:00:00,0.0,1010.0
2021-12-03 05:00:00,0.0,1010.0
2021-12-03 06:00:00,0.0,1010.0
2021-12-03 07:00:00,0.0,1010.0
2021-12-03 08:00:00,0.0,1010.0
2021-12-03 09:00:00,0.0,1010.0
2021-12-03 10:00:00,0.0,1010.0
2021-12-03 11:00:00,0.0,1010.0
2021-12-03 12:00:00,0.0,1010.0
2021-12-03 13:00:00,0.0,1010.0
2021-12-03 14:00:00,0.0,1010.0
2021-12-03 15:00:00,0.0,1010.0
2021-12-03 16:00:00,0.0,1010.0
2021-12-03 17:00:00,0.0,1010.0
2021-12-03 18:00:00,0.0,1010.0
2021-12-03 19:00:00,0.0,1010.0
2021-12-03 20:00:00,0.0,1010.0
2021-12-03 21:00:00,1.1020329415454393,1009.9816327843075
2021-12-03 22:00:00,0.0,1009.9816327843075
2021-12-03 23:00:00,0.0,1009.9816327843075
2021-12-04 00:00:00,0.0,1009.9816327843075
2021-12-04 01:00:00,0.0,1009.9816327843075
2021-12-04 02:00:00,0.0,1009.9816327843075
2021-12-04 03:00:00,1.3497204651362642,1009.959137443222
2021-12-04 04:00:00,0.0,1009.959137443222
2021-12-04 05:00:00,1.6413313895398045,1009.931781920063
2021-12-04 06:00:00,0.0,1009.931781920063
2021-12-04 07:00:00,0.0,1009.931781920063
2021-12-04 08:00:00,0.0,1009.931781920063
2021-12-04 09:00:00,1.4803956564459302,1009.9254758748147
2021-12-04 10:00:00,0.0,1009.9254758748147
2021-12-04 11:00:00,0.0,1009.9254758748147
2021-12-04 12:00:00,0.0,1009.9254758748147
2021-12-04 13:00:00,0.0,1009.9254758748147
2021-12-04 14:00:00,0.0,1009.9254758748147
2021-12-04 15:00:00,0.0,1009.9479712159002
2021-12-04 16:00:00,0.0,1009.9479712159002
2021-12-04 17:00:00,0.0,1009.9753267390593
2021-12-04 18:00:00,0.0,1009.9753267390593
2021-12-04 19:00:00,0.0,1009.9753267390593
2021-12-04 20:00:00,0.0,1009.9753267390593
2021-12-04 21:00:00,0.0,1010.0
2021-12-04 22:00:00,0.0,1010.0
2021-12-04 23:00:00,0.0,1010.0
2021-12-05 00:00:00,0.0,1010.0
2021-12-05 01:00:00,0.0,1010.0
2021-12-05 02:00:00,0.0,1010.0
2021-12-05 03:00:00,0.0,1010.0
2021-12-05 04:00:00,0.0,1010.0
2021-12-05 05:00:00,0.0,1010.0
2021-12-05 06:00:00,0.0,1010.0
2021-12-05 07:00:00,0.0,1010.0
2021-12-05 08:00:00,0.0,1010.0
2021-12-05 09:00:00,0.0,1010.0
2021-12-05 10:00:00,1.147478855805919,1009.9808753524032
2021-12-05 11:00:00,0.0,1009.9808753524032
2021-12-05 12:00:00,0.0,1009.9808753524032
2021-12-05 13:00:00,0.0,1009.9808753524032
2021-12-05 14:00:00,0.0,1009.9808753524032
2021-12-05 15:00:00,1.108406276655622,1009.962401914459
2021-12-05 16:00:00,0.0,1009.962401914459
2021-12-05 17:00:00,0.0,1009.962401914459
2021-12-05 18:00:00,0.0,1009.962401914459
2021-12-05 19:00:00,0.0,1009.962401914459
2021-12-05 20:00:00,0.0,1009.962401914459
2021-12-05 21:00:00,0.0,1009.962401914459
2021-12-05 22:00:00,0.0,1009.9815265620557
2021-12-05 23:00:00,0.0,1009.9815265620557
2021-12-06 00:00:00,0.0,1009.9815265620557
2021-12-06 01:00:00,0.0,1009.9815265620557
2021-12-06 02:00:00,0.0,1009.9815265620557
2021-12-06 03:00:00,0.0,1010.0
2021-12-06 04:00:00,0.0,1010.0
2021-12-06 05:00:00,0.0,1010.0
2021-12-06 06:00:00,0.0,1010.0
2021-12-06 07:00:00,0.0,1010.0
2021-12-06 08:00:00,0.0,1010.0
2021-12-06 09:00:00,0.0,1010.0
2021-12-06 10:00:00,0.0,1010.0
2021-12-06 11:00:00,0.0,1010.0
2021-12-06 12:00:00,0.0,1010.0
2021-12-06 13:00:00,0.0,1010.0
2021-12-06 14:00:00,0.0,1010.0
2021-12-06 15:00:00,0.0,1010.0
2021-12-06 16:00:00,1.3788799140081869,1009.9770186680998
2021-12-06 17:00:00,0.0,1009.9770186680998
2021-12-06 18:00:00,0.0,1009.9770186680998
2021-12-06 19:00:00,0.0,1009.9770186680998
2021-12-06 20:00:00,0.0,1009.9770186680998
2021-12-06 21:00:00,0.0,1009.9770186680998
2021-12-06 22:00:00,0.0,1009.9770186680998
2021-12-06 23:00:00,0.0,1009.9770186680998
2021-12-07 00:00:00,0.0,1009.9770186680998
2021-12-07 01:00:00,0.0,1009.9770186680998
2021-12-07 02:00:00,0.0,1009.9770186680998
2021-12-07 03:00:00,0.0,1009.9770186680998
2021-12-07 04:00:00,0.0,1010.0
2021-12-07 05:00:00,0.0,1010.0
2021-12-07 06:00:00,0.0,1010.0
2021-12-07 07:00:00,0.0,1010.0
2021-12-07 08:00:00,2.3781632013272143,1009.9603639466445
2021-12-07 09:00:00,0.0,1009.9603639466445
2021-12-07 10:00:00,0.0,1009.9603639466445
2021-12-07 11:00:00,2.8073924394128076,1009.9135740726543
2021-12-07 12:00:00,0.0,1009.9135740726543
2021-12-07 13:00:00,0.0,1009.9135740726543
2021-12-07 14:00:00,0.0,1009.9135740726543
2021-12-07 15:00:00,0.0,1009.9135740726543
2021-12-07 16:00:00,0.0,1009.9135740726543
2021-12-07 17:00:00,0.0,1009.9135740726543
2021-12-07 18:00:00,0.0,1009.9135740726543
2021-12-07 19:00:00,0.0,1009.9135740726543
2021-12-07 20:00:00,0.0,1009.9532101260098
2021-12-07 21:00:00,0.0,1009.9532101260098
2021-12-07 22:00:00,0.0,1009.9532101260098
2021-12-07 23:00:00,0.0,1010.0
2021-12-08 00:00:00,0.0,1010.0
2021-12-08 01:00:00,0.0,1010.0
2021-12-08 02:00:00,0.0,1010.0
2021-12-08 03:00:00,0.0,1010.0
2021-12-08 04:00:00,1.9822941425491307,1009.9669617642909
2021-12-08 05:00:00,1.9150452110183624,1009.9350443441072
2021-12-08 06:00:00,3.0314154763169503,1009.8845207528352
2021-12-08 07:00:00,0.0,1009.8845207528352
2021-12-08 08:00:00,0.0,1009.8845207528352
2021-12-08 09:00:00,0.0,1009.8845207528352
2021-12-08 10:00:00,0.0,1009.8845207528352
2021-12-08 11:00:00,0.0,1009.8845207528352
2021-12-08 12:00:00,1.7946517729263087,1009.8546098899532
2021-12-08 13:00:00,0.0,1009.8546098899532
2021-12-08 14:00:00,1.2048545483281177,1009.8345289808143
2021-12-08 15:00:00,0.0,1009.8345289808143
2021-12-08 16:00:00,0.0,1009.8675672165235
2021-12-08 17:00:00,1.568251168067893,1009.8733471172393
2021-12-08 18:00:00,0.0,1009.9238707085113
2021-12-08 19:00:00,0.0,1009.9238707085113
2021-12-08 20:00:00,0.0,1009.9238707085113
2021-12-08 21:00:00,0.0,1009.9238707085113
2021-12-08 22:00:00,1.5967847334832528,1009.89725762962
2021-12-08 23:00:00,0.0,1009.89725762962
2021-12-09 00:00:00,0.0,1009.927168492502
2021-12-09 01:00:00,0.0,1009.927168492502
2021-12-09 02:00:00,0.0,1009.9472494016408
2021-12-09 03:00:00,0.0,1009.9472494016408
2021-12-09 04:00:00,0.0,1009.9472494016408
2021-12-09 05:00:00,2.659316959860978,1009.9290649717776
2021-12-09 06:00:00,0.0,1009.9290649717776
2021-12-09 07:00:00,0.0,1009.9290649717776
2021-12-09 08:00:00,0.0,1009.9290649717776
2021-12-09 09:00:00,2.6231450098156115,1009.8853458882807
2021-12-09 10:00:00,0.0,1009.911958967172
2021-12-09 11:00:00,1.2986750845440715,1009.8903143824297
2021-12-09 12:00:00,0.0,1009.8903143824297
2021-12-09 13:00:00,0.0,1009.8903143824297
2021-12-09 14:00:00,0.0,1009.8903143824297
2021-12-09 15:00:00,0.0,1009.8903143824297
2021-12-09 16:00:00,0.0,1009.8903143824297
2021-12-09 17:00:00,0.0,1009.9346363317607
2021-12-09 18:00:00,0.0,1009.9346363317607
2021-12-09 19:00:00,1.3274392239217234,1009.9125123446953
2021-12-09 20:00:00,0.0,1009.9125123446953
2021-12-09 21:00:00,1.1691975200938534,1009.9367448028573
2021-12-09 22:00:00,0.0,1009.9367448028573
2021-12-09 23:00:00,0.0,1009.9583893875997
2021-12-10 00:00:00,0.0,1009.9583893875997
2021-12-10 01:00:00,0.0,1009.9583893875997
2021-12-10 02:00:00,0.0,1009.9583893875997
2021-12-10 03:00:00,0.0,1009.9583893875997
2021-12-10 04:00:00,0.0,1009.9583893875997
2021-12-10 05:00:00,0.0,1009.9583893875997
2021-12-10 06:00:00,0.0,1009.9583893875997
2021-12-10 07:00:00,1.1219473666539868,1009.9618142518875
2021-12-10 08:00:00,0.0,1009.9618142518875
2021-12-10 09:00:00,0.0,1009.9813008772225
2021-12-10 10:00:00,1.062463986329342,1009.963593144117
2021-12-10 11:00:00,0.0,1009.963593144117
2021-12-10 12:00:00,0.0,1009.963593144117
2021-12-10 13:00:00,0.0,1009.963593144117
2021-12-10 14:00:00,0.0,1009.963593144117
2021-12-10 15:00:00,0.0,1009.963593144117
2021-12-10 16:00:00,0.0,1009.963593144117
2021-12-10 17:00:00,0.0,1009.963593144117
2021-12-10 18:00:00,0.0,1009.963593144117
2021-12-10 19:00:00,0.0,1009.9822922668945
2021-12-10 20:00:00,0.0,1009.9822922668945
2021-12-10 21:00:00,1.6318928132145722,1009.955094053341
2021-12-10 22:00:00,0.0,1009.9728017864464
2021-12-10 23:00:00,2.4004263643044546,1009.9327946803746
2021-12-11 00:00:00,0.0,1009.9327946803746
2021-12-11 01:00:00,0.0,1009.9327946803746
2021-12-11 02:00:00,7.298489902717932,1009.811153181996
2021-12-11 03:00:00,0.0,1009.811153181996
2021-12-11 04:00:00,0.0,1009.811153181996
2021-12-11 05:00:00,5.732783667915337,1009.7156067875308
2021-12-11 06:00:00,0.0,1009.7156067875308
2021-12-11 07:00:00,0.0,1009.7156067875308
2021-12-11 08:00:00,0.0,1009.7156067875308
2021-12-11 09:00:00,1.8264587301347808,1009.7123640222488
2021-12-11 10:00:00,0.0,1009.7123640222488
2021-12-11 11:00:00,0.0,1009.7523711283205
2021-12-11 12:00:00,1.0846134552163327,1009.7342942374003
2021-12-11 13:00:00,0.0,1009.7342942374003
2021-12-11 14:00:00,0.0,1009.8559357357789
2021-12-11 15:00:00,0.0,1009.8559357357789
2021-12-11 16:00:00,0.0,1009.8559357357789
2021-12-11 17:00:00,0.0,1009.9514821302441
2021-12-11 18:00:00,0.0,1009.9514821302441
2021-12-11 19:00:00,0.0,1009.9514821302441
2021-12-11 20:00:00,0.0,1009.9514821302441
2021-12-11 21:00:00,0.0,1009.9819231090797
2021-12-11 22:00:00,0.0,1009.9819231090797
2021-12-11 23:00:00,0.0,1009.9819231090797
2021-12-12 00:00:00,0.0,1010.0
2021-12-12 01:00:00,0.0,1010.0
2021-12-12 02:00:00,0.0,1010.0
2021-12-12 03:00:00,0.0,1010.0
2021-12-12 04:00:00,0.0,1010.0
2021-12-12 05:00:00,0.0,1010.0
2021-12-12 06:00:00,0.0,1010.0
2021-12-12 07:00:00,0.0,1010.0
2021-12-12 08:00:00,0.0,1010.0
2021-12-12 09:00:00,0.0,1010.0
2021-12-12 10:00:00,0.0,1010.0
2021-12-12 11:00:00,0.0,1010.0
2021-12-12 12:00:00,0.0,1010.0
2021-12-12 13:00:00,0.0,1010.0
2021-12-12 14:00:00,0.0,1010.0
2021-12-12 15:00:00,0.0,1010.0
2021-12-12 16:00:00,0.0,1010.0
2021-12-12 17:00:00,1.1573261797601164,1009.9807112303373
2021-12-12 18:00:00,0.0,1009.9807112303373
2021-12-12 19:00:00,0.0,1009.9807112303373
2021-12-12 20:00:00,0.0,1009.9807112303373
2021-12-12 21:00:00,0.0,1009.9807112303373
2021-12-12 22:00:00,0.0,1009.9807112303373
2021-12-12 23:00:00,0.0,1009.9807112303373
2021-12-13 00:00:00,0.0,1009.9807112303373
2021-12-13 01:00:00,0.0,1009.9807112303373
2021-12-13 02:00:00,0.0,1009.9807112303373
2021-12-13 03:00:00,2.4563308185084853,1009.9397723833622
2021-12-13 04:00:00,1.9826116185562843,1009.9067288563863
2021-12-13 05:00:00,0.0,1009.926017626049
2021-12-13 06:00:00,0.0,1009.926017626049
2021-12-13 07:00:00,0.0,1009.926017626049
2021-12-13 08:00:00,0.0,1009.926017626049
2021-12-13 09:00:00,0.0,1009.926017626049
2021-12-13 10:00:00,0.0,1009.926017626049
2021-12-13 11:00:00,0.0,1009.926017626049
2021-12-13 12:00:00,0.0,1009.926017626049
2021-12-13 13:00:00,0.0,1009.926017626049
2021-12-13 14:00:00,2.579340771544894,1009.8830286131898
2021-12-13 15:00:00,0.0,1009.9239674601649
2021-12-13 16:00:00,0.0,1009.957010987141
2021-12-13 17:00:00,0.0,1009.957010987141
2021-12-13 18:00:00,0.0,1009.957010987141
2021-12-13 19:00:00,0.0,1009.957010987141
2021-12-13 20:00:00,0.0,1009.957010987141
2021-12-13 21:00:00,0.0,1009.957010987141
2021-12-13 22:00:00,2.2278666583547624,1009.9198798761684
2021-12-13 23:00:00,0.0,1009.9198798761684
2021-12-14 00:00:00,0.0,1009.9198798761684
2021-12-14 01:00:00,0.0,1009.9198798761684
2021-12-14 02:00:00,0.0,1009.9628688890274
2021-12-14 03:00:00,0.0,1009.9628688890274
2021-12-14 04:00:00,0.0,1009.9628688890274
2021-12-14 05:00:00,0.0,1009.9628688890274
2021-12-14 06:00:00,0.0,1009.9628688890274
2021-12-14 07:00:00,0.0,1009.9628688890274
2021-12-14 08:00:00,0.0,1009.9628688890274
2021-12-14 09:00:00,1.7603967239824305,1009.9335289436277
2021-12-14 10:00:00,1.679276161124803,1009.9426721185815
2021-12-14 11:00:00,0.0,1009.9426721185815
2021-12-14 12:00:00,0.0,1009.9426721185815
2021-12-14 13:00:00,0.0,1009.9426721185815
2021-12-14 14:00:00,1.2708740825916833,1009.9214908838717
2021-12-14 15:00:00,0.0,1009.9214908838717
2021-12-14 16:00:00,1.839049692780506,1009.8908400556587
2021-12-14 17:00:00,0.0,1009.8908400556587
2021-12-14 18:00:00,0.0,1009.8908400556587
2021-12-14 19:00:00,1.4689576355357428,1009.8663574283997
2021-12-14 20:00:00,0.0,1009.8663574283997
2021-12-14 21:00:00,0.0,1009.8956973737994
2021-12-14 22:00:00,0.0,1009.9236853098182
2021-12-14 23:00:00,1.2423808183120983,1009.9029789628463
2021-12-15 00:00:00,0.0,1009.9029789628463
2021-12-15 01:00:00,0.0,1009.9029789628463
2021-12-15 02:00:00,0.0,1009.9241601975561
2021-12-15 03:00:00,0.0,1009.9241601975561
2021-12-15 04:00:00,0.0,1009.9548110257692
2021-12-15 05:00:00,1.8703553327670983,1009.9236384368897
2021-12-15 06:00:00,0.0,1009.9236384368897
2021-12-15 07:00:00,0.0,1009.9481210641487
2021-12-15 08:00:00,0.0,1009.9481210641487
2021-12-15 09:00:00,0.0,1009.9481210641487
2021-12-15 10:00:00,0.0,1009.9481210641487
2021-12-15 11:00:00,0.0,1009.9688274111205
2021-12-15 12:00:00,0.0,1009.9688274111205
2021-12-15 13:00:00,0.0,1009.9688274111205
2021-12-15 14:00:00,0.0,1009.9688274111205
2021-12-15 15:00:00,0.0,1009.9688274111205
2021-12-15 16:00:00,0.0,1009.9688274111205
2021-12-15 17:00:00,0.0,1010.0
2021-12-15 18:00:00,0.0,1010.0
2021-12-15 19:00:00,0.0,1010.0
2021-12-15 20:00:00,0.0,1010.0
2021-12-15 21:00:00,0.0,1010.0
2021-12-15 22:00:00,0.0,1010.0
2021-12-15 23:00:00,0.0,1010.0
2021-12-16 00:00:00,1.0109454802357885,1009.9831509086628
2021-12-16 01:00:00,0.0,1009.9831509086628
2021-12-16 02:00:00,0.0,1009.9831509086628
2021-12-16 03:00:00,1.3698385224429153,1009.960320266622
2021-12-16 04:00:00,0.0,1009.960320266622
2021-12-16 05:00:00,0.0,1009.960320266622
2021-12-16 06:00:00,0.0,1009.960320266622
2021-12-16 07:00:00,0.0,1009.960320266622
2021-12-16 08:00:00,0.0,1009.960320266622
2021-12-16 09:00:00,0.0,1009.960320266622
2021-12-16 10:00:00,0.0,1009.960320266622
2021-12-16 11:00:00,0.0,1009.960320266622
2021-12-16 12:00:00,0.0,1009.9771693579593
2021-12-16 13:00:00,0.0,1009.9771693579593
2021-12-16 14:00:00,1.7741624754139167,1009.9475999833691
2021-12-16 15:00:00,0.0,1009.9704306254098
2021-12-16 16:00:00,0.0,1009.9704306254098
2021-12-16 17:00:00,0.0,1009.9704306254098
2021-12-16 18:00:00,0.0,1009.9704306254098
2021-12-16 19:00:00,0.0,1009.9704306254098
2021-12-16 20:00:00,0.0,1009.9704306254098
2021-12-16 21:00:00,0.0,1009.9704306254098
2021-12-16 22:00:00,0.0,1009.9704306254098
2021-12-16 23:00:00,0.0,1009.9704306254098
2021-12-17 00:00:00,0.0,1009.9704306254098
2021-12-17 01:00:00,0.0,1009.9704306254098
2021-12-17 02:00:00,0.0,1010.0
2021-12-17 03:00:00,0.0,1010.0
2021-12-17 04:00:00,0.0,1010.0
2021-12-17 05:00:00,0.0,1010.0
2021-12-17 06:00:00,0.0,1010.0
2021-12-17 07:00:00,0.0,1010.0
2021-12-17 08:00:00,0.0,1010.0
2021-12-17 09:00:00,0.0,1010.0
2021-12-17 10:00:00,1.3142393115688753,1009.9780960114739
2021-12-17 11:00:00,0.0,1009.9780960114739
2021-12-17 12:00:00,2.5052205922751147,1009.936342334936
2021-12-17 13:00:00,1.5959482182913112,1009.9097431979644
2021-12-17 14:00:00,0.0,1009.9097431979644
2021-12-17 15:00:00,0.0,1009.9097431979644
2021-12-17 16:00:00,1.3858839322857381,1009.8866451324263
2021-12-17 17:00:00,0.0,1009.8866451324263
2021-12-17 18:00:00,1.6636575417155557,1009.858917506731
2021-12-17 19:00:00,0.0,1009.858917506731
2021-12-17 20:00:00,0.0,1009.858917506731
2021-12-17 21:00:00,0.0,1009.858917506731
2021-12-17 22:00:00,0.0,1009.8808214952572
2021-12-17 23:00:00,1.130354496297707,1009.8619822536523
2021-12-18 00:00:00,0.0,1009.9037359301901
2021-12-18 01:00:00,0.0,1009.9303350671616
2021-12-18 02:00:00,0.0,1009.9303350671616
2021-12-18 03:00:00,0.0,1009.9303350671616
2021-12-18 04:00:00,0.0,1009.9534331326997
2021-12-18 05:00:00,0.0,1009.9534331326997
2021-12-18 06:00:00,0.0,1009.981160758395
2021-12-18 07:00:00,0.0,1009.981160758395
2021-12-18 08:00:00,0.0,1009.981160758395
2021-12-18 09:00:00,0.0,1009.981160758395
2021-12-18 10:00:00,0.0,1009.981160758395
2021-12-18 11:00:00,0.0,1010.0
2021-12-18 12:00:00,0.0,1010.0
2021-12-18 13:00:00,0.0,1010.0
2021-12-18 14:00:00,0.0,1010.0
2021-12-18 15:00:00,0.0,1010.0
2021-12-18 16:00:00,0.0,1010.0
2021-12-18 17:00:00,0.0,1010.0
2021-12-18 18:00:00,0.0,1010.0
2021-12-18 19:00:00,0.0,1010.0
2021-12-18 20:00:00,0.0,1010.0
2021-12-18 21:00:00,0.0,1010.0
2021-12-18 22:00:00,0.0,1010.0
2021-12-18 23:00:00,0.0,1010.0
2021-12-19 00:00:00,0.0,1010.0
2021-12-19 01:00:00,1.0682083630773205,1009.9821965272821
2021-12-19 02:00:00,0.0,1009.9821965272821
2021-12-19 03:00:00,0.0,1009.9821965272821
2021-12-19 04:00:00,0.0,1009.9821965272821
2021-12-19 05:00:00,0.0,1009.9821965272821
2021-12-19 06:00:00,0.0,1009.9821965272821
2021-12-19 07:00:00,0.0,1009.9821965272821
2021-12-19 08:00:00,0.0,1009.9821965272821
2021-12-19 09:00:00,0.0,1009.9821965272821
2021-12-19 10:00:00,1.5249999701207346,1009.9567798611133
2021-12-19 11:00:00,0.0,1009.9567798611133
2021-12-19 12:00:00,0.0,1009.9567798611133
2021-12-19 13:00:00,3.39668160333785,1009.9179719737757
2021-12-19 14:00:00,0.0,1009.9179719737757
2021-12-19 15:00:00,0.0,1009.9179719737757
2021-12-19 16:00:00,0.0,1009.9179719737757
2021-12-19 17:00:00,0.0,1009.9179719737757
2021-12-19 18:00:00,1.39423385351495,1009.8947347428838
2021-12-19 19:00:00,0.0,1009.8947347428838
2021-12-19 20:00:00,0.0,1009.8947347428838
2021-12-19 21:00:00,0.0,1009.8947347428838
2021-12-19 22:00:00,0.0,1009.9201514090524
2021-12-19 23:00:00,0.0,1009.9201514090524
2021-12-20 00:00:00,0.0,1009.9201514090524
2021-12-20 01:00:00,0.0,1009.9767627691081
2021-12-20 02:00:00,1.9962788816473873,1009.943491454414
2021-12-20 03:00:00,0.0,1009.943491454414
2021-12-20 04:00:00,0.0,1009.943491454414
2021-12-20 05:00:00,0.0,1009.943491454414
2021-12-20 06:00:00,0.0,1009.9667286853058
2021-12-20 07:00:00,0.0,1009.9667286853058
2021-12-20 08:00:00,0.0,1009.9667286853058
2021-12-20 09:00:00,0.0,1009.9667286853058
2021-12-20 10:00:00,0.0,1009.9667286853058
2021-12-20 11:00:00,0.0,1009.9667286853058
2021-12-20 12:00:00,2.3031061651630473,1009.9283435825531
2021-12-20 13:00:00,0.0,1009.9283435825531
2021-12-20 14:00:00,0.0,1009.9616148972473
2021-12-20 15:00:00,0.0,1009.9616148972473
2021-12-20 16:00:00,1.0647230790777682,1009.9438695125959
2021-12-20 17:00:00,0.0,1009.9438695125959
2021-12-20 18:00:00,1.0733460880562884,1009.9259804111284
2021-12-20 19:00:00,0.0,1009.9259804111284
2021-12-20 20:00:00,0.0,1009.9259804111284
2021-12-20 21:00:00,0.0,1009.9259804111284
2021-12-20 22:00:00,0.0,1009.9259804111284
2021-12-20 23:00:00,1.3496349556545644,1009.9034864952008
2021-12-21 00:00:00,0.0,1009.9418715979535
2021-12-21 01:00:00,0.0,1009.9418715979535
2021-12-21 02:00:00,0.0,1009.9418715979535
2021-12-21 03:00:00,0.0,1009.9418715979535
2021-12-21 04:00:00,1.0153275084607252,1009.9426948574638
2021-12-21 05:00:00,0.0,1009.9426948574638
2021-12-21 06:00:00,0.0,1009.9605839589315
2021-12-21 07:00:00,0.0,1009.9605839589315
2021-12-21 08:00:00,0.0,1009.9605839589315
2021-12-21 09:00:00,0.0,1009.9605839589315
2021-12-21 10:00:00,0.0,1009.9605839589315
2021-12-21 11:00:00,0.0,1009.983077874859
2021-12-21 12:00:00,0.0,1009.983077874859
2021-12-21 13:00:00,0.0,1009.983077874859
2021-12-21 14:00:00,0.0,1009.983077874859
2021-12-21 15:00:00,0.0,1009.983077874859
2021-12-21 16:00:00,3.2920286552559874,1009.9451328557458
2021-12-21 17:00:00,0.0,1009.9451328557458
2021-12-21 18:00:00,0.0,1009.9451328557458
2021-12-21 19:00:00,0.0,1009.9451328557458
2021-12-21 20:00:00,0.0,1009.9451328557458
2021-12-21 21:00:00,0.0,1009.9451328557458
2021-12-21 22:00:00,0.0,1009.9451328557458
2021-12-21 23:00:00,0.0,1009.9451328557458
2021-12-22 00:00:00,0.0,1009.9451328557458
2021-12-22 01:00:00,0.0,1009.9451328557458
2021-12-22 02:00:00,0.0,1009.9451328557458
2021-12-22 03:00:00,0.0,1009.9451328557458
2021-12-22 04:00:00,3.7398838194219586,1009.9376686030097
2021-12-22 05:00:00,0.0,1009.9376686030097
2021-12-22 06:00:00,0.0,1009.9376686030097
2021-12-22 07:00:00,0.0,1009.9376686030097
2021-12-22 08:00:00,0.0,1009.9376686030097
2021-12-22 09:00:00,0.0,1009.9376686030097
2021-12-22 10:00:00,0.0,1009.9376686030097
2021-12-22 11:00:00,1.3963191796833123,1009.9143966166815
2021-12-22 12:00:00,1.4687071115721397,1009.889918164822
2021-12-22 13:00:00,0.0,1009.889918164822
2021-12-22 14:00:00,0.0,1009.889918164822
2021-12-22 15:00:00,1.2278655453707503,1009.8694537390659
2021-12-22 16:00:00,0.0,1009.9317851360562
2021-12-22 17:00:00,0.0,1009.9317851360562
2021-12-22 18:00:00,0.0,1009.9317851360562
2021-12-22 19:00:00,0.0,1009.9317851360562
2021-12-22 20:00:00,0.0,1009.9317851360562
2021-12-22 21:00:00,0.0,1009.9317851360562
2021-12-22 22:00:00,0.0,1009.9317851360562
2021-12-22 23:00:00,0.0,1009.9550571223842
2021-12-23 00:00:00,0.0,1009.9795355742439
2021-12-23 01:00:00,0.0,1009.9795355742439
2021-12-23 02:00:00,0.0,1009.9795355742439
2021-12-23 03:00:00,0.0,1010.0
2021-12-23 04:00:00,0.0,1010.0
2021-12-23 05:00:00,0.0,1010.0
2021-12-23 06:00:00,0.0,1010.0
2021-12-23 07:00:00,0.0,1010.0
2021-12-23 08:00:00,0.0,1010.0
2021-12-23 09:00:00,0.0,1010.0
2021-12-23 10:00:00,0.0,1010.0
2021-12-23 11:00:00,0.0,1010.0
2021-12-23 12:00:00,0.0,1010.0
2021-12-23 13:00:00,0.0,1010.0
2021-12-23 14:00:00,0.0,1010.0
2021-12-23 15:00:00,1.2280570262618604,1009.9795323828956
2021-12-23 16:00:00,0.0,1009.9795323828956
2021-12-23 17:00:00,0.0,1009.9795323828956
2021-12-23 18:00:00,0.0,1009.9795323828956
2021-12-23 19:00:00,0.0,1009.9795323828956
2021-12-23 20:00:00,0.0,1009.9795323828956
2021-12-23 21:00:00,0.0,1009.9795323828956
2021-12-23 22:00:00,0.0,1009.9795323828956
2021-12-23 23:00:00,1.3893149985714146,1009.9563771329194
2021-12-24 00:00:00,0.0,1009.9563771329194
2021-12-24 01:00:00,0.0,1009.9563771329194
2021-12-24 02:00:00,0.0,1009.9563771329194
2021-12-24 03:00:00,0.0,1009.9768447500238
2021-12-24 04:00:00,0.0,1009.9768447500238
2021-12-24 05:00:00,0.0,1009.9768447500238
2021-12-24 06:00:00,1.1087053091123655,1009.9583663282052
2021-12-24 07:00:00,0.0,1009.9583663282052
2021-12-24 08:00:00,0.0,1009.9583663282052
2021-12-24 09:00:00,0.0,1009.9583663282052
2021-12-24 10:00:00,0.0,1009.9583663282052
2021-12-24 11:00:00,0.0,1009.9815215781815
2021-12-24 12:00:00,0.0,1009.9815215781815
2021-12-24 13:00:00,0.0,1009.9815215781815
2021-12-24 14:00:00,5.789957967199029,1009.8850222787281
2021-12-24 15:00:00,0.0,1009.8850222787281
2021-12-24 16:00:00,0.0,1009.8850222787281
2021-12-24 17:00:00,1.5498255308196955,1009.8591918532145
2021-12-24 18:00:00,0.0,1009.877670275033
2021-12-24 19:00:00,0.0,1009.877670275033
2021-12-24 20:00:00,0.0,1009.877670275033
2021-12-24 21:00:00,0.0,1009.877670275033
2021-12-24 22:00:00,0.0,1009.877670275033
2021-12-24 23:00:00,0.0,1009.877670275033
2021-12-25 00:00:00,0.0,1009.877670275033
2021-12-25 01:00:00,0.0,1009.877670275033
2021-12-25 02:00:00,0.0,1009.9741695744864
2021-12-25 03:00:00,0.0,1009.9741695744864
2021-12-25 04:00:00,0.0,1009.9741695744864
2021-12-25 05:00:00,0.0,1010.0
2021-12-25 06:00:00,0.0,1010.0
2021-12-25 07:00:00,3.8075212042714046,1009.9365413132622
2021-12-25 08:00:00,0.0,1009.9365413132622
2021-12-25 09:00:00,0.0,1009.9365413132622
2021-12-25 10:00:00,0.0,1009.9365413132622
2021-12-25 11:00:00,1.9061725295719048,1009.9047717711026
2021-12-25 12:00:00,3.6402862235349396,1009.8441003340437
2021-12-25 13:00:00,1.4560002123984366,1009.819833663837
2021-12-25 14:00:00,0.0,1009.819833663837
2021-12-25 15:00:00,0.0,1009.819833663837
2021-12-25 16:00:00,0.0,1009.819833663837
2021-12-25 17:00:00,0.0,1009.819833663837
2021-12-25 18:00:00,0.0,1009.819833663837
2021-12-25 19:00:00,0.0,1009.883292350575
2021-12-25 20:00:00,0.0,1009.883292350575
2021-12-25 21:00:00,0.0,1009.883292350575
2021-12-25 22:00:00,0.0,1009.883292350575
2021-12-25 23:00:00,0.0,1009.9150618927345
2021-12-26 00:00:00,1.073394529092503,1009.9578434209751
2021-12-26 01:00:00,0.0,1009.9821100911818
2021-12-26 02:00:00,2.670690514534021,1009.9375985826063
2021-12-26 03:00:00,0.0,1009.9375985826063
2021-12-26 04:00:00,0.0,1009.9375985826063
2021-12-26 05:00:00,0.0,1009.9375985826063
2021-12-26 06:00:00,1.1107489221774953,1009.91908610057
2021-12-26 07:00:00,0.0,1009.91908610057
2021-12-26 08:00:00,0.0,1009.91908610057
2021-12-26 09:00:00,0.0,1009.91908610057
2021-12-26 10:00:00,0.0,1009.91908610057
2021-12-26 11:00:00,0.0,1009.91908610057
2021-12-26 12:00:00,0.0,1009.9369760093881
2021-12-26 13:00:00,0.0,1009.9369760093881
2021-12-26 14:00:00,0.0,1009.9814875179637
2021-12-26 15:00:00,0.0,1009.9814875179637
2021-12-26 16:00:00,0.0,1009.9814875179637
2021-12-26 17:00:00,0.0,1009.9814875179637
2021-12-26 18:00:00,0.0,1010.0
2021-12-26 19:00:00,0.0,1010.0
2021-12-26 20:00:00,0.0,1010.0
2021-12-26 21:00:00,1.9862162833681598,1009.9668963952772
2021-12-26 22:00:00,0.0,1009.9668963952772
2021-12-26 23:00:00,0.0,1009.9668963952772
2021-12-27 00:00:00,0.0,1009.9668963952772
2021-12-27 01:00:00,0.0,1009.9668963952772
2021-12-27 02:00:00,0.0,1009.9668963952772
2021-12-27 03:00:00,0.0,1009.9668963952772
2021-12-27 04:00:00,0.0,1009.9668963952772
2021-12-27 05:00:00,1.9054370304742636,1009.935139111436
2021-12-27 06:00:00,0.0,1009.935139111436
2021-12-27 07:00:00,2.6648961765787353,1009.8907241751597
2021-12-27 08:00:00,0.0,1009.8907241751597
2021-12-27 09:00:00,0.0,1009.9238277798825
2021-12-27 10:00:00,1.0410053970302742,1009.906477689932
2021-12-27 11:00:00,0.0,1009.906477689932
2021-12-27 12:00:00,0.0,1009.906477689932
2021-12-27 13:00:00,0.0,1009.906477689932
2021-12-27 14:00:00,0.0,1009.906477689932
2021-12-27 15:00:00,1.2428515689275441,1009.8857634971165
2021-12-27 16:00:00,1.3430243309232992,1009.8633797582678
2021-12-27 17:00:00,0.0,1009.895137042109
2021-12-27 18:00:00,0.0,1009.895137042109
2021-12-27 19:00:00,0.0,1009.9395519783853
2021-12-27 20:00:00,0.0,1009.9395519783853
2021-12-27 21:00:00,0.0,1009.9395519783853
2021-12-27 22:00:00,0.0,1009.9569020683358
2021-12-27 23:00:00,0.0,1009.9569020683358
2021-12-28 00:00:00,0.0,1009.9569020683358
2021-12-28 01:00:00,0.0,1009.9569020683358
2021-12-28 02:00:00,0.0,1009.9569020683358
2021-12-28 03:00:00,1.4682069934373931,1009.953146144594
2021-12-28 04:00:00,0.0,1009.9755298834427
2021-12-28 05:00:00,0.0,1009.9755298834427
2021-12-28 06:00:00,1.731594595949991,1009.9466699735102
2021-12-28 07:00:00,0.0,1009.9466699735102
2021-12-28 08:00:00,0.0,1009.9466699735102
2021-12-28 09:00:00,0.0,1009.9466699735102
2021-12-28 10:00:00,5.163000759868696,1009.8606199608457
2021-12-28 11:00:00,0.0,1009.8606199608457
2021-12-28 12:00:00,0.0,1009.8606199608457
2021-12-28 13:00:00,0.0,1009.8606199608457
2021-12-28 14:00:00,0.0,1009.8606199608457
2021-12-28 15:00:00,0.0,1009.885090077403
2021-12-28 16:00:00,0.0,1009.885090077403
2021-12-28 17:00:00,2.49413183330416,1009.8435212135146
2021-12-28 18:00:00,0.0,1009.8723811234471
2021-12-28 19:00:00,0.0,1009.8723811234471
2021-12-28 20:00:00,0.0,1009.8723811234471
2021-12-28 21:00:00,0.0,1009.8723811234471
2021-12-28 22:00:00,0.0,1009.9584311361116
2021-12-28 23:00:00,0.0,1009.9584311361116
2021-12-29 00:00:00,0.0,1009.9584311361116
2021-12-29 01:00:00,0.0,1009.9584311361116
2021-12-29 02:00:00,0.0,1009.9584311361116
2021-12-29 03:00:00,0.0,1009.9584311361116
2021-12-29 04:00:00,2.514224530292034,1009.9165273939401
2021-12-29 05:00:00,0.0,1009.9580962578285
2021-12-29 06:00:00,0.0,1009.9580962578285
2021-12-29 07:00:00,0.0,1009.9580962578285
2021-12-29 08:00:00,0.0,1009.9580962578285
2021-12-29 09:00:00,0.0,1009.9580962578285
2021-12-29 10:00:00,0.0,1009.9580962578285
2021-12-29 11:00:00,0.0,1009.9580962578285
2021-12-29 12:00:00,0.0,1009.9580962578285
2021-12-29 13:00:00,0.0,1009.9580962578285
2021-12-29 14:00:00,0.0,1009.9580962578285
2021-12-29 15:00:00,0.0,1009.9580962578285
2021-12-29 16:00:00,0.0,1010.0
2021-12-29 17:00:00,0.0,1010.0
2021-12-29 18:00:00,0.0,1010.0
2021-12-29 19:00:00,0.0,1010.0
2021-12-29 20:00:00,0.0,1010.0
2021-12-29 21:00:00,0.0,1010.0
2021-12-29 22:00:00,0.0,1010.0
2021-12-29 23:00:00,0.0,1010.0
2021-12-30 00:00:00,0.0,1010.0
2021-12-30 01:00:00,0.0,1010.0
2021-12-30 02:00:00,0.0,1010.0
2021-12-30 03:00:00,0.0,1010.0
2021-12-30 04:00:00,0.0,1010.0
2021-12-30 05:00:00,0.0,1010.0
2021-12-30 06:00:00,0.0,1010.0
2021-12-30 07:00:00,0.0,1010.0
2021-12-30 08:00:00,0.0,1010.0
2021-12-30 09:00:00,0.0,1010.0
2021-12-30 10:00:00,0.0,1010.0
2021-12-30 11:00:00,0.0,1010.0
2021-12-30 12:00:00,0.0,1010.0
2021-12-30 13:00:00,0.0,1010.0
2021-12-30 14:00:00,0.0,1010.0
2021-12-30 15:00:00,0.0,1010.0
2021-12-30 16:00:00,0.0,1010.0
2021-12-30 17:00:00,0.0,1010.0
2021-12-30 18:00:00,0.0,1010.0
2021-12-30 19:00:00,0.0,1010.0
2021-12-30 20:00:00,0.0,1010.0
2021-12-30 21:00:00,0.0,1010.0
2021-12-30 22:00:00,1.1119235073786253,1009.9814679415437
2021-12-30 23:00:00,0.0,1009.9814679415437
2021-12-31 00:00:00,0.0,1009.9814679415437
2021-12-31 01:00:00,0.0,1009.9814679415437
2021-12-31 02:00:00,0.0,1009.9814679415437
2021-12-31 03:00:00,1.1193090886989725,1009.9628127900654
2021-12-31 04:00:00,0.0,1009.9628127900654
2021-12-31 05:00:00,0.0,1009.9628127900654
2021-12-31 06:00:00,0.0,1009.9628127900654
2021-12-31 07:00:00,0.0,1009.9628127900654
2021-12-31 08:00:00,0.0,1009.9628127900654
2021-12-31 09:00:00,0.0,1009.9628127900654
2021-12-31 10:00:00,0.0,1009.9813448485216
2021-12-31 11:00:00,2.456642698309923,1009.9404008035499
2021-12-31 12:00:00,0.0,1009.9404008035499
2021-12-31 13:00:00,0.0,1009.9404008035499
2021-12-31 14:00:00,0.0,1009.9404008035499
2021-12-31 15:00:00,0.0,1009.9590559550281
2021-12-31 16:00:00,0.0,1009.9590559550281
2021-12-31 17:00:00,0.0,1009.9590559550281
2021-12-31 18:00:00,0.0,1009.9590559550281
2021-12-31 19:00:00,0.0,1009.9590559550281
2021-12-31 20:00:00,0.0,1009.9590559550281
2021-12-31 21:00:00,0.0,1009.9590559550281
2021-12-31 22:00:00,0.0,1009.9590559550281
2021-12-31 23:00:00,0.0,1010.0
